{
  "type": "FeatureCollection",
  "features": [
    {
      "type": "Feature",
      "geometry": {
        "type": "Polygon",
        "coordinates": [
          [
            [
              175.29283,
              80.92649
            ],
            [
              175.27138,
              80.9674
            ],
            [
              176.05325,
              80.97671
            ],
            [
              175.99846,
              81.09957
            ],
            [
              175.73406,
              81.09661
            ],
            [
              175.67403,
              81.21944
            ],
            [
              175.40613,
              81.21625
            ],
            [
              175.3406,
              81.33904
            ],
            [
              175.06912,
              81.33561
            ],
            [
              174.97357,
              81.49929
            ],
            [
              174.69712,
              81.49559
            ],
            [
              174.4835,
              81.82281
            ],
            [
              174.19631,
              81.81876
            ],
            [
              174.04655,
              82.02318
            ],
            [
              173.75236,
              82.01881
            ],
            [
              173.58703,
              82.22311
            ],
            [
              173.28553,
              82.21841
            ],
            [
              173.14046,
              82.38173
            ],
            [
              172.83296,
              82.37671
            ],
            [
              172.63426,
              82.58069
            ],
            [
              172.31886,
              82.57531
            ],
            [
              172.27608,
              82.61607
            ],
            [
              171.95944,
              82.61044
            ],
            [
              171.86897,
              82.69189
            ],
            [
              171.54937,
              82.68596
            ],
            [
              171.45333,
              82.76733
            ],
            [
              171.13074,
              82.76111
            ],
            [
              171.08011,
              82.80176
            ],
            [
              170.75632,
              82.79527
            ],
            [
              170.54067,
              82.95766
            ],
            [
              170.21021,
              82.95079
            ],
            [
              170.09486,
              83.03187
            ],
            [
              169.76134,
              83.02468
            ],
            [
              169.57743,
              83.14614
            ],
            [
              168.56415,
              83.12275
            ],
            [
              168.49561,
              83.16309
            ],
            [
              168.15752,
              83.15477
            ],
            [
              167.71673,
              83.39629
            ],
            [
              166.67258,
              83.36894
            ],
            [
              166.75426,
              83.32887
            ],
            [
              166.41013,
              83.31933
            ],
            [
              166.57444,
              83.23928
            ],
            [
              166.91471,
              83.24871
            ],
            [
              167.37391,
              83.00797
            ],
            [
              167.70392,
              83.01684
            ],
            [
              167.77559,
              82.97663
            ],
            [
              168.10462,
              82.98522
            ],
            [
              168.17368,
              82.94495
            ],
            [
              168.50169,
              82.95326
            ],
            [
              168.56817,
              82.91293
            ],
            [
              168.89515,
              82.92097
            ],
            [
              169.08481,
              82.7998
            ],
            [
              169.40719,
              82.80748
            ],
            [
              169.52666,
              82.72658
            ],
            [
              169.84623,
              82.73394
            ],
            [
              169.95964,
              82.65294
            ],
            [
              170.27642,
              82.66
            ],
            [
              170.38399,
              82.5789
            ],
            [
              170.69799,
              82.58565
            ],
            [
              170.79991,
              82.50446
            ],
            [
              171.11114,
              82.51092
            ],
            [
              171.2076,
              82.42965
            ],
            [
              171.51608,
              82.43582
            ],
            [
              171.65215,
              82.31378
            ],
            [
              171.9563,
              82.31964
            ],
            [
              172.16598,
              82.11604
            ],
            [
              172.46284,
              82.12153
            ],
            [
              172.65456,
              81.91774
            ],
            [
              172.94442,
              81.92289
            ],
            [
              173.08528,
              81.75973
            ],
            [
              173.36982,
              81.76457
            ],
            [
              173.53141,
              81.56048
            ],
            [
              173.80945,
              81.56501
            ],
            [
              173.92795,
              81.40164
            ],
            [
              174.20103,
              81.40589
            ],
            [
              174.33664,
              81.20158
            ],
            [
              174.60367,
              81.20553
            ],
            [
              174.70285,
              81.04202
            ],
            [
              174.96526,
              81.04571
            ],
            [
              175.03375,
              80.92304
            ],
            [
              175.29283,
              80.92649
            ]
          ]
        ]
      },
      "properties": {
        "filename": "ch2_sar_ndxl_20250630mpcpnpwest_d_cpr_xx_fp_xx_xxx.tif",
        "pole": "north"
      }
    },
    {
      "type": "Feature",
      "geometry": {
        "type": "Polygon",
        "coordinates": [
          [
            [
              -139.36855,
              80.20596
            ],
            [
              -139.21108,
              80.23704
            ],
            [
              -139.02866,
              80.21022
            ],
            [
              -138.87004,
              80.24115
            ],
            [
              -138.68848,
              80.21415
            ],
            [
              -138.52872,
              80.24491
            ],
            [
              -138.89311,
              80.29898
            ],
            [
              -138.7326,
              80.32985
            ],
            [
              -138.91647,
              80.35682
            ],
            [
              -138.75505,
              80.3877
            ],
            [
              -139.1262,
              80.44154
            ],
            [
              -138.96402,
              80.47251
            ],
            [
              -139.15132,
              80.49937
            ],
            [
              -138.98824,
              80.53036
            ],
            [
              -139.17676,
              80.55721
            ],
            [
              -139.01276,
              80.58822
            ],
            [
              -139.20252,
              80.61505
            ],
            [
              -139.03758,
              80.64607
            ],
            [
              -139.22859,
              80.6729
            ],
            [
              -139.06271,
              80.70393
            ],
            [
              -139.25499,
              80.73074
            ],
            [
              -138.92019,
              80.79277
            ],
            [
              -139.11392,
              80.81966
            ],
            [
              -138.94498,
              80.85065
            ],
            [
              -139.14002,
              80.87753
            ],
            [
              -138.97008,
              80.90853
            ],
            [
              -139.16645,
              80.9354
            ],
            [
              -138.82339,
              80.99735
            ],
            [
              -139.02127,
              81.0243
            ],
            [
              -138.84812,
              81.05525
            ],
            [
              -139.04737,
              81.08219
            ],
            [
              -138.87318,
              81.11316
            ],
            [
              -139.0738,
              81.14009
            ],
            [
              -138.89856,
              81.17107
            ],
            [
              -139.10059,
              81.19798
            ],
            [
              -138.92428,
              81.22898
            ],
            [
              -139.12773,
              81.25588
            ],
            [
              -138.95034,
              81.28689
            ],
            [
              -139.36141,
              81.34056
            ],
            [
              -139.18312,
              81.37168
            ],
            [
              -139.39077,
              81.39845
            ],
            [
              -139.21137,
              81.42959
            ],
            [
              -139.42052,
              81.45634
            ],
            [
              -139.24001,
              81.4875
            ],
            [
              -139.45069,
              81.51424
            ],
            [
              -139.26905,
              81.54541
            ],
            [
              -139.69484,
              81.59874
            ],
            [
              -139.51227,
              81.63003
            ],
            [
              -139.72743,
              81.65663
            ],
            [
              -139.54371,
              81.68793
            ],
            [
              -139.97865,
              81.74097
            ],
            [
              -139.79399,
              81.7724
            ],
            [
              -140.01381,
              81.79884
            ],
            [
              -139.82798,
              81.83028
            ],
            [
              -140.04948,
              81.85671
            ],
            [
              -139.86246,
              81.88817
            ],
            [
              -140.31033,
              81.94087
            ],
            [
              -140.12237,
              81.97245
            ],
            [
              -140.34879,
              81.99872
            ],
            [
              -140.15961,
              82.03032
            ],
            [
              -140.61752,
              82.0827
            ],
            [
              -140.4274,
              82.11443
            ],
            [
              -141.12665,
              82.19235
            ],
            [
              -140.93594,
              82.22432
            ],
            [
              -141.17247,
              82.25014
            ],
            [
              -140.78695,
              82.31403
            ],
            [
              -141.02576,
              82.33993
            ],
            [
              -140.63443,
              82.4037
            ],
            [
              -141.11835,
              82.45555
            ],
            [
              -140.92089,
              82.48752
            ],
            [
              -141.66047,
              82.56462
            ],
            [
              -141.46245,
              82.59684
            ],
            [
              -141.96489,
              82.64776
            ],
            [
              -141.56525,
              82.71239
            ],
            [
              -141.81996,
              82.73787
            ],
            [
              -141.61789,
              82.77016
            ],
            [
              -141.87483,
              82.79561
            ],
            [
              -141.46609,
              82.86016
            ],
            [
              -141.72574,
              82.8857
            ],
            [
              -141.51902,
              82.91795
            ],
            [
              -141.781,
              82.94346
            ],
            [
              -141.57282,
              82.97574
            ],
            [
              -141.83716,
              83.00122
            ],
            [
              -141.62752,
              83.03353
            ],
            [
              -141.89427,
              83.05898
            ],
            [
              -141.68313,
              83.09132
            ],
            [
              -141.95233,
              83.11673
            ],
            [
              -141.73969,
              83.1491
            ],
            [
              -142.01138,
              83.17449
            ],
            [
              -141.79721,
              83.20688
            ],
            [
              -142.34774,
              83.25743
            ],
            [
              -142.13254,
              83.28998
            ],
            [
              -142.41146,
              83.31514
            ],
            [
              -142.1947,
              83.34771
            ],
            [
              -142.76002,
              83.39782
            ],
            [
              -142.54226,
              83.43055
            ],
            [
              -142.82875,
              83.45548
            ],
            [
              -142.6094,
              83.48824
            ],
            [
              -142.89871,
              83.51314
            ],
            [
              -142.67775,
              83.54593
            ],
            [
              -143.26435,
              83.59548
            ],
            [
              -143.484,
              83.56243
            ],
            [
              -143.19023,
              83.53787
            ],
            [
              -143.40831,
              83.50486
            ],
            [
              -143.11743,
              83.48025
            ],
            [
              -143.33395,
              83.44727
            ],
            [
              -143.04591,
              83.42263
            ],
            [
              -143.26089,
              83.38968
            ],
            [
              -142.97562,
              83.365
            ],
            [
              -143.1891,
              83.33209
            ],
            [
              -142.90656,
              83.30736
            ],
            [
              -143.32845,
              83.24151
            ],
            [
              -143.04918,
              83.21687
            ],
            [
              -143.25764,
              83.18394
            ],
            [
              -142.98099,
              83.15926
            ],
            [
              -143.39309,
              83.09336
            ],
            [
              -143.11958,
              83.06876
            ],
            [
              -143.32327,
              83.0358
            ],
            [
              -143.05225,
              83.01116
            ],
            [
              -143.25459,
              82.97823
            ],
            [
              -142.98604,
              82.95356
            ],
            [
              -143.18703,
              82.92066
            ],
            [
              -142.92089,
              82.89595
            ],
            [
              -143.31838,
              82.83012
            ],
            [
              -143.05516,
              82.80549
            ],
            [
              -143.2517,
              82.77257
            ],
            [
              -142.9908,
              82.7479
            ],
            [
              -143.18608,
              82.71501
            ],
            [
              -142.92745,
              82.69031
            ],
            [
              -143.12148,
              82.65744
            ],
            [
              -142.8651,
              82.63271
            ],
            [
              -143.0579,
              82.59987
            ],
            [
              -142.55125,
              82.55018
            ],
            [
              -142.74329,
              82.51749
            ],
            [
              -142.49297,
              82.49254
            ],
            [
              -142.68379,
              82.45988
            ],
            [
              -142.18899,
              82.40978
            ],
            [
              -142.37904,
              82.37725
            ],
            [
              -141.89161,
              82.32681
            ],
            [
              -142.08086,
              82.29441
            ],
            [
              -141.83995,
              82.2691
            ],
            [
              -142.02801,
              82.23673
            ],
            [
              -141.78905,
              82.21138
            ],
            [
              -141.97593,
              82.17904
            ],
            [
              -141.73891,
              82.15367
            ],
            [
              -141.92462,
              82.12135
            ],
            [
              -141.6895,
              82.09595
            ],
            [
              -142.05712,
              82.03128
            ],
            [
              -141.82423,
              82.00596
            ],
            [
              -142.00617,
              81.97361
            ],
            [
              -141.54552,
              81.92279
            ],
            [
              -141.72671,
              81.89057
            ],
            [
              -141.4989,
              81.86507
            ],
            [
              -141.67898,
              81.83287
            ],
            [
              -141.22829,
              81.7817
            ],
            [
              -141.40761,
              81.74962
            ],
            [
              -141.18469,
              81.72395
            ],
            [
              -141.36292,
              81.69189
            ],
            [
              -140.92182,
              81.64038
            ],
            [
              -141.09928,
              81.60845
            ],
            [
              -140.66418,
              81.55666
            ],
            [
              -140.84085,
              81.52484
            ],
            [
              -140.62558,
              81.49886
            ],
            [
              -140.80119,
              81.46707
            ],
            [
              -140.3751,
              81.41496
            ],
            [
              -140.54993,
              81.38329
            ],
            [
              -140.33908,
              81.35715
            ],
            [
              -140.51287,
              81.3255
            ],
            [
              -140.30353,
              81.29935
            ],
            [
              -140.4763,
              81.26771
            ],
            [
              -140.26846,
              81.24154
            ],
            [
              -140.44021,
              81.20992
            ],
            [
              -140.23384,
              81.18374
            ],
            [
              -140.40459,
              81.15214
            ],
            [
              -139.99599,
              81.09962
            ],
            [
              -140.33474,
              81.03657
            ],
            [
              -140.13268,
              81.01033
            ],
            [
              -140.30049,
              80.97879
            ],
            [
              -140.09983,
              80.95254
            ],
            [
              -140.26668,
              80.92101
            ],
            [
              -140.06739,
              80.89474
            ],
            [
              -140.2333,
              80.86323
            ],
            [
              -140.03537,
              80.83695
            ],
            [
              -140.20034,
              80.80545
            ],
            [
              -140.00375,
              80.77915
            ],
            [
              -140.16779,
              80.74768
            ],
            [
              -139.97252,
              80.72136
            ],
            [
              -140.13565,
              80.6899
            ],
            [
              -139.94168,
              80.66357
            ],
            [
              -140.1039,
              80.63213
            ],
            [
              -139.91123,
              80.60579
            ],
            [
              -140.07255,
              80.57436
            ],
            [
              -139.88114,
              80.548
            ],
            [
              -140.04158,
              80.51659
            ],
            [
              -139.85143,
              80.49022
            ],
            [
              -140.01099,
              80.45883
            ],
            [
              -139.63421,
              80.40595
            ],
            [
              -139.79307,
              80.37466
            ],
            [
              -139.60642,
              80.34816
            ],
            [
              -139.76442,
              80.31689
            ],
            [
              -139.57896,
              80.29037
            ],
            [
              -139.73611,
              80.25912
            ],
            [
              -139.36855,
              80.20596
            ]
          ]
        ]
      },
      "properties": {
        "filename": "ch2_sar_ndxl_20250630mpcpnpwest_d_cpr_xx_fp_xx_xxx.tif",
        "pole": "north"
      }
    },
    {
      "type": "Feature",
      "geometry": {
        "type": "Polygon",
        "coordinates": [
          [
            [
              -143.26435,
              83.59548
            ],
            [
              -143.04242,
              83.62843
            ],
            [
              -143.33982,
              83.65308
            ],
            [
              -143.11625,
              83.68606
            ],
            [
              -143.41666,
              83.71067
            ],
            [
              -143.19145,
              83.74369
            ],
            [
              -143.80083,
              83.79264
            ],
            [
              -144.02457,
              83.75936
            ],
            [
              -143.71943,
              83.73511
            ],
            [
              -143.94156,
              83.70186
            ],
            [
              -143.63952,
              83.67756
            ],
            [
              -143.86005,
              83.64435
            ],
            [
              -143.26435,
              83.59548
            ]
          ]
        ]
      },
      "properties": {
        "filename": "ch2_sar_ndxl_20250630mpcpnpwest_d_cpr_xx_fp_xx_xxx.tif",
        "pole": "north"
      }
    },
    {
      "type": "Feature",
      "geometry": {
        "type": "Polygon",
        "coordinates": [
          [
            [
              -143.80083,
              83.79264
            ],
            [
              -143.57467,
              83.82583
            ],
            [
              -143.88375,
              83.85018
            ],
            [
              -144.10913,
              83.81686
            ],
            [
              -143.80083,
              83.79264
            ]
          ]
        ]
      },
      "properties": {
        "filename": "ch2_sar_ndxl_20250630mpcpnpwest_d_cpr_xx_fp_xx_xxx.tif",
        "pole": "north"
      }
    },
    {
      "type": "Feature",
      "geometry": {
        "type": "Polygon",
        "coordinates": [
          [
            [
              -143.88375,
              83.85018
            ],
            [
              -143.65591,
              83.8834
            ],
            [
              -143.96824,
              83.9077
            ],
            [
              -144.19528,
              83.87434
            ],
            [
              -143.88375,
              83.85018
            ]
          ]
        ]
      },
      "properties": {
        "filename": "ch2_sar_ndxl_20250630mpcpnpwest_d_cpr_xx_fp_xx_xxx.tif",
        "pole": "north"
      }
    },
    {
      "type": "Feature",
      "geometry": {
        "type": "Polygon",
        "coordinates": [
          [
            [
              -143.96824,
              83.9077
            ],
            [
              -143.7387,
              83.94096
            ],
            [
              -144.05434,
              83.96521
            ],
            [
              -143.82308,
              83.9985
            ],
            [
              -144.46372,
              84.04672
            ],
            [
              -144.69326,
              84.01315
            ],
            [
              -144.37253,
              83.98927
            ],
            [
              -144.60039,
              83.95574
            ],
            [
              -143.96824,
              83.9077
            ]
          ]
        ]
      },
      "properties": {
        "filename": "ch2_sar_ndxl_20250630mpcpnpwest_d_cpr_xx_fp_xx_xxx.tif",
        "pole": "north"
      }
    },
    {
      "type": "Feature",
      "geometry": {
        "type": "Polygon",
        "coordinates": [
          [
            [
              -137.31176,
              80.1685
            ],
            [
              -137.14846,
              80.1986
            ],
            [
              -136.97253,
              80.17069
            ],
            [
              -136.80814,
              80.20062
            ],
            [
              -136.63316,
              80.17254
            ],
            [
              -136.4677,
              80.2023
            ],
            [
              -136.64275,
              80.23047
            ],
            [
              -136.47633,
              80.26025
            ],
            [
              -136.65245,
              80.28842
            ],
            [
              -136.48507,
              80.3182
            ],
            [
              -136.66228,
              80.34637
            ],
            [
              -136.49391,
              80.37615
            ],
            [
              -136.85158,
              80.43239
            ],
            [
              -136.68228,
              80.46228
            ],
            [
              -137.04433,
              80.51833
            ],
            [
              -136.8741,
              80.54831
            ],
            [
              -137.24062,
              80.60416
            ],
            [
              -136.89718,
              80.66424
            ],
            [
              -137.08225,
              80.6922
            ],
            [
              -136.90894,
              80.72221
            ],
            [
              -137.09521,
              80.75017
            ],
            [
              -136.56868,
              80.83997
            ],
            [
              -136.94512,
              80.89616
            ],
            [
              -136.76744,
              80.9261
            ],
            [
              -136.95749,
              80.95414
            ],
            [
              -136.59871,
              81.01397
            ],
            [
              -136.79011,
              81.0421
            ],
            [
              -136.60899,
              81.07198
            ],
            [
              -136.80167,
              81.10011
            ],
            [
              -136.6194,
              81.12999
            ],
            [
              -136.81338,
              81.15812
            ],
            [
              -136.62994,
              81.18801
            ],
            [
              -137.0218,
              81.24416
            ],
            [
              -136.83727,
              81.27415
            ],
            [
              -137.03518,
              81.30217
            ],
            [
              -136.84946,
              81.33218
            ],
            [
              -137.24933,
              81.3881
            ],
            [
              -137.06249,
              81.41821
            ],
            [
              -137.26448,
              81.44611
            ],
            [
              -137.07642,
              81.47624
            ],
            [
              -137.48462,
              81.53193
            ],
            [
              -137.29542,
              81.56216
            ],
            [
              -137.50166,
              81.58994
            ],
            [
              -137.31121,
              81.62019
            ],
            [
              -137.51894,
              81.64796
            ],
            [
              -137.32723,
              81.67822
            ],
            [
              -137.74712,
              81.73365
            ],
            [
              -137.55424,
              81.76402
            ],
            [
              -137.76645,
              81.79167
            ],
            [
              -137.57227,
              81.82205
            ],
            [
              -137.78605,
              81.8497
            ],
            [
              -137.59055,
              81.88009
            ],
            [
              -137.80594,
              81.90772
            ],
            [
              -137.6091,
              81.93812
            ],
            [
              -138.04462,
              81.99327
            ],
            [
              -137.84658,
              82.02379
            ],
            [
              -138.06676,
              82.05129
            ],
            [
              -137.86735,
              82.08182
            ],
            [
              -138.08922,
              82.10932
            ],
            [
              -137.88842,
              82.13986
            ],
            [
              -138.3372,
              82.19471
            ],
            [
              -138.13516,
              82.22538
            ],
            [
              -138.36211,
              82.25274
            ],
            [
              -138.15866,
              82.28342
            ],
            [
              -138.38741,
              82.31076
            ],
            [
              -138.1825,
              82.34145
            ],
            [
              -138.64533,
              82.396
            ],
            [
              -138.43916,
              82.42681
            ],
            [
              -138.67328,
              82.45401
            ],
            [
              -138.46564,
              82.48485
            ],
            [
              -138.93944,
              82.53909
            ],
            [
              -138.73052,
              82.57005
            ],
            [
              -139.21175,
              82.62401
            ],
            [
              -139.00155,
              82.6551
            ],
            [
              -139.49041,
              82.70876
            ],
            [
              -139.27895,
              82.73999
            ],
            [
              -139.77564,
              82.79335
            ],
            [
              -139.56293,
              82.82472
            ],
            [
              -139.81435,
              82.85131
            ],
            [
              -139.60007,
              82.88269
            ],
            [
              -139.8537,
              82.90927
            ],
            [
              -139.63783,
              82.94067
            ],
            [
              -139.89369,
              82.96723
            ],
            [
              -139.67621,
              82.99865
            ],
            [
              -139.93436,
              83.02518
            ],
            [
              -139.49413,
              83.08797
            ],
            [
              -139.75493,
              83.11461
            ],
            [
              -139.53212,
              83.14597
            ],
            [
              -139.79529,
              83.17259
            ],
            [
              -139.57077,
              83.20397
            ],
            [
              -139.83634,
              83.23057
            ],
            [
              -139.61008,
              83.26197
            ],
            [
              -140.14827,
              83.31497
            ],
            [
              -139.92061,
              83.34652
            ],
            [
              -140.19331,
              83.37293
            ],
            [
              -139.96385,
              83.4045
            ],
            [
              -140.51665,
              83.45712
            ],
            [
              -140.28579,
              83.48884
            ],
            [
              -140.56597,
              83.51505
            ],
            [
              -140.33327,
              83.5468
            ],
            [
              -140.9014,
              83.599
            ],
            [
              -140.66731,
              83.6309
            ],
            [
              -140.95535,
              83.6569
            ],
            [
              -140.71938,
              83.68883
            ],
            [
              -141.30362,
              83.7406
            ],
            [
              -141.06626,
              83.77269
            ],
            [
              -141.36256,
              83.79847
            ],
            [
              -141.12328,
              83.83058
            ],
            [
              -141.72447,
              83.8819
            ],
            [
              -141.96259,
              83.84952
            ],
            [
              -141.66133,
              83.82408
            ],
            [
              -141.89756,
              83.79172
            ],
            [
              -141.59937,
              83.76624
            ],
            [
              -141.83373,
              83.73392
            ],
            [
              -141.53854,
              83.70841
            ],
            [
              -141.77107,
              83.67611
            ],
            [
              -141.47883,
              83.65057
            ],
            [
              -141.70955,
              83.6183
            ],
            [
              -141.13316,
              83.567
            ],
            [
              -141.36262,
              83.53489
            ],
            [
              -141.07837,
              83.50912
            ],
            [
              -141.30606,
              83.47704
            ],
            [
              -141.02456,
              83.45124
            ],
            [
              -141.2505,
              83.41919
            ],
            [
              -140.97168,
              83.39336
            ],
            [
              -141.19591,
              83.36133
            ],
            [
              -140.91973,
              83.33548
            ],
            [
              -141.36267,
              83.27137
            ],
            [
              -141.08954,
              83.24562
            ],
            [
              -141.30831,
              83.21354
            ],
            [
              -141.03771,
              83.18776
            ],
            [
              -141.25488,
              83.15571
            ],
            [
              -140.98676,
              83.12989
            ],
            [
              -141.20234,
              83.09787
            ],
            [
              -140.93666,
              83.07203
            ],
            [
              -141.36272,
              83.00793
            ],
            [
              -141.09987,
              82.98219
            ],
            [
              -141.3104,
              82.95012
            ],
            [
              -141.04989,
              82.92434
            ],
            [
              -141.25893,
              82.8923
            ],
            [
              -141.00072,
              82.8665
            ],
            [
              -141.2083,
              82.83448
            ],
            [
              -140.95235,
              82.80865
            ],
            [
              -141.15847,
              82.77665
            ],
            [
              -140.90475,
              82.7508
            ],
            [
              -141.10944,
              82.71883
            ],
            [
              -140.85791,
              82.69296
            ],
            [
              -141.06119,
              82.66101
            ],
            [
              -140.56419,
              82.60907
            ],
            [
              -140.76643,
              82.57725
            ],
            [
              -140.27708,
              82.525
            ],
            [
              -140.47827,
              82.49332
            ],
            [
              -139.99638,
              82.44075
            ],
            [
              -140.1965,
              82.40921
            ],
            [
              -139.95837,
              82.38284
            ],
            [
              -140.15713,
              82.35131
            ],
            [
              -139.92094,
              82.32492
            ],
            [
              -140.11836,
              82.29342
            ],
            [
              -139.88407,
              82.26701
            ],
            [
              -140.08016,
              82.23552
            ],
            [
              -139.61692,
              82.18255
            ],
            [
              -139.81197,
              82.15119
            ],
            [
              -139.35551,
              82.09792
            ],
            [
              -139.5495,
              82.06669
            ],
            [
              -139.32382,
              82.03998
            ],
            [
              -139.51653,
              82.00876
            ],
            [
              -139.07015,
              81.95519
            ],
            [
              -139.26181,
              81.9241
            ],
            [
              -139.04107,
              81.89724
            ],
            [
              -139.23147,
              81.86616
            ],
            [
              -138.79478,
              81.8123
            ],
            [
              -138.98414,
              81.78134
            ],
            [
              -138.76814,
              81.75433
            ],
            [
              -138.95628,
              81.72339
            ],
            [
              -138.52889,
              81.66924
            ],
            [
              -138.71599,
              81.63841
            ],
            [
              -138.50456,
              81.61127
            ],
            [
              -138.69045,
              81.58046
            ],
            [
              -138.48056,
              81.55331
            ],
            [
              -138.66527,
              81.52251
            ],
            [
              -138.24984,
              81.46807
            ],
            [
              -138.43354,
              81.43738
            ],
            [
              -138.22797,
              81.4101
            ],
            [
              -138.41051,
              81.37942
            ],
            [
              -138.20639,
              81.35213
            ],
            [
              -138.38778,
              81.32147
            ],
            [
              -137.9837,
              81.26676
            ],
            [
              -138.1641,
              81.2362
            ],
            [
              -137.76535,
              81.18126
            ],
            [
              -137.94475,
              81.15082
            ],
            [
              -137.74736,
              81.12329
            ],
            [
              -137.92565,
              81.09285
            ],
            [
              -137.72961,
              81.06532
            ],
            [
              -137.9068,
              81.03489
            ],
            [
              -137.71209,
              81.00735
            ],
            [
              -137.8882,
              80.97694
            ],
            [
              -137.69479,
              80.94939
            ],
            [
              -138.04369,
              80.88851
            ],
            [
              -137.8517,
              80.86104
            ],
            [
              -138.02452,
              80.83057
            ],
            [
              -137.83379,
              80.80309
            ],
            [
              -138.17624,
              80.7421
            ],
            [
              -137.98689,
              80.7147
            ],
            [
              -138.15654,
              80.68418
            ],
            [
              -137.96842,
              80.65678
            ],
            [
              -138.13708,
              80.62626
            ],
            [
              -137.95019,
              80.59886
            ],
            [
              -138.11787,
              80.56835
            ],
            [
              -137.93218,
              80.54094
            ],
            [
              -138.09889,
              80.51045
            ],
            [
              -137.73095,
              80.45551
            ],
            [
              -137.89681,
              80.42511
            ],
            [
              -137.53332,
              80.36997
            ],
            [
              -137.69833,
              80.33968
            ],
            [
              -137.51824,
              80.31205
            ],
            [
              -137.6823,
              80.28177
            ],
            [
              -137.50334,
              80.25414
            ],
            [
              -137.66647,
              80.22386
            ],
            [
              -137.31176,
              80.1685
            ]
          ]
        ]
      },
      "properties": {
        "filename": "ch2_sar_ndxl_20250630mpcpnpwest_d_cpr_xx_fp_xx_xxx.tif",
        "pole": "north"
      }
    },
    {
      "type": "Feature",
      "geometry": {
        "type": "Polygon",
        "coordinates": [
          [
            [
              -144.46372,
              84.04672
            ],
            [
              -144.23158,
              84.08019
            ],
            [
              -144.5567,
              84.10416
            ],
            [
              -144.78794,
              84.07055
            ],
            [
              -144.46372,
              84.04672
            ]
          ]
        ]
      },
      "properties": {
        "filename": "ch2_sar_ndxl_20250630mpcpnpwest_d_cpr_xx_fp_xx_xxx.tif",
        "pole": "north"
      }
    },
    {
      "type": "Feature",
      "geometry": {
        "type": "Polygon",
        "coordinates": [
          [
            [
              -147.06602,
              80.16234
            ],
            [
              -146.93509,
              80.19672
            ],
            [
              -146.73391,
              80.17431
            ],
            [
              -146.60166,
              80.20857
            ],
            [
              -146.401,
              80.18596
            ],
            [
              -146.26742,
              80.22009
            ],
            [
              -146.46847,
              80.24278
            ],
            [
              -146.33434,
              80.27693
            ],
            [
              -146.53673,
              80.29959
            ],
            [
              -146.40206,
              80.33377
            ],
            [
              -146.81051,
              80.37888
            ],
            [
              -146.6757,
              80.41318
            ],
            [
              -146.88179,
              80.43563
            ],
            [
              -146.74643,
              80.46996
            ],
            [
              -146.95392,
              80.49237
            ],
            [
              -146.6811,
              80.56103
            ],
            [
              -146.89046,
              80.58349
            ],
            [
              -146.75298,
              80.61783
            ],
            [
              -146.96379,
              80.64024
            ],
            [
              -146.82574,
              80.67461
            ],
            [
              -147.03802,
              80.69698
            ],
            [
              -146.8994,
              80.73138
            ],
            [
              -147.11316,
              80.7537
            ],
            [
              -146.97397,
              80.78814
            ],
            [
              -147.18924,
              80.81042
            ],
            [
              -146.90864,
              80.8793
            ],
            [
              -147.12591,
              80.90162
            ],
            [
              -146.98449,
              80.93607
            ],
            [
              -147.20332,
              80.95835
            ],
            [
              -146.91818,
              81.02725
            ],
            [
              -147.13908,
              81.04957
            ],
            [
              -146.99535,
              81.08403
            ],
            [
              -147.21787,
              81.10631
            ],
            [
              -147.07352,
              81.1408
            ],
            [
              -147.52295,
              81.18513
            ],
            [
              -147.3785,
              81.21974
            ],
            [
              -147.60545,
              81.24179
            ],
            [
              -147.46039,
              81.27643
            ],
            [
              -147.68903,
              81.29843
            ],
            [
              -147.54336,
              81.33311
            ],
            [
              -147.77371,
              81.35506
            ],
            [
              -147.62742,
              81.38978
            ],
            [
              -148.0928,
              81.43344
            ],
            [
              -147.94646,
              81.46828
            ],
            [
              -148.18152,
              81.48999
            ],
            [
              -146.97105,
              81.76744
            ],
            [
              -147.21209,
              81.78975
            ],
            [
              -146.89779,
              81.85872
            ],
            [
              -147.14135,
              81.88107
            ],
            [
              -146.98279,
              81.91557
            ],
            [
              -147.22831,
              81.93787
            ],
            [
              -147.069,
              81.9724
            ],
            [
              -147.31651,
              81.99465
            ],
            [
              -147.15644,
              82.02921
            ],
            [
              -147.40597,
              82.05141
            ],
            [
              -147.24514,
              82.08601
            ],
            [
              -147.49672,
              82.10816
            ],
            [
              -147.33512,
              82.1428
            ],
            [
              -147.58879,
              82.16489
            ],
            [
              -147.42642,
              82.19957
            ],
            [
              -147.6822,
              82.22161
            ],
            [
              -147.51907,
              82.25632
            ],
            [
              -147.77699,
              82.2783
            ],
            [
              -147.61308,
              82.31306
            ],
            [
              -147.87319,
              82.33498
            ],
            [
              -147.7085,
              82.36978
            ],
            [
              -147.97083,
              82.39165
            ],
            [
              -147.80535,
              82.42648
            ],
            [
              -148.06993,
              82.44829
            ],
            [
              -147.90366,
              82.48316
            ],
            [
              -148.17054,
              82.50492
            ],
            [
              -148.00348,
              82.53983
            ],
            [
              -149.36527,
              82.64664
            ],
            [
              -149.20071,
              82.682
            ],
            [
              -149.75824,
              82.72375
            ],
            [
              -149.59384,
              82.75926
            ],
            [
              -149.87592,
              82.77997
            ],
            [
              -149.71082,
              82.81553
            ],
            [
              -149.99546,
              82.83617
            ],
            [
              -149.66218,
              82.90732
            ],
            [
              -149.95038,
              82.92799
            ],
            [
              -149.78218,
              82.96358
            ],
            [
              -150.07305,
              82.98418
            ],
            [
              -149.56101,
              83.0909
            ],
            [
              -149.8566,
              83.11164
            ],
            [
              -149.68339,
              83.1472
            ],
            [
              -149.9818,
              83.16786
            ],
            [
              -149.63198,
              83.23901
            ],
            [
              -149.93431,
              83.25971
            ],
            [
              -149.75768,
              83.2953
            ],
            [
              -150.06294,
              83.31592
            ],
            [
              -149.70615,
              83.38714
            ],
            [
              -150.01551,
              83.40779
            ],
            [
              -149.83532,
              83.44342
            ],
            [
              -150.14777,
              83.46399
            ],
            [
              -149.96674,
              83.49967
            ],
            [
              -150.28232,
              83.52016
            ],
            [
              -150.10046,
              83.55588
            ],
            [
              -150.74002,
              83.5965
            ],
            [
              -150.55856,
              83.63239
            ],
            [
              -150.88263,
              83.65251
            ],
            [
              -150.70037,
              83.68846
            ],
            [
              -151.02779,
              83.70849
            ],
            [
              -150.84472,
              83.74448
            ],
            [
              -151.17555,
              83.76442
            ],
            [
              -150.99169,
              83.80047
            ],
            [
              -151.326,
              83.82032
            ],
            [
              -151.14134,
              83.85642
            ],
            [
              -151.47919,
              83.87618
            ],
            [
              -151.29375,
              83.91234
            ],
            [
              -151.63521,
              83.932
            ],
            [
              -151.44898,
              83.96821
            ],
            [
              -151.79413,
              83.98777
            ],
            [
              -151.60713,
              84.02404
            ],
            [
              -151.95603,
              84.0435
            ],
            [
              -151.76826,
              84.07982
            ],
            [
              -152.12099,
              84.09918
            ],
            [
              -151.93246,
              84.13556
            ],
            [
              -152.2891,
              84.15482
            ],
            [
              -152.09982,
              84.19126
            ],
            [
              -152.46045,
              84.2104
            ],
            [
              -152.27042,
              84.2469
            ],
            [
              -152.63512,
              84.26594
            ],
            [
              -152.44435,
              84.3025
            ],
            [
              -152.81322,
              84.32143
            ],
            [
              -152.62172,
              84.35805
            ],
            [
              -152.99483,
              84.37686
            ],
            [
              -152.80262,
              84.41354
            ],
            [
              -153.18006,
              84.43224
            ],
            [
              -152.98716,
              84.46898
            ],
            [
              -153.36902,
              84.48756
            ],
            [
              -153.17544,
              84.52437
            ],
            [
              -153.56181,
              84.54282
            ],
            [
              -153.36756,
              84.57969
            ],
            [
              -153.75855,
              84.59803
            ],
            [
              -153.56366,
              84.63496
            ],
            [
              -153.95936,
              84.65317
            ],
            [
              -153.76384,
              84.69017
            ],
            [
              -154.5676,
              84.72606
            ],
            [
              -154.75882,
              84.68881
            ],
            [
              -155.16255,
              84.70624
            ],
            [
              -155.34888,
              84.66881
            ],
            [
              -155.75299,
              84.68585
            ],
            [
              -155.93446,
              84.64824
            ],
            [
              -155.5326,
              84.63132
            ],
            [
              -155.71377,
              84.59378
            ],
            [
              -155.31665,
              84.57672
            ],
            [
              -155.49749,
              84.53924
            ],
            [
              -155.10502,
              84.52204
            ],
            [
              -155.2855,
              84.48463
            ],
            [
              -154.89757,
              84.46729
            ],
            [
              -155.07768,
              84.42995
            ],
            [
              -154.69421,
              84.41247
            ],
            [
              -154.8739,
              84.37519
            ],
            [
              -154.4948,
              84.35759
            ],
            [
              -154.67407,
              84.32037
            ],
            [
              -154.29924,
              84.30264
            ],
            [
              -154.47806,
              84.26549
            ],
            [
              -154.10742,
              84.24763
            ],
            [
              -154.28578,
              84.21054
            ],
            [
              -153.91925,
              84.19256
            ],
            [
              -154.09712,
              84.15553
            ],
            [
              -153.73462,
              84.13743
            ],
            [
              -153.91198,
              84.10046
            ],
            [
              -153.55344,
              84.08225
            ],
            [
              -153.73028,
              84.04534
            ],
            [
              -153.37562,
              84.02701
            ],
            [
              -153.55192,
              83.99015
            ],
            [
              -153.20106,
              83.97171
            ],
            [
              -153.37681,
              83.93492
            ],
            [
              -153.02968,
              83.91636
            ],
            [
              -153.20488,
              83.87963
            ],
            [
              -152.8614,
              83.86097
            ],
            [
              -153.03602,
              83.82429
            ],
            [
              -152.69613,
              83.80552
            ],
            [
              -152.87018,
              83.7689
            ],
            [
              -152.53381,
              83.75003
            ],
            [
              -152.70726,
              83.71346
            ],
            [
              -152.37434,
              83.69449
            ],
            [
              -152.5472,
              83.65797
            ],
            [
              -152.21767,
              83.6389
            ],
            [
              -152.38992,
              83.60244
            ],
            [
              -152.06372,
              83.58327
            ],
            [
              -152.23535,
              83.54687
            ],
            [
              -151.91243,
              83.5276
            ],
            [
              -152.08343,
              83.49125
            ],
            [
              -151.76372,
              83.47189
            ],
            [
              -151.93409,
              83.43559
            ],
            [
              -151.61753,
              83.41614
            ],
            [
              -151.78727,
              83.37989
            ],
            [
              -151.47381,
              83.36035
            ],
            [
              -151.64291,
              83.32415
            ],
            [
              -151.33248,
              83.30452
            ],
            [
              -151.50094,
              83.26837
            ],
            [
              -151.1935,
              83.24865
            ],
            [
              -151.36131,
              83.21256
            ],
            [
              -151.05681,
              83.19275
            ],
            [
              -151.22397,
              83.1567
            ],
            [
              -150.92235,
              83.13681
            ],
            [
              -151.25362,
              83.06476
            ],
            [
              -150.95592,
              83.04489
            ],
            [
              -151.12005,
              83.00889
            ],
            [
              -150.8251,
              82.98894
            ],
            [
              -151.15044,
              82.91697
            ],
            [
              -150.85923,
              82.89704
            ],
            [
              -151.18005,
              82.82506
            ],
            [
              -150.89249,
              82.80515
            ],
            [
              -151.2089,
              82.73315
            ],
            [
              -150.9249,
              82.71327
            ],
            [
              -151.23703,
              82.64125
            ],
            [
              -150.9565,
              82.62139
            ],
            [
              -151.11124,
              82.5854
            ],
            [
              -150.55657,
              82.54535
            ],
            [
              -150.71166,
              82.5095
            ],
            [
              -150.43747,
              82.48931
            ],
            [
              -150.59197,
              82.45351
            ],
            [
              -148.71986,
              82.3082
            ],
            [
              -148.87864,
              82.27303
            ],
            [
              -148.61779,
              82.25172
            ],
            [
              -148.77588,
              82.21659
            ],
            [
              -148.51721,
              82.19521
            ],
            [
              -148.67461,
              82.16012
            ],
            [
              -148.41807,
              82.13869
            ],
            [
              -148.7301,
              82.06853
            ],
            [
              -148.47638,
              82.04714
            ],
            [
              -148.78433,
              81.97694
            ],
            [
              -148.53336,
              81.95558
            ],
            [
              -148.83733,
              81.88536
            ],
            [
              -148.58905,
              81.86404
            ],
            [
              -149.03725,
              81.75857
            ],
            [
              -148.79228,
              81.73737
            ],
            [
              -149.08607,
              81.66698
            ],
            [
              -148.84367,
              81.64582
            ],
            [
              -148.98935,
              81.61063
            ],
            [
              -149.2311,
              81.6317
            ],
            [
              -149.3749,
              81.59638
            ],
            [
              -149.13382,
              81.57539
            ],
            [
              -149.27707,
              81.5401
            ],
            [
              -149.03783,
              81.51906
            ],
            [
              -149.18054,
              81.48381
            ],
            [
              -148.94312,
              81.46271
            ],
            [
              -149.08527,
              81.4275
            ],
            [
              -148.84966,
              81.40634
            ],
            [
              -148.99126,
              81.37117
            ],
            [
              -148.52472,
              81.3286
            ],
            [
              -148.66637,
              81.29355
            ],
            [
              -148.43541,
              81.27214
            ],
            [
              -148.5765,
              81.23713
            ],
            [
              -148.34725,
              81.21567
            ],
            [
              -148.48779,
              81.18069
            ],
            [
              -148.26023,
              81.15918
            ],
            [
              -148.40021,
              81.12423
            ],
            [
              -148.17431,
              81.10267
            ],
            [
              -148.31375,
              81.06776
            ],
            [
              -148.08949,
              81.04615
            ],
            [
              -148.22837,
              81.01127
            ],
            [
              -148.00573,
              80.98961
            ],
            [
              -148.14407,
              80.95477
            ],
            [
              -147.92302,
              80.93306
            ],
            [
              -148.19755,
              80.8634
            ],
            [
              -147.97859,
              80.84172
            ],
            [
              -148.11479,
              80.8069
            ],
            [
              -147.89738,
              80.78517
            ],
            [
              -148.03306,
              80.75039
            ],
            [
              -147.81717,
              80.72861
            ],
            [
              -148.08645,
              80.65906
            ],
            [
              -147.87255,
              80.63732
            ],
            [
              -148.00618,
              80.60255
            ],
            [
              -147.79375,
              80.58077
            ],
            [
              -147.92687,
              80.54603
            ],
            [
              -147.7159,
              80.5242
            ],
            [
              -147.98013,
              80.45474
            ],
            [
              -147.77107,
              80.43295
            ],
            [
              -147.9022,
              80.39823
            ],
            [
              -147.69455,
              80.37639
            ],
            [
              -147.82519,
              80.3417
            ],
            [
              -147.4136,
              80.29781
            ],
            [
              -147.54419,
              80.26323
            ],
            [
              -147.34023,
              80.24119
            ],
            [
              -147.47032,
              80.20664
            ],
            [
              -147.06602,
              80.16234
            ]
          ]
        ]
      },
      "properties": {
        "filename": "ch2_sar_ndxl_20250630mpcpnpwest_d_cpr_xx_fp_xx_xxx.tif",
        "pole": "north"
      }
    },
    {
      "type": "Feature",
      "geometry": {
        "type": "Polygon",
        "coordinates": [
          [
            [
              -144.5567,
              84.10416
            ],
            [
              -144.3228,
              84.13767
            ],
            [
              -144.65151,
              84.16158
            ],
            [
              -144.88447,
              84.12793
            ],
            [
              -144.5567,
              84.10416
            ]
          ]
        ]
      },
      "properties": {
        "filename": "ch2_sar_ndxl_20250630mpcpnpwest_d_cpr_xx_fp_xx_xxx.tif",
        "pole": "north"
      }
    },
    {
      "type": "Feature",
      "geometry": {
        "type": "Polygon",
        "coordinates": [
          [
            [
              -177.93442,
              80.95112
            ],
            [
              -177.92497,
              80.99214
            ],
            [
              -177.14006,
              80.98684
            ],
            [
              -177.11367,
              81.06884
            ],
            [
              -177.37761,
              81.07081
            ],
            [
              -177.34079,
              81.19385
            ],
            [
              -177.60854,
              81.19566
            ],
            [
              -177.57448,
              81.31874
            ],
            [
              -177.84614,
              81.32038
            ],
            [
              -177.80444,
              81.48455
            ],
            [
              -178.08145,
              81.48602
            ],
            [
              -178.05317,
              81.60919
            ],
            [
              -178.33435,
              81.61049
            ],
            [
              -178.30943,
              81.73369
            ],
            [
              -178.5949,
              81.7348
            ],
            [
              -178.57355,
              81.85804
            ],
            [
              -178.86342,
              81.85896
            ],
            [
              -178.84588,
              81.98223
            ],
            [
              -179.14028,
              81.98296
            ],
            [
              -179.13135,
              82.06516
            ],
            [
              -179.42885,
              82.06567
            ],
            [
              -179.4198,
              82.18899
            ],
            [
              -179.72205,
              82.1893
            ],
            [
              -179.71758,
              82.31265
            ],
            [
              179.97529,
              82.31274
            ],
            [
              179.97489,
              82.4361
            ],
            [
              179.66274,
              82.43597
            ],
            [
              179.65713,
              82.55935
            ],
            [
              179.33981,
              82.55899
            ],
            [
              179.32865,
              82.68238
            ],
            [
              179.006,
              82.68179
            ],
            [
              178.98891,
              82.80518
            ],
            [
              178.66078,
              82.80434
            ],
            [
              178.64525,
              82.8866
            ],
            [
              178.31342,
              82.88551
            ],
            [
              178.30358,
              82.92664
            ],
            [
              177.96993,
              82.9253
            ],
            [
              177.94598,
              83.00755
            ],
            [
              177.60853,
              83.00595
            ],
            [
              177.59435,
              83.04707
            ],
            [
              177.25508,
              83.04522
            ],
            [
              177.2387,
              83.08633
            ],
            [
              176.89761,
              83.08423
            ],
            [
              176.86017,
              83.16641
            ],
            [
              176.17048,
              83.16142
            ],
            [
              176.14726,
              83.20248
            ],
            [
              175.80074,
              83.19959
            ],
            [
              175.72297,
              83.32274
            ],
            [
              175.37041,
              83.31955
            ],
            [
              175.34167,
              83.36058
            ],
            [
              174.98729,
              83.35711
            ],
            [
              174.956,
              83.39812
            ],
            [
              174.24406,
              83.39037
            ],
            [
              174.20797,
              83.43133
            ],
            [
              173.85046,
              83.42706
            ],
            [
              173.65162,
              83.63169
            ],
            [
              173.28325,
              83.62701
            ],
            [
              173.19534,
              83.7088
            ],
            [
              172.82281,
              83.70379
            ],
            [
              172.72775,
              83.7855
            ],
            [
              172.35102,
              83.78016
            ],
            [
              172.08945,
              83.98419
            ],
            [
              171.70086,
              83.97839
            ],
            [
              171.40755,
              84.18213
            ],
            [
              171.00646,
              84.17583
            ],
            [
              170.67763,
              84.37922
            ],
            [
              170.26334,
              84.3724
            ],
            [
              170.04543,
              84.4942
            ],
            [
              169.62331,
              84.48693
            ],
            [
              169.3863,
              84.6085
            ],
            [
              168.95617,
              84.60076
            ],
            [
              168.69868,
              84.72206
            ],
            [
              168.26035,
              84.71384
            ],
            [
              167.88477,
              84.87515
            ],
            [
              167.43473,
              84.86635
            ],
            [
              167.12682,
              84.98699
            ],
            [
              166.66814,
              84.97765
            ],
            [
              166.21946,
              85.13796
            ],
            [
              164.81214,
              85.10705
            ],
            [
              164.93775,
              85.06725
            ],
            [
              164.01663,
              85.0452
            ],
            [
              164.14703,
              85.00556
            ],
            [
              164.60318,
              85.01665
            ],
            [
              164.97235,
              84.89731
            ],
            [
              165.42053,
              84.90784
            ],
            [
              165.76319,
              84.78806
            ],
            [
              166.20348,
              84.79804
            ],
            [
              166.62416,
              84.63779
            ],
            [
              167.05361,
              84.64716
            ],
            [
              167.34399,
              84.5266
            ],
            [
              167.76587,
              84.53547
            ],
            [
              168.03501,
              84.41459
            ],
            [
              168.44946,
              84.42298
            ],
            [
              168.69873,
              84.30182
            ],
            [
              169.10589,
              84.30974
            ],
            [
              169.26075,
              84.22881
            ],
            [
              169.66348,
              84.23633
            ],
            [
              170.15453,
              83.95243
            ],
            [
              170.53985,
              83.95933
            ],
            [
              170.85102,
              83.75611
            ],
            [
              171.22492,
              83.76252
            ],
            [
              171.28237,
              83.72182
            ],
            [
              171.65464,
              83.72792
            ],
            [
              171.81562,
              83.60567
            ],
            [
              172.18159,
              83.6114
            ],
            [
              172.37792,
              83.4482
            ],
            [
              172.73554,
              83.45353
            ],
            [
              172.78091,
              83.41269
            ],
            [
              173.1369,
              83.41773
            ],
            [
              173.17956,
              83.37686
            ],
            [
              173.5339,
              83.38162
            ],
            [
              173.57388,
              83.34071
            ],
            [
              173.92656,
              83.34519
            ],
            [
              174.00081,
              83.26332
            ],
            [
              174.3497,
              83.26749
            ],
            [
              174.41801,
              83.18557
            ],
            [
              174.76314,
              83.18945
            ],
            [
              174.79463,
              83.14846
            ],
            [
              175.13809,
              83.15207
            ],
            [
              175.16717,
              83.11106
            ],
            [
              175.50894,
              83.1144
            ],
            [
              175.53567,
              83.07337
            ],
            [
              175.87574,
              83.07645
            ],
            [
              175.90015,
              83.0354
            ],
            [
              176.23851,
              83.03822
            ],
            [
              176.28253,
              82.9561
            ],
            [
              176.61721,
              82.95864
            ],
            [
              176.63691,
              82.91757
            ],
            [
              176.96988,
              82.91986
            ],
            [
              177.00476,
              82.83768
            ],
            [
              177.33411,
              82.83971
            ],
            [
              177.37939,
              82.71642
            ],
            [
              177.70333,
              82.71819
            ],
            [
              177.7417,
              82.59488
            ],
            [
              178.06038,
              82.59639
            ],
            [
              178.09226,
              82.47307
            ],
            [
              178.40584,
              82.47432
            ],
            [
              178.43162,
              82.351
            ],
            [
              178.74022,
              82.35202
            ],
            [
              178.76027,
              82.22869
            ],
            [
              179.06403,
              82.22947
            ],
            [
              179.0787,
              82.10615
            ],
            [
              179.37775,
              82.10671
            ],
            [
              179.38735,
              81.9834
            ],
            [
              179.68182,
              81.98373
            ],
            [
              179.68506,
              81.90153
            ],
            [
              179.97655,
              81.90165
            ],
            [
              179.97702,
              81.73728
            ],
            [
              -179.73731,
              81.73719
            ],
            [
              -179.7399,
              81.65502
            ],
            [
              -179.45707,
              81.65473
            ],
            [
              -179.465,
              81.53149
            ],
            [
              -179.18632,
              81.53101
            ],
            [
              -179.20186,
              81.36672
            ],
            [
              -178.92854,
              81.36606
            ],
            [
              -178.94367,
              81.24288
            ],
            [
              -178.67425,
              81.24202
            ],
            [
              -178.68662,
              81.15992
            ],
            [
              -178.41977,
              81.15889
            ],
            [
              -178.4487,
              80.99473
            ],
            [
              -178.1868,
              80.99353
            ],
            [
              -178.19506,
              80.9525
            ],
            [
              -177.93442,
              80.95112
            ]
          ]
        ]
      },
      "properties": {
        "filename": "ch2_sar_ndxl_20250630mpcpnpwest_d_cpr_xx_fp_xx_xxx.tif",
        "pole": "north"
      }
    },
    {
      "type": "Feature",
      "geometry": {
        "type": "Polygon",
        "coordinates": [
          [
            [
              -144.65151,
              84.16158
            ],
            [
              -144.41584,
              84.19513
            ],
            [
              -145.08331,
              84.24265
            ],
            [
              -145.31701,
              84.20882
            ],
            [
              -144.65151,
              84.16158
            ]
          ]
        ]
      },
      "properties": {
        "filename": "ch2_sar_ndxl_20250630mpcpnpwest_d_cpr_xx_fp_xx_xxx.tif",
        "pole": "north"
      }
    },
    {
      "type": "Feature",
      "geometry": {
        "type": "Polygon",
        "coordinates": [
          [
            [
              -141.72447,
              83.8819
            ],
            [
              -141.48382,
              83.91418
            ],
            [
              -141.78881,
              83.93972
            ],
            [
              -141.54619,
              83.97203
            ],
            [
              -141.8544,
              83.99754
            ],
            [
              -141.60978,
              84.02988
            ],
            [
              -142.23543,
              84.08065
            ],
            [
              -142.47871,
              84.04803
            ],
            [
              -142.16524,
              84.02287
            ],
            [
              -142.40656,
              83.99029
            ],
            [
              -142.09639,
              83.96509
            ],
            [
              -142.33578,
              83.93254
            ],
            [
              -141.72447,
              83.8819
            ]
          ]
        ]
      },
      "properties": {
        "filename": "ch2_sar_ndxl_20250630mpcpnpwest_d_cpr_xx_fp_xx_xxx.tif",
        "pole": "north"
      }
    },
    {
      "type": "Feature",
      "geometry": {
        "type": "Polygon",
        "coordinates": [
          [
            [
              -145.08331,
              84.24265
            ],
            [
              -144.84684,
              84.27638
            ],
            [
              -145.18573,
              84.29999
            ],
            [
              -145.42117,
              84.26611
            ],
            [
              -145.08331,
              84.24265
            ]
          ]
        ]
      },
      "properties": {
        "filename": "ch2_sar_ndxl_20250630mpcpnpwest_d_cpr_xx_fp_xx_xxx.tif",
        "pole": "north"
      }
    },
    {
      "type": "Feature",
      "geometry": {
        "type": "Polygon",
        "coordinates": [
          [
            [
              -145.18573,
              84.29999
            ],
            [
              -144.94748,
              84.33377
            ],
            [
              -145.29024,
              84.35731
            ],
            [
              -145.52744,
              84.32339
            ],
            [
              -145.18573,
              84.29999
            ]
          ]
        ]
      },
      "properties": {
        "filename": "ch2_sar_ndxl_20250630mpcpnpwest_d_cpr_xx_fp_xx_xxx.tif",
        "pole": "north"
      }
    },
    {
      "type": "Feature",
      "geometry": {
        "type": "Polygon",
        "coordinates": [
          [
            [
              -145.29024,
              84.35731
            ],
            [
              -145.05018,
              84.39113
            ],
            [
              -145.3969,
              84.41461
            ],
            [
              -145.63587,
              84.38065
            ],
            [
              -145.29024,
              84.35731
            ]
          ]
        ]
      },
      "properties": {
        "filename": "ch2_sar_ndxl_20250630mpcpnpwest_d_cpr_xx_fp_xx_xxx.tif",
        "pole": "north"
      }
    },
    {
      "type": "Feature",
      "geometry": {
        "type": "Polygon",
        "coordinates": [
          [
            [
              -142.23543,
              84.08065
            ],
            [
              -141.98945,
              84.11316
            ],
            [
              -142.30701,
              84.13842
            ],
            [
              -142.05898,
              84.17096
            ],
            [
              -142.38001,
              84.19618
            ],
            [
              -142.12991,
              84.22876
            ],
            [
              -142.78191,
              84.27893
            ],
            [
              -143.03047,
              84.24606
            ],
            [
              -142.70384,
              84.22121
            ],
            [
              -142.95037,
              84.18839
            ],
            [
              -142.62731,
              84.16349
            ],
            [
              -142.87184,
              84.1307
            ],
            [
              -142.23543,
              84.08065
            ]
          ]
        ]
      },
      "properties": {
        "filename": "ch2_sar_ndxl_20250630mpcpnpwest_d_cpr_xx_fp_xx_xxx.tif",
        "pole": "north"
      }
    },
    {
      "type": "Feature",
      "geometry": {
        "type": "Polygon",
        "coordinates": [
          [
            [
              -145.74654,
              84.43789
            ],
            [
              -145.50577,
              84.4719
            ],
            [
              -145.85952,
              84.49512
            ],
            [
              -146.09911,
              84.46096
            ],
            [
              -145.74654,
              84.43789
            ]
          ]
        ]
      },
      "properties": {
        "filename": "ch2_sar_ndxl_20250630mpcpnpwest_d_cpr_xx_fp_xx_xxx.tif",
        "pole": "north"
      }
    },
    {
      "type": "Feature",
      "geometry": {
        "type": "Polygon",
        "coordinates": [
          [
            [
              -145.85952,
              84.49512
            ],
            [
              -145.61693,
              84.52917
            ],
            [
              -145.97487,
              84.55232
            ],
            [
              -146.21625,
              84.51812
            ],
            [
              -145.85952,
              84.49512
            ]
          ]
        ]
      },
      "properties": {
        "filename": "ch2_sar_ndxl_20250630mpcpnpwest_d_cpr_xx_fp_xx_xxx.tif",
        "pole": "north"
      }
    },
    {
      "type": "Feature",
      "geometry": {
        "type": "Polygon",
        "coordinates": [
          [
            [
              -142.78191,
              84.27893
            ],
            [
              -142.53048,
              84.31168
            ],
            [
              -142.86158,
              84.33663
            ],
            [
              -142.60803,
              84.36942
            ],
            [
              -143.28074,
              84.41904
            ],
            [
              -143.53258,
              84.38596
            ],
            [
              -143.19561,
              84.36139
            ],
            [
              -143.44538,
              84.32835
            ],
            [
              -142.78191,
              84.27893
            ]
          ]
        ]
      },
      "properties": {
        "filename": "ch2_sar_ndxl_20250630mpcpnpwest_d_cpr_xx_fp_xx_xxx.tif",
        "pole": "north"
      }
    },
    {
      "type": "Feature",
      "geometry": {
        "type": "Polygon",
        "coordinates": [
          [
            [
              -145.97487,
              84.55232
            ],
            [
              -145.73044,
              84.58643
            ],
            [
              -146.09267,
              84.60951
            ],
            [
              -146.33586,
              84.57525
            ],
            [
              -145.97487,
              84.55232
            ]
          ]
        ]
      },
      "properties": {
        "filename": "ch2_sar_ndxl_20250630mpcpnpwest_d_cpr_xx_fp_xx_xxx.tif",
        "pole": "north"
      }
    },
    {
      "type": "Feature",
      "geometry": {
        "type": "Polygon",
        "coordinates": [
          [
            [
              -143.28074,
              84.41904
            ],
            [
              -143.0259,
              84.45202
            ],
            [
              -143.36765,
              84.47668
            ],
            [
              -143.62158,
              84.44356
            ],
            [
              -143.28074,
              84.41904
            ]
          ]
        ]
      },
      "properties": {
        "filename": "ch2_sar_ndxl_20250630mpcpnpwest_d_cpr_xx_fp_xx_xxx.tif",
        "pole": "north"
      }
    },
    {
      "type": "Feature",
      "geometry": {
        "type": "Polygon",
        "coordinates": [
          [
            [
              -146.45801,
              84.63237
            ],
            [
              -146.21301,
              84.66667
            ],
            [
              -146.5828,
              84.68946
            ],
            [
              -146.82647,
              84.65501
            ],
            [
              -146.45801,
              84.63237
            ]
          ]
        ]
      },
      "properties": {
        "filename": "ch2_sar_ndxl_20250630mpcpnpwest_d_cpr_xx_fp_xx_xxx.tif",
        "pole": "north"
      }
    },
    {
      "type": "Feature",
      "geometry": {
        "type": "Polygon",
        "coordinates": [
          [
            [
              -143.36765,
              84.47668
            ],
            [
              -143.11065,
              84.5097
            ],
            [
              -143.80526,
              84.55873
            ],
            [
              -144.06034,
              84.52542
            ],
            [
              -143.36765,
              84.47668
            ]
          ]
        ]
      },
      "properties": {
        "filename": "ch2_sar_ndxl_20250630mpcpnpwest_d_cpr_xx_fp_xx_xxx.tif",
        "pole": "north"
      }
    },
    {
      "type": "Feature",
      "geometry": {
        "type": "Polygon",
        "coordinates": [
          [
            [
              -146.5828,
              84.68946
            ],
            [
              -146.33595,
              84.72381
            ],
            [
              -146.7103,
              84.74653
            ],
            [
              -146.95577,
              84.71203
            ],
            [
              -146.5828,
              84.68946
            ]
          ]
        ]
      },
      "properties": {
        "filename": "ch2_sar_ndxl_20250630mpcpnpwest_d_cpr_xx_fp_xx_xxx.tif",
        "pole": "north"
      }
    },
    {
      "type": "Feature",
      "geometry": {
        "type": "Polygon",
        "coordinates": [
          [
            [
              -143.80526,
              84.55873
            ],
            [
              -143.54704,
              84.59193
            ],
            [
              -143.90005,
              84.6163
            ],
            [
              -144.15726,
              84.58295
            ],
            [
              -143.80526,
              84.55873
            ]
          ]
        ]
      },
      "properties": {
        "filename": "ch2_sar_ndxl_20250630mpcpnpwest_d_cpr_xx_fp_xx_xxx.tif",
        "pole": "north"
      }
    },
    {
      "type": "Feature",
      "geometry": {
        "type": "Polygon",
        "coordinates": [
          [
            [
              -146.7103,
              84.74653
            ],
            [
              -146.46159,
              84.78094
            ],
            [
              -146.84061,
              84.80358
            ],
            [
              -147.0879,
              84.76902
            ],
            [
              -146.7103,
              84.74653
            ]
          ]
        ]
      },
      "properties": {
        "filename": "ch2_sar_ndxl_20250630mpcpnpwest_d_cpr_xx_fp_xx_xxx.tif",
        "pole": "north"
      }
    },
    {
      "type": "Feature",
      "geometry": {
        "type": "Polygon",
        "coordinates": [
          [
            [
              -143.90005,
              84.6163
            ],
            [
              -143.63963,
              84.64954
            ],
            [
              -143.99689,
              84.67385
            ],
            [
              -143.73424,
              84.70714
            ],
            [
              -144.46079,
              84.75544
            ],
            [
              -144.72122,
              84.72185
            ],
            [
              -144.35742,
              84.69796
            ],
            [
              -144.61569,
              84.66441
            ],
            [
              -143.90005,
              84.6163
            ]
          ]
        ]
      },
      "properties": {
        "filename": "ch2_sar_ndxl_20250630mpcpnpwest_d_cpr_xx_fp_xx_xxx.tif",
        "pole": "north"
      }
    },
    {
      "type": "Feature",
      "geometry": {
        "type": "Polygon",
        "coordinates": [
          [
            [
              -131.04624,
              80.12455
            ],
            [
              -130.50093,
              80.20488
            ],
            [
              -130.65782,
              80.23599
            ],
            [
              -130.4739,
              80.26266
            ],
            [
              -130.63165,
              80.29379
            ],
            [
              -130.44654,
              80.32045
            ],
            [
              -130.60515,
              80.35159
            ],
            [
              -130.41886,
              80.37824
            ],
            [
              -130.90044,
              80.4715
            ],
            [
              -130.71261,
              80.49831
            ],
            [
              -131.03864,
              80.56029
            ],
            [
              -130.84943,
              80.58718
            ],
            [
              -131.34616,
              80.67986
            ],
            [
              -131.1554,
              80.70691
            ],
            [
              -131.4918,
              80.76849
            ],
            [
              -131.29963,
              80.79563
            ],
            [
              -131.64028,
              80.85708
            ],
            [
              -131.44667,
              80.8843
            ],
            [
              -131.79167,
              80.94561
            ],
            [
              -131.59662,
              80.97292
            ],
            [
              -131.77075,
              81.00355
            ],
            [
              -131.57436,
              81.03084
            ],
            [
              -131.92594,
              81.09205
            ],
            [
              -131.72807,
              81.11943
            ],
            [
              -131.90555,
              81.15
            ],
            [
              -131.70631,
              81.17737
            ],
            [
              -131.88489,
              81.20796
            ],
            [
              -131.68426,
              81.23532
            ],
            [
              -131.86395,
              81.26591
            ],
            [
              -131.66192,
              81.29327
            ],
            [
              -131.84274,
              81.32388
            ],
            [
              -131.63928,
              81.35122
            ],
            [
              -131.82123,
              81.38184
            ],
            [
              -131.61633,
              81.40918
            ],
            [
              -131.79944,
              81.43981
            ],
            [
              -131.59306,
              81.46713
            ],
            [
              -131.96296,
              81.52835
            ],
            [
              -131.75494,
              81.55576
            ],
            [
              -132.12995,
              81.61682
            ],
            [
              -131.92027,
              81.64433
            ],
            [
              -132.10969,
              81.67483
            ],
            [
              -131.89848,
              81.70232
            ],
            [
              -132.08915,
              81.73283
            ],
            [
              -131.87637,
              81.76032
            ],
            [
              -132.06832,
              81.79084
            ],
            [
              -131.85396,
              81.81832
            ],
            [
              -132.24187,
              81.8793
            ],
            [
              -132.02575,
              81.90687
            ],
            [
              -132.22176,
              81.93733
            ],
            [
              -132.00401,
              81.96489
            ],
            [
              -132.40023,
              82.02574
            ],
            [
              -132.18066,
              82.0534
            ],
            [
              -132.38091,
              82.08378
            ],
            [
              -132.15966,
              82.11143
            ],
            [
              -132.56452,
              82.17214
            ],
            [
              -132.34141,
              82.19989
            ],
            [
              -132.54607,
              82.2302
            ],
            [
              -132.32121,
              82.25794
            ],
            [
              -132.7351,
              82.31849
            ],
            [
              -132.50833,
              82.34634
            ],
            [
              -132.7176,
              82.37657
            ],
            [
              -132.48902,
              82.40441
            ],
            [
              -132.91232,
              82.4648
            ],
            [
              -132.68177,
              82.49275
            ],
            [
              -133.11167,
              82.55295
            ],
            [
              -132.87913,
              82.581
            ],
            [
              -133.31581,
              82.64102
            ],
            [
              -133.08125,
              82.66918
            ],
            [
              -133.52491,
              82.729
            ],
            [
              -133.2883,
              82.75727
            ],
            [
              -134.66354,
              82.93478
            ],
            [
              -133.69601,
              83.0495
            ],
            [
              -133.93175,
              83.07917
            ],
            [
              -133.68477,
              83.10766
            ],
            [
              -133.92246,
              83.13733
            ],
            [
              -133.67334,
              83.16582
            ],
            [
              -134.1548,
              83.22507
            ],
            [
              -133.90341,
              83.25368
            ],
            [
              -134.89178,
              83.37123
            ],
            [
              -134.63803,
              83.40022
            ],
            [
              -134.89061,
              83.42942
            ],
            [
              -135.14437,
              83.4003
            ],
            [
              -135.39919,
              83.42925
            ],
            [
              -135.14544,
              83.4585
            ],
            [
              -135.66195,
              83.51626
            ],
            [
              -135.40596,
              83.54565
            ],
            [
              -135.66773,
              83.57446
            ],
            [
              -135.40944,
              83.60385
            ],
            [
              -135.67363,
              83.63266
            ],
            [
              -135.14992,
              83.69132
            ],
            [
              -135.41659,
              83.72027
            ],
            [
              -135.15109,
              83.74953
            ],
            [
              -135.42027,
              83.77848
            ],
            [
              -135.15228,
              83.80774
            ],
            [
              -135.69832,
              83.86551
            ],
            [
              -135.42784,
              83.89491
            ],
            [
              -135.98438,
              83.95239
            ],
            [
              -135.71139,
              83.98195
            ],
            [
              -135.99373,
              84.01061
            ],
            [
              -135.71811,
              84.04017
            ],
            [
              -136.29119,
              84.09735
            ],
            [
              -136.01299,
              84.12706
            ],
            [
              -136.59752,
              84.18393
            ],
            [
              -136.31673,
              84.21379
            ],
            [
              -136.61346,
              84.24215
            ],
            [
              -136.32989,
              84.27202
            ],
            [
              -137.23839,
              84.35659
            ],
            [
              -136.95238,
              84.38677
            ],
            [
              -137.57377,
              84.44265
            ],
            [
              -137.85927,
              84.41216
            ],
            [
              -137.54729,
              84.38446
            ],
            [
              -137.82999,
              84.35399
            ],
            [
              -137.52136,
              84.32627
            ],
            [
              -137.8013,
              84.29581
            ],
            [
              -137.49595,
              84.26808
            ],
            [
              -137.7732,
              84.23764
            ],
            [
              -137.47106,
              84.20989
            ],
            [
              -137.74566,
              84.17947
            ],
            [
              -137.44666,
              84.15171
            ],
            [
              -137.71867,
              84.12129
            ],
            [
              -137.1296,
              84.0656
            ],
            [
              -137.39929,
              84.03534
            ],
            [
              -137.10911,
              84.00741
            ],
            [
              -137.3763,
              83.97716
            ],
            [
              -137.08902,
              83.94922
            ],
            [
              -137.35374,
              83.91899
            ],
            [
              -136.78748,
              83.86293
            ],
            [
              -137.04997,
              83.83285
            ],
            [
              -136.77088,
              83.80474
            ],
            [
              -137.031,
              83.77467
            ],
            [
              -136.75459,
              83.74655
            ],
            [
              -137.01237,
              83.71649
            ],
            [
              -136.46728,
              83.6601
            ],
            [
              -136.72291,
              83.63018
            ],
            [
              -136.45413,
              83.60191
            ],
            [
              -136.7075,
              83.572
            ],
            [
              -136.44121,
              83.54372
            ],
            [
              -136.69237,
              83.51382
            ],
            [
              -136.42853,
              83.48554
            ],
            [
              -136.67751,
              83.45565
            ],
            [
              -136.41607,
              83.42736
            ],
            [
              -136.6629,
              83.39747
            ],
            [
              -136.40383,
              83.36918
            ],
            [
              -136.64856,
              83.33931
            ],
            [
              -136.3918,
              83.311
            ],
            [
              -136.63446,
              83.28114
            ],
            [
              -136.37998,
              83.25283
            ],
            [
              -136.62061,
              83.22298
            ],
            [
              -136.11823,
              83.16622
            ],
            [
              -136.35695,
              83.1365
            ],
            [
              -136.10897,
              83.10806
            ],
            [
              -136.34572,
              83.07834
            ],
            [
              -135.6142,
              82.99262
            ],
            [
              -135.84914,
              82.96315
            ],
            [
              -135.37146,
              82.90563
            ],
            [
              -135.60454,
              82.87629
            ],
            [
              -134.90251,
              82.78948
            ],
            [
              -135.13374,
              82.76038
            ],
            [
              -134.67507,
              82.70215
            ],
            [
              -134.90445,
              82.67317
            ],
            [
              -134.45304,
              82.61472
            ],
            [
              -134.68057,
              82.58586
            ],
            [
              -134.23621,
              82.52719
            ],
            [
              -134.46192,
              82.49844
            ],
            [
              -134.24231,
              82.46906
            ],
            [
              -134.46626,
              82.44031
            ],
            [
              -134.24832,
              82.41093
            ],
            [
              -134.47053,
              82.38218
            ],
            [
              -133.6153,
              82.26405
            ],
            [
              -133.83563,
              82.23563
            ],
            [
              -133.62584,
              82.20595
            ],
            [
              -133.84449,
              82.17752
            ],
            [
              -133.63622,
              82.14785
            ],
            [
              -133.85322,
              82.11942
            ],
            [
              -133.64645,
              82.08975
            ],
            [
              -133.86182,
              82.06132
            ],
            [
              -133.45277,
              82.0019
            ],
            [
              -133.66646,
              81.97357
            ],
            [
              -133.26332,
              81.91396
            ],
            [
              -133.47535,
              81.88574
            ],
            [
              -133.07796,
              81.82595
            ],
            [
              -133.28834,
              81.79783
            ],
            [
              -133.09173,
              81.7679
            ],
            [
              -133.30059,
              81.73977
            ],
            [
              -132.91146,
              81.67982
            ],
            [
              -133.11872,
              81.65179
            ],
            [
              -132.92616,
              81.62178
            ],
            [
              -133.13193,
              81.59375
            ],
            [
              -132.75073,
              81.53365
            ],
            [
              -132.95494,
              81.50572
            ],
            [
              -132.76627,
              81.47563
            ],
            [
              -132.96904,
              81.44769
            ],
            [
              -132.7816,
              81.41761
            ],
            [
              -132.98295,
              81.38966
            ],
            [
              -132.6118,
              81.32944
            ],
            [
              -132.81165,
              81.30159
            ],
            [
              -132.6279,
              81.27144
            ],
            [
              -132.82637,
              81.24358
            ],
            [
              -132.46247,
              81.18322
            ],
            [
              -132.85523,
              81.12758
            ],
            [
              -132.67495,
              81.09746
            ],
            [
              -132.86938,
              81.06958
            ],
            [
              -132.69022,
              81.03948
            ],
            [
              -132.88335,
              81.01159
            ],
            [
              -132.52844,
              80.95132
            ],
            [
              -132.72018,
              80.92352
            ],
            [
              -132.5444,
              80.89335
            ],
            [
              -132.73488,
              80.86555
            ],
            [
              -132.56016,
              80.83538
            ],
            [
              -132.74938,
              80.80758
            ],
            [
              -132.23182,
              80.71687
            ],
            [
              -132.4196,
              80.68924
            ],
            [
              -132.07996,
              80.62855
            ],
            [
              -132.26642,
              80.60101
            ],
            [
              -131.93095,
              80.54018
            ],
            [
              -132.1161,
              80.51272
            ],
            [
              -131.78472,
              80.45175
            ],
            [
              -131.96857,
              80.42437
            ],
            [
              -131.64118,
              80.36328
            ],
            [
              -131.82375,
              80.33598
            ],
            [
              -131.6615,
              80.30541
            ],
            [
              -131.84292,
              80.2781
            ],
            [
              -131.04624,
              80.12455
            ]
          ]
        ]
      },
      "properties": {
        "filename": "ch2_sar_ndxl_20250630mpcpnpwest_d_cpr_xx_fp_xx_xxx.tif",
        "pole": "north"
      }
    },
    {
      "type": "Feature",
      "geometry": {
        "type": "Polygon",
        "coordinates": [
          [
            [
              -137.57377,
              84.44265
            ],
            [
              -137.28512,
              84.473
            ],
            [
              -137.60081,
              84.50084
            ],
            [
              -137.30924,
              84.53121
            ],
            [
              -137.95089,
              84.5867
            ],
            [
              -138.24183,
              84.55603
            ],
            [
              -137.9197,
              84.52852
            ],
            [
              -138.20773,
              84.49787
            ],
            [
              -137.57377,
              84.44265
            ]
          ]
        ]
      },
      "properties": {
        "filename": "ch2_sar_ndxl_20250630mpcpnpwest_d_cpr_xx_fp_xx_xxx.tif",
        "pole": "north"
      }
    },
    {
      "type": "Feature",
      "geometry": {
        "type": "Polygon",
        "coordinates": [
          [
            [
              -137.95089,
              84.5867
            ],
            [
              -137.65664,
              84.61724
            ],
            [
              -138.31226,
              84.67236
            ],
            [
              -138.60578,
              84.64151
            ],
            [
              -137.95089,
              84.5867
            ]
          ]
        ]
      },
      "properties": {
        "filename": "ch2_sar_ndxl_20250630mpcpnpwest_d_cpr_xx_fp_xx_xxx.tif",
        "pole": "north"
      }
    },
    {
      "type": "Feature",
      "geometry": {
        "type": "Polygon",
        "coordinates": [
          [
            [
              -138.31226,
              84.67236
            ],
            [
              -138.01534,
              84.70307
            ],
            [
              -138.34865,
              84.73053
            ],
            [
              -138.64518,
              84.69966
            ],
            [
              -138.31226,
              84.67236
            ]
          ]
        ]
      },
      "properties": {
        "filename": "ch2_sar_ndxl_20250630mpcpnpwest_d_cpr_xx_fp_xx_xxx.tif",
        "pole": "north"
      }
    },
    {
      "type": "Feature",
      "geometry": {
        "type": "Polygon",
        "coordinates": [
          [
            [
              140.2025,
              80.21843
            ],
            [
              139.89152,
              80.2813
            ],
            [
              140.07766,
              80.30765
            ],
            [
              139.76297,
              80.37041
            ],
            [
              139.9505,
              80.39682
            ],
            [
              139.79178,
              80.42819
            ],
            [
              139.98052,
              80.45459
            ],
            [
              139.66029,
              80.51727
            ],
            [
              139.85045,
              80.54375
            ],
            [
              139.68891,
              80.57507
            ],
            [
              139.88033,
              80.60154
            ],
            [
              139.55436,
              80.66414
            ],
            [
              139.74723,
              80.69068
            ],
            [
              139.4172,
              80.75316
            ],
            [
              139.61155,
              80.77978
            ],
            [
              139.10856,
              80.87321
            ],
            [
              139.30458,
              80.9
            ],
            [
              139.13478,
              80.93108
            ],
            [
              139.33213,
              80.95786
            ],
            [
              139.16134,
              80.98896
            ],
            [
              139.36004,
              81.01572
            ],
            [
              139.01523,
              81.07787
            ],
            [
              139.21549,
              81.10471
            ],
            [
              139.04144,
              81.13576
            ],
            [
              139.2431,
              81.1626
            ],
            [
              138.89166,
              81.22464
            ],
            [
              139.09492,
              81.25156
            ],
            [
              138.9175,
              81.28255
            ],
            [
              139.12219,
              81.30946
            ],
            [
              138.94368,
              81.34047
            ],
            [
              139.14983,
              81.36737
            ],
            [
              138.78929,
              81.42933
            ],
            [
              138.9971,
              81.45632
            ],
            [
              138.81504,
              81.48727
            ],
            [
              139.02437,
              81.51424
            ],
            [
              138.84115,
              81.54521
            ],
            [
              139.05201,
              81.57217
            ],
            [
              138.86763,
              81.60316
            ],
            [
              139.08003,
              81.6301
            ],
            [
              138.70752,
              81.69202
            ],
            [
              138.92169,
              81.71905
            ],
            [
              138.54394,
              81.78082
            ],
            [
              138.7599,
              81.80794
            ],
            [
              138.18303,
              81.90024
            ],
            [
              138.40097,
              81.92756
            ],
            [
              138.00936,
              81.98885
            ],
            [
              138.22913,
              82.01626
            ],
            [
              138.03123,
              82.04687
            ],
            [
              138.25269,
              82.07428
            ],
            [
              138.05342,
              82.1049
            ],
            [
              138.2766,
              82.1323
            ],
            [
              137.87371,
              82.19347
            ],
            [
              138.0988,
              82.22097
            ],
            [
              137.68986,
              82.28198
            ],
            [
              137.91689,
              82.30957
            ],
            [
              137.50173,
              82.37041
            ],
            [
              137.73073,
              82.3981
            ],
            [
              137.30918,
              82.45876
            ],
            [
              137.54017,
              82.48656
            ],
            [
              137.11205,
              82.54704
            ],
            [
              137.34505,
              82.57495
            ],
            [
              137.12851,
              82.60515
            ],
            [
              137.36342,
              82.63304
            ],
            [
              136.92524,
              82.69335
            ],
            [
              137.16222,
              82.72136
            ],
            [
              136.94052,
              82.75148
            ],
            [
              137.17948,
              82.77948
            ],
            [
              136.95606,
              82.8096
            ],
            [
              137.19702,
              82.83759
            ],
            [
              136.74477,
              82.89775
            ],
            [
              136.9879,
              82.92586
            ],
            [
              136.75901,
              82.95589
            ],
            [
              137.00422,
              82.98399
            ],
            [
              136.77349,
              83.01403
            ],
            [
              137.02081,
              83.04213
            ],
            [
              136.78821,
              83.07218
            ],
            [
              137.03768,
              83.10026
            ],
            [
              136.80318,
              83.13032
            ],
            [
              137.05484,
              83.15841
            ],
            [
              136.81841,
              83.18848
            ],
            [
              137.07229,
              83.21655
            ],
            [
              136.8339,
              83.24663
            ],
            [
              137.09005,
              83.2747
            ],
            [
              136.84966,
              83.30479
            ],
            [
              137.10811,
              83.33285
            ],
            [
              136.62107,
              83.39293
            ],
            [
              136.88202,
              83.42111
            ],
            [
              136.63529,
              83.4511
            ],
            [
              136.89863,
              83.47928
            ],
            [
              135.88921,
              83.59854
            ],
            [
              136.15533,
              83.6271
            ],
            [
              135.37352,
              83.71562
            ],
            [
              135.64227,
              83.74445
            ],
            [
              135.37679,
              83.77383
            ],
            [
              135.64809,
              83.80266
            ],
            [
              135.38013,
              83.83205
            ],
            [
              135.65402,
              83.86088
            ],
            [
              135.38352,
              83.89027
            ],
            [
              135.66006,
              83.9191
            ],
            [
              135.11125,
              83.97774
            ],
            [
              135.39051,
              84.00671
            ],
            [
              135.1121,
              84.03597
            ],
            [
              135.39411,
              84.06494
            ],
            [
              134.82903,
              84.12331
            ],
            [
              135.11385,
              84.15243
            ],
            [
              134.82707,
              84.18155
            ],
            [
              135.11475,
              84.21067
            ],
            [
              134.53244,
              84.26876
            ],
            [
              134.82303,
              84.29803
            ],
            [
              134.52738,
              84.327
            ],
            [
              134.82095,
              84.35628
            ],
            [
              134.22039,
              84.41406
            ],
            [
              133.92696,
              84.38448
            ],
            [
              133.62213,
              84.41299
            ],
            [
              132.76076,
              84.32294
            ],
            [
              133.36637,
              84.26667
            ],
            [
              133.08489,
              84.23668
            ],
            [
              133.38307,
              84.20846
            ],
            [
              133.10432,
              84.17847
            ],
            [
              133.69171,
              84.12186
            ],
            [
              133.41548,
              84.09203
            ],
            [
              133.7048,
              84.06364
            ],
            [
              133.43121,
              84.03382
            ],
            [
              134.00136,
              83.97689
            ],
            [
              133.73023,
              83.94722
            ],
            [
              134.01117,
              83.91867
            ],
            [
              133.74259,
              83.88901
            ],
            [
              134.29642,
              83.83177
            ],
            [
              134.03024,
              83.80225
            ],
            [
              134.30324,
              83.77355
            ],
            [
              134.03951,
              83.74404
            ],
            [
              134.30994,
              83.71534
            ],
            [
              134.04861,
              83.68584
            ],
            [
              134.31651,
              83.65714
            ],
            [
              134.05754,
              83.62764
            ],
            [
              134.58599,
              83.5701
            ],
            [
              134.32929,
              83.54074
            ],
            [
              134.58993,
              83.5119
            ],
            [
              134.33551,
              83.48254
            ],
            [
              134.84982,
              83.42473
            ],
            [
              134.59761,
              83.39551
            ],
            [
              135.10289,
              83.33744
            ],
            [
              134.85286,
              83.30835
            ],
            [
              135.10221,
              83.27925
            ],
            [
              134.85434,
              83.25016
            ],
            [
              135.10154,
              83.22107
            ],
            [
              134.8558,
              83.19198
            ],
            [
              135.34387,
              83.13367
            ],
            [
              135.10023,
              83.10471
            ],
            [
              135.58009,
              83.04616
            ],
            [
              135.33853,
              83.01732
            ],
            [
              135.57547,
              82.98799
            ],
            [
              135.33593,
              82.95915
            ],
            [
              135.80397,
              82.90038
            ],
            [
              135.56646,
              82.87167
            ],
            [
              136.02688,
              82.81268
            ],
            [
              135.79137,
              82.78407
            ],
            [
              136.01882,
              82.75453
            ],
            [
              135.78523,
              82.72592
            ],
            [
              136.01088,
              82.69638
            ],
            [
              135.77918,
              82.66778
            ],
            [
              136.00307,
              82.63824
            ],
            [
              135.77322,
              82.60964
            ],
            [
              135.99538,
              82.58011
            ],
            [
              135.76736,
              82.5515
            ],
            [
              136.20651,
              82.49234
            ],
            [
              135.98035,
              82.46384
            ],
            [
              136.83839,
              82.3447
            ],
            [
              136.61425,
              82.31654
            ],
            [
              137.24066,
              82.22643
            ],
            [
              137.01847,
              82.19848
            ],
            [
              137.22417,
              82.16836
            ],
            [
              137.00368,
              82.1404
            ],
            [
              137.20792,
              82.11029
            ],
            [
              136.98911,
              82.08233
            ],
            [
              137.1919,
              82.05222
            ],
            [
              136.97476,
              82.02425
            ],
            [
              137.57433,
              81.93367
            ],
            [
              137.35905,
              81.90591
            ],
            [
              137.94562,
              81.81479
            ],
            [
              137.73221,
              81.78723
            ],
            [
              137.92497,
              81.75678
            ],
            [
              137.71313,
              81.72921
            ],
            [
              138.09469,
              81.66823
            ],
            [
              137.88454,
              81.64076
            ],
            [
              138.26083,
              81.57963
            ],
            [
              138.05235,
              81.55224
            ],
            [
              138.23859,
              81.52165
            ],
            [
              138.03161,
              81.49426
            ],
            [
              138.21666,
              81.46367
            ],
            [
              138.01115,
              81.43627
            ],
            [
              138.19502,
              81.4057
            ],
            [
              137.99097,
              81.37829
            ],
            [
              138.35509,
              81.31708
            ],
            [
              138.15262,
              81.28976
            ],
            [
              138.51191,
              81.22841
            ],
            [
              138.31099,
              81.20118
            ],
            [
              138.4889,
              81.17047
            ],
            [
              138.28938,
              81.14323
            ],
            [
              138.4662,
              81.11254
            ],
            [
              138.26805,
              81.08529
            ],
            [
              138.4438,
              81.05461
            ],
            [
              138.247,
              81.02735
            ],
            [
              138.42168,
              80.99668
            ],
            [
              138.22622,
              80.96941
            ],
            [
              138.5723,
              80.90802
            ],
            [
              138.37829,
              80.88083
            ],
            [
              138.54972,
              80.85011
            ],
            [
              138.35701,
              80.82292
            ],
            [
              138.52743,
              80.79221
            ],
            [
              138.336,
              80.765
            ],
            [
              138.50541,
              80.73431
            ],
            [
              138.31525,
              80.70709
            ],
            [
              138.65099,
              80.64565
            ],
            [
              138.46221,
              80.61851
            ],
            [
              138.79383,
              80.55694
            ],
            [
              138.60641,
              80.52989
            ],
            [
              138.93399,
              80.46818
            ],
            [
              138.74792,
              80.44121
            ],
            [
              139.07155,
              80.37939
            ],
            [
              138.88681,
              80.35249
            ],
            [
              139.04721,
              80.32155
            ],
            [
              138.86365,
              80.29465
            ],
            [
              139.18167,
              80.23273
            ],
            [
              138.99941,
              80.2059
            ],
            [
              139.15704,
              80.17492
            ],
            [
              139.33916,
              80.20166
            ],
            [
              139.49565,
              80.17052
            ],
            [
              139.86256,
              80.22354
            ],
            [
              140.01772,
              80.19216
            ],
            [
              140.2025,
              80.21843
            ]
          ]
        ]
      },
      "properties": {
        "filename": "ch2_sar_ndxl_20250630mpcpnpwest_d_cpr_xx_fp_xx_xxx.tif",
        "pole": "north"
      }
    },
    {
      "type": "Feature",
      "geometry": {
        "type": "Polygon",
        "coordinates": [
          [
            [
              -125.25957,
              80.12258
            ],
            [
              -125.06395,
              80.14619
            ],
            [
              -124.9269,
              80.11263
            ],
            [
              -124.53353,
              80.15935
            ],
            [
              -124.39811,
              80.12557
            ],
            [
              -124.20038,
              80.14868
            ],
            [
              -124.47142,
              80.21633
            ],
            [
              -124.27201,
              80.23948
            ],
            [
              -124.68459,
              80.34081
            ],
            [
              -124.48311,
              80.36409
            ],
            [
              -124.76228,
              80.43154
            ],
            [
              -124.55907,
              80.45486
            ],
            [
              -124.84146,
              80.52226
            ],
            [
              -124.63649,
              80.54563
            ],
            [
              -124.92219,
              80.61297
            ],
            [
              -124.71542,
              80.6364
            ],
            [
              -125.00449,
              80.70367
            ],
            [
              -124.7959,
              80.72715
            ],
            [
              -125.2363,
              80.82789
            ],
            [
              -125.02546,
              80.85151
            ],
            [
              -125.32371,
              80.91855
            ],
            [
              -125.11098,
              80.94222
            ],
            [
              -125.41289,
              81.0092
            ],
            [
              -125.19824,
              81.03292
            ],
            [
              -125.65846,
              81.1332
            ],
            [
              -125.44145,
              81.15707
            ],
            [
              -125.7533,
              81.22379
            ],
            [
              -125.5343,
              81.24772
            ],
            [
              -126.33309,
              81.41384
            ],
            [
              -126.11084,
              81.43811
            ],
            [
              -126.60395,
              81.53727
            ],
            [
              -126.37921,
              81.5617
            ],
            [
              -126.71364,
              81.62765
            ],
            [
              -126.48679,
              81.65215
            ],
            [
              -126.82574,
              81.71802
            ],
            [
              -126.59673,
              81.74258
            ],
            [
              -126.94032,
              81.80836
            ],
            [
              -126.70911,
              81.83299
            ],
            [
              -127.23377,
              81.93141
            ],
            [
              -126.99991,
              81.95621
            ],
            [
              -127.53633,
              82.05426
            ],
            [
              -127.29979,
              82.07924
            ],
            [
              -127.66403,
              82.14442
            ],
            [
              -127.42516,
              82.16948
            ],
            [
              -127.60915,
              82.20206
            ],
            [
              -127.36833,
              82.22708
            ],
            [
              -127.74015,
              82.29222
            ],
            [
              -127.49692,
              82.31731
            ],
            [
              -127.87426,
              82.38234
            ],
            [
              -127.62858,
              82.40752
            ],
            [
              -128.01159,
              82.47244
            ],
            [
              -127.76342,
              82.49769
            ],
            [
              -128.15226,
              82.5625
            ],
            [
              -127.90154,
              82.58783
            ],
            [
              -128.29639,
              82.65252
            ],
            [
              -128.04307,
              82.67794
            ],
            [
              -128.4441,
              82.7425
            ],
            [
              -128.18814,
              82.76801
            ],
            [
              -128.59553,
              82.83244
            ],
            [
              -128.33688,
              82.85804
            ],
            [
              -128.75081,
              82.92235
            ],
            [
              -128.48943,
              82.94803
            ],
            [
              -129.12336,
              83.04415
            ],
            [
              -128.85875,
              83.07004
            ],
            [
              -129.07356,
              83.10201
            ],
            [
              -128.80653,
              83.12788
            ],
            [
              -129.24133,
              83.19177
            ],
            [
              -128.9714,
              83.21774
            ],
            [
              -129.41359,
              83.28148
            ],
            [
              -129.14071,
              83.30754
            ],
            [
              -130.04906,
              83.43432
            ],
            [
              -129.77233,
              83.46074
            ],
            [
              -130.47573,
              83.5551
            ],
            [
              -130.19555,
              83.58176
            ],
            [
              -130.91872,
              83.67553
            ],
            [
              -130.63504,
              83.70242
            ],
            [
              -131.12848,
              83.76464
            ],
            [
              -130.84163,
              83.79165
            ],
            [
              -131.09172,
              83.82272
            ],
            [
              -130.802,
              83.84971
            ],
            [
              -131.05426,
              83.8808
            ],
            [
              -130.76161,
              83.90778
            ],
            [
              -131.01608,
              83.93889
            ],
            [
              -130.72043,
              83.96584
            ],
            [
              -130.97716,
              83.99697
            ],
            [
              -130.67846,
              84.0239
            ],
            [
              -131.46374,
              84.11699
            ],
            [
              -131.16115,
              84.14419
            ],
            [
              -131.4281,
              84.17511
            ],
            [
              -131.12231,
              84.20229
            ],
            [
              -131.66408,
              84.26405
            ],
            [
              -131.35464,
              84.29136
            ],
            [
              -131.62958,
              84.32219
            ],
            [
              -131.31678,
              84.34948
            ],
            [
              -131.87499,
              84.41106
            ],
            [
              -131.55839,
              84.43848
            ],
            [
              -131.84179,
              84.46922
            ],
            [
              -131.52167,
              84.49663
            ],
            [
              -132.09731,
              84.55801
            ],
            [
              -131.77323,
              84.58555
            ],
            [
              -132.66041,
              84.67704
            ],
            [
              -133.62525,
              84.59249
            ],
            [
              -133.32544,
              84.56261
            ],
            [
              -133.64018,
              84.53425
            ],
            [
              -133.04999,
              84.47436
            ],
            [
              -133.36113,
              84.44615
            ],
            [
              -133.07061,
              84.41615
            ],
            [
              -133.37842,
              84.38793
            ],
            [
              -132.80626,
              84.3278
            ],
            [
              -133.1106,
              84.29972
            ],
            [
              -132.82883,
              84.2696
            ],
            [
              -133.12998,
              84.24151
            ],
            [
              -132.85096,
              84.2114
            ],
            [
              -133.14898,
              84.1833
            ],
            [
              -132.32845,
              84.09261
            ],
            [
              -132.62297,
              84.06479
            ],
            [
              -132.3548,
              84.03444
            ],
            [
              -132.64633,
              84.00661
            ],
            [
              -132.11763,
              83.94581
            ],
            [
              -132.40599,
              83.91811
            ],
            [
              -132.14536,
              83.88766
            ],
            [
              -132.43086,
              83.85995
            ],
            [
              -131.91681,
              83.79896
            ],
            [
              -132.19926,
              83.77137
            ],
            [
              -131.94576,
              83.74083
            ],
            [
              -132.50271,
              83.68548
            ],
            [
              -131.75533,
              83.59394
            ],
            [
              -132.02945,
              83.56644
            ],
            [
              -130.82915,
              83.41222
            ],
            [
              -131.09956,
              83.38523
            ],
            [
              -130.40521,
              83.29176
            ],
            [
              -130.67247,
              83.26501
            ],
            [
              -130.21959,
              83.20241
            ],
            [
              -130.48407,
              83.17576
            ],
            [
              -130.26041,
              83.14443
            ],
            [
              -130.5225,
              83.11776
            ],
            [
              -130.08061,
              83.05504
            ],
            [
              -130.34002,
              83.02848
            ],
            [
              -129.69098,
              82.93401
            ],
            [
              -129.94741,
              82.90766
            ],
            [
              -129.52361,
              82.84443
            ],
            [
              -129.77746,
              82.81818
            ],
            [
              -129.3604,
              82.75481
            ],
            [
              -129.6117,
              82.72865
            ],
            [
              -129.20118,
              82.66513
            ],
            [
              -129.44998,
              82.63906
            ],
            [
              -129.04583,
              82.57541
            ],
            [
              -129.29217,
              82.54943
            ],
            [
              -128.89419,
              82.48565
            ],
            [
              -129.13812,
              82.45975
            ],
            [
              -128.74615,
              82.39584
            ],
            [
              -128.9877,
              82.37003
            ],
            [
              -128.60157,
              82.30599
            ],
            [
              -128.84078,
              82.28027
            ],
            [
              -128.46034,
              82.2161
            ],
            [
              -128.69726,
              82.19047
            ],
            [
              -128.32235,
              82.12618
            ],
            [
              -128.55701,
              82.10063
            ],
            [
              -128.18748,
              82.03623
            ],
            [
              -128.41993,
              82.01075
            ],
            [
              -128.23705,
              81.97853
            ],
            [
              -128.46766,
              81.95303
            ],
            [
              -128.10559,
              81.88856
            ],
            [
              -128.33406,
              81.86314
            ],
            [
              -127.80062,
              81.76616
            ],
            [
              -128.02664,
              81.74091
            ],
            [
              -127.67727,
              81.67608
            ],
            [
              -127.90121,
              81.6509
            ],
            [
              -127.38624,
              81.5534
            ],
            [
              -127.60779,
              81.52839
            ],
            [
              -127.27036,
              81.46322
            ],
            [
              -127.48992,
              81.43828
            ],
            [
              -126.99231,
              81.34027
            ],
            [
              -127.20954,
              81.3155
            ],
            [
              -126.72207,
              81.21715
            ],
            [
              -126.93702,
              81.19254
            ],
            [
              -126.45934,
              81.09386
            ],
            [
              -126.67204,
              81.0694
            ],
            [
              -126.20382,
              80.97041
            ],
            [
              -126.4143,
              80.9461
            ],
            [
              -126.10714,
              80.87997
            ],
            [
              -126.31578,
              80.85572
            ],
            [
              -126.01236,
              80.78951
            ],
            [
              -126.2192,
              80.76532
            ],
            [
              -125.91943,
              80.69904
            ],
            [
              -126.1245,
              80.67491
            ],
            [
              -125.68177,
              80.5753
            ],
            [
              -125.88475,
              80.55131
            ],
            [
              -125.5941,
              80.48477
            ],
            [
              -125.79537,
              80.46084
            ],
            [
              -125.50809,
              80.39424
            ],
            [
              -125.70768,
              80.37036
            ],
            [
              -125.4237,
              80.30369
            ],
            [
              -125.62162,
              80.27987
            ],
            [
              -125.34087,
              80.21314
            ],
            [
              -125.53716,
              80.18936
            ],
            [
              -125.25957,
              80.12258
            ]
          ]
        ]
      },
      "properties": {
        "filename": "ch2_sar_ndxl_20250630mpcpnpwest_d_cpr_xx_fp_xx_xxx.tif",
        "pole": "north"
      }
    },
    {
      "type": "Feature",
      "geometry": {
        "type": "Polygon",
        "coordinates": [
          [
            [
              149.89679,
              79.98067
            ],
            [
              149.65877,
              80.05151
            ],
            [
              149.86381,
              80.07214
            ],
            [
              149.25603,
              80.24888
            ],
            [
              149.46439,
              80.26977
            ],
            [
              149.09048,
              80.37553
            ],
            [
              149.30123,
              80.39651
            ],
            [
              148.92049,
              80.50212
            ],
            [
              149.13369,
              80.52321
            ],
            [
              148.87612,
              80.59354
            ],
            [
              149.09131,
              80.61466
            ],
            [
              148.29802,
              80.82503
            ],
            [
              148.51733,
              80.84651
            ],
            [
              148.24578,
              80.91641
            ],
            [
              148.46719,
              80.93793
            ],
            [
              148.05351,
              81.04266
            ],
            [
              148.27759,
              81.06429
            ],
            [
              147.85572,
              81.16882
            ],
            [
              148.08253,
              81.19058
            ],
            [
              147.06203,
              81.43324
            ],
            [
              147.29385,
              81.45548
            ],
            [
              147.14386,
              81.49001
            ],
            [
              147.37745,
              81.51221
            ],
            [
              146.92176,
              81.61575
            ],
            [
              147.15828,
              81.63808
            ],
            [
              146.53513,
              81.77568
            ],
            [
              146.77522,
              81.79825
            ],
            [
              145.96918,
              81.96935
            ],
            [
              146.21349,
              81.99226
            ],
            [
              145.02964,
              82.22977
            ],
            [
              145.27938,
              82.25324
            ],
            [
              144.92885,
              82.32069
            ],
            [
              145.18126,
              82.34422
            ],
            [
              145.00423,
              82.37794
            ],
            [
              145.77261,
              82.44796
            ],
            [
              145.41739,
              82.51583
            ],
            [
              145.15846,
              82.49243
            ],
            [
              144.97782,
              82.52614
            ],
            [
              144.46364,
              82.47868
            ],
            [
              144.28021,
              82.5121
            ],
            [
              144.53704,
              82.53602
            ],
            [
              144.35252,
              82.56948
            ],
            [
              144.61159,
              82.59336
            ],
            [
              144.23864,
              82.66027
            ],
            [
              144.50056,
              82.68421
            ],
            [
              144.31211,
              82.71766
            ],
            [
              144.57634,
              82.74157
            ],
            [
              144.0022,
              82.84178
            ],
            [
              143.73621,
              82.81755
            ],
            [
              143.54066,
              82.85068
            ],
            [
              143.80723,
              82.87503
            ],
            [
              143.61043,
              82.90819
            ],
            [
              143.87942,
              82.93251
            ],
            [
              143.68134,
              82.9657
            ],
            [
              143.95279,
              82.98997
            ],
            [
              143.55216,
              83.05635
            ],
            [
              143.82671,
              83.0807
            ],
            [
              143.00444,
              83.21289
            ],
            [
              143.28338,
              83.23756
            ],
            [
              142.64713,
              83.33614
            ],
            [
              142.92993,
              83.36101
            ],
            [
              142.27634,
              83.45913
            ],
            [
              142.56307,
              83.48422
            ],
            [
              141.66284,
              83.6142
            ],
            [
              141.95414,
              83.63964
            ],
            [
              140.77892,
              83.80049
            ],
            [
              141.07535,
              83.82642
            ],
            [
              139.0677,
              84.07915
            ],
            [
              138.76763,
              84.0521
            ],
            [
              137.69736,
              84.17501
            ],
            [
              137.99876,
              84.20263
            ],
            [
              137.16686,
              84.29389
            ],
            [
              137.47199,
              84.32179
            ],
            [
              136.61379,
              84.41226
            ],
            [
              136.92264,
              84.44046
            ],
            [
              136.63056,
              84.47049
            ],
            [
              136.94277,
              84.49868
            ],
            [
              136.34934,
              84.55861
            ],
            [
              136.0368,
              84.53011
            ],
            [
              135.73504,
              84.5597
            ],
            [
              136.04771,
              84.58836
            ],
            [
              135.12268,
              84.67668
            ],
            [
              135.43893,
              84.70565
            ],
            [
              134.15698,
              84.82183
            ],
            [
              134.47669,
              84.8513
            ],
            [
              133.81378,
              84.90872
            ],
            [
              132.86652,
              84.81885
            ],
            [
              132.53014,
              84.84681
            ],
            [
              132.222,
              84.81638
            ],
            [
              132.55806,
              84.78859
            ],
            [
              132.25318,
              84.75818
            ],
            [
              133.56101,
              84.64593
            ],
            [
              133.25858,
              84.61602
            ],
            [
              134.51156,
              84.50174
            ],
            [
              134.21191,
              84.4723
            ],
            [
              135.11757,
              84.3854
            ],
            [
              134.82095,
              84.35628
            ],
            [
              135.69888,
              84.26847
            ],
            [
              135.40535,
              84.23965
            ],
            [
              135.69208,
              84.21024
            ],
            [
              135.40153,
              84.18141
            ],
            [
              135.96646,
              84.12246
            ],
            [
              135.67889,
              84.09377
            ],
            [
              136.23274,
              84.03455
            ],
            [
              135.94812,
              84.00601
            ],
            [
              136.22104,
              83.97634
            ],
            [
              135.93922,
              83.94779
            ],
            [
              136.20957,
              83.91812
            ],
            [
              135.93049,
              83.88957
            ],
            [
              136.46354,
              83.83012
            ],
            [
              136.18726,
              83.80171
            ],
            [
              136.71036,
              83.74201
            ],
            [
              136.43684,
              83.71373
            ],
            [
              137.20339,
              83.62364
            ],
            [
              136.93276,
              83.59562
            ],
            [
              137.43218,
              83.53522
            ],
            [
              137.16426,
              83.50732
            ],
            [
              137.89664,
              83.41621
            ],
            [
              137.63158,
              83.38856
            ],
            [
              138.10907,
              83.3275
            ],
            [
              137.84666,
              83.29997
            ],
            [
              138.08236,
              83.2694
            ],
            [
              137.82231,
              83.24185
            ],
            [
              138.0561,
              83.2113
            ],
            [
              137.79838,
              83.18374
            ],
            [
              138.26013,
              83.12254
            ],
            [
              138.00491,
              83.0951
            ],
            [
              138.23293,
              83.06446
            ],
            [
              137.97996,
              83.037
            ],
            [
              138.20619,
              83.00637
            ],
            [
              137.95543,
              82.97891
            ],
            [
              138.1799,
              82.94829
            ],
            [
              137.93129,
              82.92081
            ],
            [
              138.15403,
              82.89022
            ],
            [
              137.90755,
              82.86272
            ],
            [
              138.12858,
              82.83214
            ],
            [
              137.8842,
              82.80464
            ],
            [
              138.32103,
              82.74339
            ],
            [
              138.07891,
              82.716
            ],
            [
              138.50882,
              82.65457
            ],
            [
              138.26892,
              82.62728
            ],
            [
              138.4814,
              82.59653
            ],
            [
              138.24347,
              82.56923
            ],
            [
              138.4544,
              82.5385
            ],
            [
              138.21842,
              82.51118
            ],
            [
              138.6355,
              82.44964
            ],
            [
              138.40165,
              82.42243
            ],
            [
              138.81238,
              82.36073
            ],
            [
              138.58062,
              82.33361
            ],
            [
              138.78371,
              82.30273
            ],
            [
              138.55379,
              82.2756
            ],
            [
              138.95554,
              82.21377
            ],
            [
              138.72765,
              82.18673
            ],
            [
              138.92635,
              82.15579
            ],
            [
              138.70024,
              82.12874
            ],
            [
              139.4804,
              82.00447
            ],
            [
              139.2567,
              81.97773
            ],
            [
              139.63817,
              81.91527
            ],
            [
              139.19613,
              81.86184
            ],
            [
              139.57265,
              81.79945
            ],
            [
              139.35425,
              81.77277
            ],
            [
              139.90904,
              81.67885
            ],
            [
              139.69272,
              81.65236
            ],
            [
              140.05611,
              81.58953
            ],
            [
              139.84163,
              81.56312
            ],
            [
              140.02153,
              81.53168
            ],
            [
              139.80862,
              81.50525
            ],
            [
              139.98741,
              81.47383
            ],
            [
              139.77606,
              81.44738
            ],
            [
              140.4791,
              81.3213
            ],
            [
              140.26997,
              81.29513
            ],
            [
              140.61432,
              81.23181
            ],
            [
              140.40692,
              81.20572
            ],
            [
              140.57748,
              81.17404
            ],
            [
              140.37154,
              81.14793
            ],
            [
              140.54111,
              81.11627
            ],
            [
              140.33662,
              81.09014
            ],
            [
              140.67261,
              81.02678
            ],
            [
              140.46978,
              81.00073
            ],
            [
              140.96561,
              80.90542
            ],
            [
              140.76466,
              80.87953
            ],
            [
              140.92786,
              80.84771
            ],
            [
              140.72828,
              80.82181
            ],
            [
              140.89058,
              80.79
            ],
            [
              140.69236,
              80.76408
            ],
            [
              141.01407,
              80.70043
            ],
            [
              140.81741,
              80.67459
            ],
            [
              141.13519,
              80.61084
            ],
            [
              140.94008,
              80.58506
            ],
            [
              141.25401,
              80.52121
            ],
            [
              141.06042,
              80.4955
            ],
            [
              141.37059,
              80.43155
            ],
            [
              141.17851,
              80.40592
            ],
            [
              141.33227,
              80.37393
            ],
            [
              141.14144,
              80.34827
            ],
            [
              141.2944,
              80.3163
            ],
            [
              141.485,
              80.34187
            ],
            [
              141.63672,
              80.30975
            ],
            [
              142.02048,
              80.3604
            ],
            [
              142.1707,
              80.32804
            ],
            [
              142.36384,
              80.35311
            ],
            [
              142.21388,
              80.38556
            ],
            [
              142.4083,
              80.41061
            ],
            [
              142.10585,
              80.47548
            ],
            [
              142.30183,
              80.5006
            ],
            [
              141.99575,
              80.56539
            ],
            [
              142.19331,
              80.59057
            ],
            [
              142.03895,
              80.62295
            ],
            [
              142.23786,
              80.64811
            ],
            [
              141.92644,
              80.71285
            ],
            [
              142.12698,
              80.73808
            ],
            [
              141.81172,
              80.80272
            ],
            [
              142.01392,
              80.82802
            ],
            [
              141.69473,
              80.89257
            ],
            [
              141.89861,
              80.91794
            ],
            [
              141.5754,
              80.98239
            ],
            [
              141.78098,
              81.00783
            ],
            [
              141.61791,
              81.04004
            ],
            [
              141.82495,
              81.06545
            ],
            [
              141.4958,
              81.12986
            ],
            [
              141.7046,
              81.15534
            ],
            [
              141.53851,
              81.18752
            ],
            [
              141.7488,
              81.21298
            ],
            [
              141.41351,
              81.27733
            ],
            [
              141.62561,
              81.30286
            ],
            [
              141.2859,
              81.3671
            ],
            [
              141.49985,
              81.39271
            ],
            [
              140.98152,
              81.4888
            ],
            [
              141.19763,
              81.51457
            ],
            [
              140.84607,
              81.57844
            ],
            [
              141.06408,
              81.6043
            ],
            [
              140.7077,
              81.66806
            ],
            [
              140.92764,
              81.69399
            ],
            [
              140.74767,
              81.72585
            ],
            [
              140.96928,
              81.75177
            ],
            [
              140.78821,
              81.78364
            ],
            [
              141.01151,
              81.80954
            ],
            [
              140.82932,
              81.84144
            ],
            [
              141.05435,
              81.86731
            ],
            [
              140.68624,
              81.93107
            ],
            [
              140.91332,
              81.95703
            ],
            [
              140.72737,
              81.98889
            ],
            [
              140.95623,
              82.01482
            ],
            [
              140.58046,
              82.0785
            ],
            [
              140.81144,
              82.10452
            ],
            [
              139.64879,
              82.29413
            ],
            [
              139.88309,
              82.32067
            ],
            [
              139.684,
              82.35207
            ],
            [
              139.92022,
              82.37858
            ],
            [
              139.71976,
              82.41
            ],
            [
              139.95791,
              82.4365
            ],
            [
              139.55252,
              82.49929
            ],
            [
              139.79293,
              82.52588
            ],
            [
              139.38124,
              82.58851
            ],
            [
              139.62395,
              82.6152
            ],
            [
              139.41576,
              82.64649
            ],
            [
              139.66052,
              82.67316
            ],
            [
              139.23932,
              82.73567
            ],
            [
              139.48645,
              82.76244
            ],
            [
              139.27339,
              82.79367
            ],
            [
              139.52265,
              82.82042
            ],
            [
              139.30802,
              82.85167
            ],
            [
              139.81277,
              82.905
            ],
            [
              139.59685,
              82.93639
            ],
            [
              139.8524,
              82.96296
            ],
            [
              139.63487,
              82.99437
            ],
            [
              139.89269,
              83.02093
            ],
            [
              139.67352,
              83.05235
            ],
            [
              139.93366,
              83.07889
            ],
            [
              139.48998,
              83.14167
            ],
            [
              139.75281,
              83.16831
            ],
            [
              139.52823,
              83.19968
            ],
            [
              139.79348,
              83.2263
            ],
            [
              139.33871,
              83.28896
            ],
            [
              139.60675,
              83.31568
            ],
            [
              139.14406,
              83.37817
            ],
            [
              139.41494,
              83.405
            ],
            [
              139.18064,
              83.43621
            ],
            [
              139.45408,
              83.46303
            ],
            [
              138.97937,
              83.52538
            ],
            [
              139.25577,
              83.5523
            ],
            [
              140.1947,
              83.42665
            ],
            [
              139.91977,
              83.40024
            ],
            [
              140.60181,
              83.30528
            ],
            [
              140.33025,
              83.2791
            ],
            [
              140.99437,
              83.1836
            ],
            [
              140.72615,
              83.15764
            ],
            [
              141.37311,
              83.06162
            ],
            [
              141.10819,
              83.03588
            ],
            [
              141.53047,
              82.97163
            ],
            [
              141.26836,
              82.94598
            ],
            [
              141.88877,
              82.84927
            ],
            [
              141.62985,
              82.82383
            ],
            [
              141.83337,
              82.79152
            ],
            [
              141.57673,
              82.76605
            ],
            [
              141.77886,
              82.73378
            ],
            [
              141.52444,
              82.70827
            ],
            [
              141.92421,
              82.64369
            ],
            [
              141.6724,
              82.61827
            ],
            [
              142.45285,
              82.48851
            ],
            [
              142.20446,
              82.4634
            ],
            [
              142.77354,
              82.36554
            ],
            [
              142.52809,
              82.34061
            ],
            [
              143.08402,
              82.24235
            ],
            [
              142.84147,
              82.21761
            ],
            [
              143.38476,
              82.11896
            ],
            [
              143.14507,
              82.09439
            ],
            [
              143.50062,
              82.02846
            ],
            [
              143.26329,
              82.00396
            ],
            [
              143.78701,
              81.90481
            ],
            [
              143.55244,
              81.88048
            ],
            [
              144.3994,
              81.71431
            ],
            [
              144.63171,
              81.73814
            ],
            [
              144.79655,
              81.7046
            ],
            [
              144.56471,
              81.68086
            ],
            [
              145.05271,
              81.58014
            ],
            [
              144.82358,
              81.55656
            ],
            [
              145.30138,
              81.45553
            ],
            [
              145.0749,
              81.4321
            ],
            [
              145.99995,
              81.22893
            ],
            [
              145.77748,
              81.20593
            ],
            [
              146.37244,
              81.06965
            ],
            [
              146.15298,
              81.04687
            ],
            [
              146.58874,
              80.94433
            ],
            [
              146.37178,
              80.92168
            ],
            [
              146.93943,
              80.78454
            ],
            [
              146.72538,
              80.76211
            ],
            [
              147.0038,
              80.69339
            ],
            [
              147.64628,
              80.75979
            ],
            [
              147.91775,
              80.69036
            ],
            [
              147.70353,
              80.66852
            ],
            [
              148.23638,
              80.52939
            ],
            [
              148.02507,
              80.50775
            ],
            [
              148.41591,
              80.40315
            ],
            [
              148.20698,
              80.38162
            ],
            [
              148.46376,
              80.31181
            ],
            [
              148.25669,
              80.29031
            ],
            [
              148.88495,
              80.11537
            ],
            [
              148.6811,
              80.09414
            ],
            [
              149.28963,
              79.91849
            ],
            [
              149.89679,
              79.98067
            ]
          ],
          [
            [
              139.53448,
              83.57908
            ],
            [
              139.25577,
              83.5523
            ],
            [
              138.77248,
              83.61447
            ],
            [
              139.05188,
              83.64151
            ],
            [
              139.53448,
              83.57908
            ]
          ]
        ]
      },
      "properties": {
        "filename": "ch2_sar_ndxl_20250630mpcpnpwest_d_cpr_xx_fp_xx_xxx.tif",
        "pole": "north"
      }
    },
    {
      "type": "Feature",
      "geometry": {
        "type": "Polygon",
        "coordinates": [
          [
            [
              -122.6746,
              80.1249
            ],
            [
              -122.06684,
              80.19075
            ],
            [
              -121.93963,
              80.15601
            ],
            [
              -121.73567,
              80.17764
            ],
            [
              -121.86244,
              80.21246
            ],
            [
              -121.65712,
              80.23404
            ],
            [
              -122.04155,
              80.33846
            ],
            [
              -121.83394,
              80.36015
            ],
            [
              -122.09398,
              80.42968
            ],
            [
              -121.8845,
              80.45141
            ],
            [
              -122.28033,
              80.55559
            ],
            [
              -122.06847,
              80.57744
            ],
            [
              -122.33632,
              80.64681
            ],
            [
              -122.12251,
              80.6687
            ],
            [
              -122.39342,
              80.73804
            ],
            [
              -122.17762,
              80.75995
            ],
            [
              -122.59023,
              80.86384
            ],
            [
              -122.37192,
              80.88588
            ],
            [
              -122.65128,
              80.95504
            ],
            [
              -122.4309,
              80.97712
            ],
            [
              -122.71357,
              81.04625
            ],
            [
              -122.49108,
              81.06837
            ],
            [
              -122.92186,
              81.17193
            ],
            [
              -122.69672,
              81.19417
            ],
            [
              -122.98855,
              81.26311
            ],
            [
              -122.7612,
              81.28541
            ],
            [
              -123.35683,
              81.42297
            ],
            [
              -123.12619,
              81.44549
            ],
            [
              -123.43018,
              81.51411
            ],
            [
              -123.19724,
              81.53667
            ],
            [
              -123.97653,
              81.70765
            ],
            [
              -123.73962,
              81.73055
            ],
            [
              -124.05934,
              81.7987
            ],
            [
              -123.82002,
              81.82164
            ],
            [
              -123.98134,
              81.85572
            ],
            [
              -123.74011,
              81.87862
            ],
            [
              -124.39693,
              82.01469
            ],
            [
              -124.15207,
              82.03784
            ],
            [
              -124.65791,
              82.13951
            ],
            [
              -124.40991,
              82.16281
            ],
            [
              -125.10283,
              82.29781
            ],
            [
              -124.85106,
              82.32139
            ],
            [
              -125.20559,
              82.38867
            ],
            [
              -124.95112,
              82.41231
            ],
            [
              -125.31084,
              82.47952
            ],
            [
              -125.05361,
              82.50321
            ],
            [
              -125.7904,
              82.63717
            ],
            [
              -125.52918,
              82.66115
            ],
            [
              -126.09789,
              82.76115
            ],
            [
              -125.8332,
              82.78531
            ],
            [
              -126.22,
              82.8518
            ],
            [
              -125.95235,
              82.87603
            ],
            [
              -126.74564,
              83.00849
            ],
            [
              -126.47378,
              83.03303
            ],
            [
              -126.88066,
              83.09898
            ],
            [
              -126.6057,
              83.1236
            ],
            [
              -127.01928,
              83.18945
            ],
            [
              -126.74115,
              83.21415
            ],
            [
              -126.95037,
              83.24706
            ],
            [
              -126.6696,
              83.27172
            ],
            [
              -127.09302,
              83.33752
            ],
            [
              -126.80895,
              83.36226
            ],
            [
              -127.23961,
              83.42794
            ],
            [
              -126.95216,
              83.45277
            ],
            [
              -127.17013,
              83.4856
            ],
            [
              -126.87985,
              83.51039
            ],
            [
              -127.54526,
              83.60868
            ],
            [
              -127.25083,
              83.63369
            ],
            [
              -127.70467,
              83.69899
            ],
            [
              -127.40663,
              83.72409
            ],
            [
              -128.58031,
              83.88624
            ],
            [
              -128.27672,
              83.91184
            ],
            [
              -128.7626,
              83.97624
            ],
            [
              -128.45523,
              84.00194
            ],
            [
              -128.95043,
              84.06618
            ],
            [
              -128.63919,
              84.09199
            ],
            [
              -129.66008,
              84.21968
            ],
            [
              -129.34373,
              84.24589
            ],
            [
              -129.60547,
              84.27766
            ],
            [
              -129.28564,
              84.30384
            ],
            [
              -129.54974,
              84.33564
            ],
            [
              -129.22636,
              84.36179
            ],
            [
              -129.49286,
              84.39362
            ],
            [
              -129.16584,
              84.41974
            ],
            [
              -129.70683,
              84.48333
            ],
            [
              -129.37548,
              84.50957
            ],
            [
              -129.65008,
              84.54133
            ],
            [
              -129.31491,
              84.56754
            ],
            [
              -130.44355,
              84.69395
            ],
            [
              -131.44585,
              84.61292
            ],
            [
              -131.15719,
              84.58198
            ],
            [
              -131.48416,
              84.55477
            ],
            [
              -130.91577,
              84.49281
            ],
            [
              -131.23866,
              84.46573
            ],
            [
              -130.4084,
              84.37226
            ],
            [
              -130.72683,
              84.34547
            ],
            [
              -130.45571,
              84.3142
            ],
            [
              -130.77067,
              84.28738
            ],
            [
              -130.23638,
              84.22478
            ],
            [
              -130.54749,
              84.19808
            ],
            [
              -130.02375,
              84.13528
            ],
            [
              -130.33109,
              84.10871
            ],
            [
              -129.5648,
              84.01405
            ],
            [
              -129.86797,
              83.98772
            ],
            [
              -129.61742,
              83.95608
            ],
            [
              -129.91745,
              83.92973
            ],
            [
              -129.66903,
              83.89811
            ],
            [
              -129.966,
              83.87174
            ],
            [
              -129.47586,
              83.80844
            ],
            [
              -129.76936,
              83.78217
            ],
            [
              -129.0513,
              83.6868
            ],
            [
              -129.34091,
              83.66078
            ],
            [
              -128.8732,
              83.59693
            ],
            [
              -129.15948,
              83.57101
            ],
            [
              -128.47371,
              83.47485
            ],
            [
              -128.75623,
              83.44915
            ],
            [
              -128.3092,
              83.3848
            ],
            [
              -128.58852,
              83.3592
            ],
            [
              -127.93259,
              83.26232
            ],
            [
              -128.20827,
              83.23694
            ],
            [
              -127.9933,
              83.20458
            ],
            [
              -128.26641,
              83.17916
            ],
            [
              -127.84157,
              83.1144
            ],
            [
              -128.11167,
              83.08908
            ],
            [
              -127.48773,
              82.99161
            ],
            [
              -127.75438,
              82.96649
            ],
            [
              -127.34701,
              82.9013
            ],
            [
              -127.61076,
              82.87626
            ],
            [
              -127.01209,
              82.77818
            ],
            [
              -127.27251,
              82.75334
            ],
            [
              -126.68843,
              82.65484
            ],
            [
              -126.94558,
              82.63019
            ],
            [
              -126.56384,
              82.56433
            ],
            [
              -126.81827,
              82.53976
            ],
            [
              -126.25672,
              82.44071
            ],
            [
              -126.50799,
              82.41631
            ],
            [
              -126.14075,
              82.35011
            ],
            [
              -126.38942,
              82.32578
            ],
            [
              -125.84888,
              82.22623
            ],
            [
              -126.09449,
              82.20208
            ],
            [
              -125.91689,
              82.16885
            ],
            [
              -126.16049,
              82.14466
            ],
            [
              -125.80881,
              82.07819
            ],
            [
              -126.04996,
              82.05407
            ],
            [
              -125.53197,
              81.95413
            ],
            [
              -125.77022,
              81.93017
            ],
            [
              -125.26356,
              81.8299
            ],
            [
              -125.49898,
              81.80611
            ],
            [
              -125.16713,
              81.73912
            ],
            [
              -125.40024,
              81.71539
            ],
            [
              -124.43356,
              81.51343
            ],
            [
              -124.66251,
              81.49013
            ],
            [
              -124.04147,
              81.35461
            ],
            [
              -124.26726,
              81.33155
            ],
            [
              -123.81274,
              81.22955
            ],
            [
              -124.03591,
              81.20663
            ],
            [
              -123.73781,
              81.13852
            ],
            [
              -123.95887,
              81.11565
            ],
            [
              -123.6644,
              81.04749
            ],
            [
              -123.88341,
              81.02467
            ],
            [
              -123.59248,
              80.95645
            ],
            [
              -123.80946,
              80.93368
            ],
            [
              -123.37988,
              80.8312
            ],
            [
              -123.59442,
              80.80856
            ],
            [
              -123.31245,
              80.74014
            ],
            [
              -123.52505,
              80.71754
            ],
            [
              -123.24635,
              80.64908
            ],
            [
              -123.45703,
              80.62652
            ],
            [
              -122.91001,
              80.4893
            ],
            [
              -122.7011,
              80.51152
            ],
            [
              -122.56727,
              80.47701
            ],
            [
              -122.77573,
              80.45486
            ],
            [
              -122.64242,
              80.42038
            ],
            [
              -122.84948,
              80.39819
            ],
            [
              -122.71669,
              80.36374
            ],
            [
              -122.92235,
              80.34151
            ],
            [
              -122.79008,
              80.30709
            ],
            [
              -122.99437,
              80.28482
            ],
            [
              -122.7318,
              80.21599
            ],
            [
              -122.93431,
              80.19376
            ],
            [
              -122.6746,
              80.1249
            ]
          ]
        ]
      },
      "properties": {
        "filename": "ch2_sar_ndxl_20250630mpcpnpwest_d_cpr_xx_fp_xx_xxx.tif",
        "pole": "north"
      }
    },
    {
      "type": "Feature",
      "geometry": {
        "type": "Polygon",
        "coordinates": [
          [
            [
              172.11602,
              81.86613
            ],
            [
              171.82697,
              82.15103
            ],
            [
              171.52947,
              82.14509
            ],
            [
              171.30201,
              82.34836
            ],
            [
              170.99725,
              82.34204
            ],
            [
              170.85004,
              82.46386
            ],
            [
              170.54099,
              82.45722
            ],
            [
              170.4369,
              82.53834
            ],
            [
              170.12514,
              82.53141
            ],
            [
              170.01542,
              82.61244
            ],
            [
              169.70094,
              82.6052
            ],
            [
              169.64348,
              82.64567
            ],
            [
              169.32796,
              82.63817
            ],
            [
              169.20774,
              82.719
            ],
            [
              168.8895,
              82.71119
            ],
            [
              168.76313,
              82.79191
            ],
            [
              168.44217,
              82.78378
            ],
            [
              168.24194,
              82.90467
            ],
            [
              167.91649,
              82.89618
            ],
            [
              167.84644,
              82.93641
            ],
            [
              167.52002,
              82.92764
            ],
            [
              167.44738,
              82.96781
            ],
            [
              167.12001,
              82.95876
            ],
            [
              166.96863,
              83.03896
            ],
            [
              166.63855,
              83.02957
            ],
            [
              165.89478,
              83.38942
            ],
            [
              165.54879,
              83.37928
            ],
            [
              164.89759,
              83.65796
            ],
            [
              164.53861,
              83.64711
            ],
            [
              163.92016,
              83.88491
            ],
            [
              164.29204,
              83.89618
            ],
            [
              163.28961,
              84.2522
            ],
            [
              162.89674,
              84.24023
            ],
            [
              162.27169,
              84.4368
            ],
            [
              161.86808,
              84.42413
            ],
            [
              161.60036,
              84.50239
            ],
            [
              161.19353,
              84.48925
            ],
            [
              160.76951,
              84.60614
            ],
            [
              160.35695,
              84.59244
            ],
            [
              159.75154,
              84.74741
            ],
            [
              159.33064,
              84.73301
            ],
            [
              158.67757,
              84.88695
            ],
            [
              159.10934,
              84.90178
            ],
            [
              158.06978,
              85.13207
            ],
            [
              157.62089,
              85.11654
            ],
            [
              156.85956,
              85.26863
            ],
            [
              156.40185,
              85.25228
            ],
            [
              155.78893,
              85.36538
            ],
            [
              155.32557,
              85.34833
            ],
            [
              154.44827,
              85.4977
            ],
            [
              153.97657,
              85.47977
            ],
            [
              153.50975,
              85.55374
            ],
            [
              153.03599,
              85.53521
            ],
            [
              152.79378,
              85.57193
            ],
            [
              152.32113,
              85.55294
            ],
            [
              151.56121,
              85.66213
            ],
            [
              152.04246,
              85.6816
            ],
            [
              150.13266,
              85.93439
            ],
            [
              150.63934,
              85.95476
            ],
            [
              148.17138,
              86.23893
            ],
            [
              147.6405,
              86.21702
            ],
            [
              146.95855,
              86.28646
            ],
            [
              146.4282,
              86.26383
            ],
            [
              145.71482,
              86.3323
            ],
            [
              146.25069,
              86.35536
            ],
            [
              145.51564,
              86.42369
            ],
            [
              146.06402,
              86.44687
            ],
            [
              143.27592,
              86.68261
            ],
            [
              143.85132,
              86.7071
            ],
            [
              143.42317,
              86.74033
            ],
            [
              144.00995,
              86.76474
            ],
            [
              143.57574,
              86.79804
            ],
            [
              144.17434,
              86.82235
            ],
            [
              141.87537,
              86.98725
            ],
            [
              142.49788,
              87.01253
            ],
            [
              141.00257,
              87.10979
            ],
            [
              141.64399,
              87.13556
            ],
            [
              139.49757,
              87.26312
            ],
            [
              140.16085,
              87.28973
            ],
            [
              135.90447,
              87.50474
            ],
            [
              136.59281,
              87.53327
            ],
            [
              130.77116,
              87.76168
            ],
            [
              131.47067,
              87.79276
            ],
            [
              128.96939,
              87.87276
            ],
            [
              129.67904,
              87.90468
            ],
            [
              145.30103,
              87.16743
            ],
            [
              144.62054,
              87.14375
            ],
            [
              152.64123,
              86.40193
            ],
            [
              153.22777,
              86.42068
            ],
            [
              153.81118,
              86.34682
            ],
            [
              157.39755,
              86.44904
            ],
            [
              156.32749,
              86.60083
            ],
            [
              156.96748,
              86.61718
            ],
            [
              158.01483,
              86.46468
            ],
            [
              158.63752,
              86.47991
            ],
            [
              159.79806,
              86.28701
            ],
            [
              160.39778,
              86.30104
            ],
            [
              161.41692,
              86.10609
            ],
            [
              161.9942,
              86.11903
            ],
            [
              163.38842,
              85.80392
            ],
            [
              162.85019,
              85.79196
            ],
            [
              163.33385,
              85.67356
            ],
            [
              162.81197,
              85.66157
            ],
            [
              163.58249,
              85.46415
            ],
            [
              164.08355,
              85.47563
            ],
            [
              164.36534,
              85.39626
            ],
            [
              164.86086,
              85.40719
            ],
            [
              165.62788,
              85.16794
            ],
            [
              168.02058,
              85.2149
            ],
            [
              167.91712,
              85.25523
            ],
            [
              169.87874,
              85.28696
            ],
            [
              169.60715,
              85.40869
            ],
            [
              172.15755,
              85.44135
            ],
            [
              172.29666,
              85.35963
            ],
            [
              172.80193,
              85.36497
            ],
            [
              172.9888,
              85.24222
            ],
            [
              173.48229,
              85.24707
            ],
            [
              173.53829,
              85.2061
            ],
            [
              174.02857,
              85.21056
            ],
            [
              174.12959,
              85.12854
            ],
            [
              174.61255,
              85.13258
            ],
            [
              174.70228,
              85.05049
            ],
            [
              175.65444,
              85.05741
            ],
            [
              175.61788,
              85.09852
            ],
            [
              178.51084,
              85.11118
            ],
            [
              178.49816,
              85.1524
            ],
            [
              178.98558,
              85.1533
            ],
            [
              178.99414,
              85.11208
            ],
            [
              179.47759,
              85.11263
            ],
            [
              179.48626,
              85.03018
            ],
            [
              179.96175,
              85.03037
            ],
            [
              179.96143,
              85.0716
            ],
            [
              -179.07969,
              85.07097
            ],
            [
              -179.07191,
              85.11219
            ],
            [
              -177.6226,
              85.10863
            ],
            [
              -177.60237,
              85.14982
            ],
            [
              -177.11576,
              85.14792
            ],
            [
              -177.09102,
              85.1891
            ],
            [
              -177.5818,
              85.19101
            ],
            [
              -177.5179,
              85.3146
            ],
            [
              -178.02199,
              85.3162
            ],
            [
              -177.9865,
              85.39863
            ],
            [
              -178.49993,
              85.39989
            ],
            [
              -178.45843,
              85.52356
            ],
            [
              -178.98631,
              85.52448
            ],
            [
              -178.96726,
              85.60695
            ],
            [
              -179.50523,
              85.6075
            ],
            [
              -179.49575,
              85.68999
            ],
            [
              179.95589,
              85.69015
            ],
            [
              179.95503,
              85.77265
            ],
            [
              179.39596,
              85.77241
            ],
            [
              179.37773,
              85.89616
            ],
            [
              178.80192,
              85.8955
            ],
            [
              178.77732,
              85.97799
            ],
            [
              178.18995,
              85.9769
            ],
            [
              178.15202,
              86.05936
            ],
            [
              177.55276,
              86.05782
            ],
            [
              177.50041,
              86.14025
            ],
            [
              176.88892,
              86.13824
            ],
            [
              176.85532,
              86.17943
            ],
            [
              176.23797,
              86.17695
            ],
            [
              176.19693,
              86.21812
            ],
            [
              175.57378,
              86.21516
            ],
            [
              175.47516,
              86.29743
            ],
            [
              174.83934,
              86.29395
            ],
            [
              174.78127,
              86.33504
            ],
            [
              174.13968,
              86.33106
            ],
            [
              174.07309,
              86.3721
            ],
            [
              174.72189,
              86.37613
            ],
            [
              174.599,
              86.4583
            ],
            [
              173.9353,
              86.45418
            ],
            [
              173.86399,
              86.49521
            ],
            [
              173.19428,
              86.49057
            ],
            [
              173.11344,
              86.53154
            ],
            [
              172.43784,
              86.52635
            ],
            [
              172.25425,
              86.60815
            ],
            [
              171.56485,
              86.60235
            ],
            [
              171.35554,
              86.68397
            ],
            [
              170.65212,
              86.67752
            ],
            [
              170.41498,
              86.75894
            ],
            [
              169.69736,
              86.75182
            ],
            [
              169.56544,
              86.79242
            ],
            [
              168.84237,
              86.78469
            ],
            [
              168.69817,
              86.82517
            ],
            [
              167.96991,
              86.81683
            ],
            [
              167.48679,
              86.93783
            ],
            [
              166.73537,
              86.92863
            ],
            [
              165.98935,
              87.08908
            ],
            [
              166.77998,
              87.09879
            ],
            [
              167.14293,
              87.01836
            ],
            [
              167.91824,
              87.02727
            ],
            [
              168.24261,
              86.9465
            ],
            [
              169.0026,
              86.95463
            ],
            [
              169.43014,
              86.833
            ],
            [
              170.16562,
              86.8403
            ],
            [
              170.29188,
              86.79963
            ],
            [
              171.02149,
              86.80632
            ],
            [
              171.13565,
              86.76555
            ],
            [
              171.85916,
              86.77165
            ],
            [
              172.06159,
              86.68992
            ],
            [
              172.77007,
              86.69536
            ],
            [
              172.94591,
              86.61346
            ],
            [
              173.63965,
              86.61828
            ],
            [
              173.71622,
              86.57726
            ],
            [
              174.40357,
              86.58153
            ],
            [
              174.47026,
              86.54045
            ],
            [
              175.15111,
              86.54418
            ],
            [
              175.26415,
              86.46194
            ],
            [
              175.93058,
              86.46511
            ],
            [
              176.02341,
              86.38278
            ],
            [
              176.6758,
              86.38541
            ],
            [
              176.71332,
              86.34421
            ],
            [
              177.35922,
              86.34634
            ],
            [
              177.38872,
              86.30513
            ],
            [
              178.02808,
              86.30677
            ],
            [
              178.09206,
              86.18307
            ],
            [
              178.71117,
              86.18422
            ],
            [
              178.73847,
              86.10172
            ],
            [
              179.34477,
              86.10241
            ],
            [
              179.36495,
              85.97866
            ],
            [
              179.95272,
              85.9789
            ],
            [
              179.95367,
              85.8964
            ],
            [
              -179.47038,
              85.89622
            ],
            [
              -179.48083,
              85.81373
            ],
            [
              -178.91634,
              85.81315
            ],
            [
              -178.92692,
              85.77191
            ],
            [
              -178.36815,
              85.77094
            ],
            [
              -178.42947,
              85.60602
            ],
            [
              -177.89196,
              85.60469
            ],
            [
              -177.93082,
              85.52227
            ],
            [
              -177.40356,
              85.52059
            ],
            [
              -177.45054,
              85.43819
            ],
            [
              -176.93321,
              85.43617
            ],
            [
              -177.0142,
              85.31263
            ],
            [
              -176.51096,
              85.31031
            ],
            [
              -176.57129,
              85.22799
            ],
            [
              -176.07723,
              85.22535
            ],
            [
              -176.17633,
              85.10194
            ],
            [
              -175.69523,
              85.09902
            ],
            [
              -175.80123,
              84.97568
            ],
            [
              -175.33246,
              84.9725
            ],
            [
              -175.44455,
              84.84923
            ],
            [
              -174.98755,
              84.84579
            ],
            [
              -175.105,
              84.7226
            ],
            [
              -174.65921,
              84.71893
            ],
            [
              -174.7413,
              84.63685
            ],
            [
              -174.3029,
              84.63292
            ],
            [
              -174.38906,
              84.55089
            ],
            [
              -173.95786,
              84.54671
            ],
            [
              -174.00317,
              84.50573
            ],
            [
              -173.57583,
              84.50128
            ],
            [
              -173.71702,
              84.37842
            ],
            [
              -173.29961,
              84.37376
            ],
            [
              -173.44358,
              84.25098
            ],
            [
              -173.03566,
              84.24613
            ],
            [
              -173.18202,
              84.12343
            ],
            [
              -172.78318,
              84.11841
            ],
            [
              -173.12027,
              83.83225
            ],
            [
              -172.74034,
              83.82719
            ],
            [
              -172.83587,
              83.74547
            ],
            [
              -172.46146,
              83.74021
            ],
            [
              -172.6546,
              83.57689
            ],
            [
              -172.29018,
              83.5715
            ],
            [
              -172.38761,
              83.48989
            ],
            [
              -172.74753,
              83.49521
            ],
            [
              -172.83815,
              83.41352
            ],
            [
              -172.48263,
              83.40826
            ],
            [
              -172.66575,
              83.24499
            ],
            [
              -172.31925,
              83.23962
            ],
            [
              -172.45695,
              83.11723
            ],
            [
              -171.43897,
              83.09995
            ],
            [
              -171.38767,
              83.14064
            ],
            [
              -170.70808,
              83.12785
            ],
            [
              -170.65222,
              83.16846
            ],
            [
              -169.97134,
              83.15462
            ],
            [
              -169.91085,
              83.19514
            ],
            [
              -168.88911,
              83.17245
            ],
            [
              -168.82199,
              83.21283
            ],
            [
              -168.48102,
              83.20474
            ],
            [
              -168.26884,
              83.32569
            ],
            [
              -168.61576,
              83.33393
            ],
            [
              -168.32881,
              83.49528
            ],
            [
              -168.68487,
              83.50348
            ],
            [
              -168.46661,
              83.62455
            ],
            [
              -168.83009,
              83.63265
            ],
            [
              -168.61012,
              83.7538
            ],
            [
              -168.98133,
              83.7618
            ],
            [
              -168.75971,
              83.88303
            ],
            [
              -169.13898,
              83.89091
            ],
            [
              -168.91577,
              84.01222
            ],
            [
              -169.30345,
              84.02
            ],
            [
              -169.15466,
              84.10093
            ],
            [
              -169.54849,
              84.10854
            ],
            [
              -169.32547,
              84.23004
            ],
            [
              -169.72837,
              84.23752
            ],
            [
              -169.50412,
              84.3591
            ],
            [
              -169.9165,
              84.36645
            ],
            [
              -169.69115,
              84.48812
            ],
            [
              -170.11345,
              84.49534
            ],
            [
              -170.03914,
              84.53593
            ],
            [
              -170.46559,
              84.54291
            ],
            [
              -170.39327,
              84.58354
            ],
            [
              -170.82391,
              84.59026
            ],
            [
              -170.38587,
              84.83424
            ],
            [
              -170.83746,
              84.84096
            ],
            [
              -170.68912,
              84.92234
            ],
            [
              -171.14896,
              84.92884
            ],
            [
              -171.07662,
              84.96957
            ],
            [
              -171.54126,
              84.97579
            ],
            [
              -171.40048,
              85.05733
            ],
            [
              -171.87378,
              85.06332
            ],
            [
              -171.52057,
              85.26731
            ],
            [
              -172.01506,
              85.27321
            ],
            [
              -171.8736,
              85.35487
            ],
            [
              -172.37787,
              85.36051
            ],
            [
              -172.2402,
              85.44225
            ],
            [
              -172.75458,
              85.44763
            ],
            [
              -172.62113,
              85.52944
            ],
            [
              -173.146,
              85.53454
            ],
            [
              -172.95099,
              85.65736
            ],
            [
              -173.49172,
              85.66223
            ],
            [
              -173.36572,
              85.74418
            ],
            [
              -173.91795,
              85.74874
            ],
            [
              -173.73581,
              85.87177
            ],
            [
              -174.30552,
              85.87606
            ],
            [
              -174.12951,
              85.99919
            ],
            [
              -174.71779,
              86.0032
            ],
            [
              -174.60652,
              86.08535
            ],
            [
              -175.20821,
              86.08901
            ],
            [
              -175.05169,
              86.21233
            ],
            [
              -175.67397,
              86.21567
            ],
            [
              -175.57756,
              86.29795
            ],
            [
              -176.21467,
              86.3009
            ],
            [
              -176.1283,
              86.38324
            ],
            [
              -176.78084,
              86.38579
            ],
            [
              -176.66666,
              86.50938
            ],
            [
              -177.34313,
              86.51153
            ],
            [
              -177.31132,
              86.55275
            ],
            [
              -177.99663,
              86.55444
            ],
            [
              -177.94745,
              86.63692
            ],
            [
              -178.65015,
              86.63815
            ],
            [
              -178.59852,
              86.76192
            ],
            [
              179.94126,
              86.76289
            ],
            [
              179.9405,
              86.80416
            ],
            [
              179.20086,
              86.80385
            ],
            [
              179.1904,
              86.84512
            ],
            [
              178.44136,
              86.84427
            ],
            [
              178.39948,
              86.92678
            ],
            [
              177.6309,
              86.92535
            ],
            [
              177.59866,
              86.96659
            ],
            [
              176.82052,
              86.96459
            ],
            [
              176.77669,
              87.0058
            ],
            [
              175.20297,
              87.00003
            ],
            [
              175.06734,
              87.08228
            ],
            [
              174.26115,
              87.07845
            ],
            [
              174.0945,
              87.16058
            ],
            [
              173.26763,
              87.15604
            ],
            [
              172.85362,
              87.31995
            ],
            [
              171.9801,
              87.31451
            ],
            [
              171.72653,
              87.39624
            ],
            [
              172.62703,
              87.40185
            ],
            [
              172.74209,
              87.36091
            ],
            [
              173.6324,
              87.3658
            ],
            [
              173.82562,
              87.28373
            ],
            [
              174.69227,
              87.28786
            ],
            [
              174.84892,
              87.20564
            ],
            [
              175.69258,
              87.20904
            ],
            [
              175.81628,
              87.12671
            ],
            [
              176.63765,
              87.12942
            ],
            [
              176.68531,
              87.08822
            ],
            [
              177.49645,
              87.09031
            ],
            [
              177.53147,
              87.04907
            ],
            [
              178.33226,
              87.05056
            ],
            [
              178.35529,
              87.0093
            ],
            [
              179.14568,
              87.0102
            ],
            [
              179.15731,
              86.96893
            ],
            [
              179.93725,
              86.96925
            ],
            [
              179.9381,
              86.92798
            ],
            [
              -179.29242,
              86.92775
            ],
            [
              -179.30181,
              86.88648
            ],
            [
              -178.54278,
              86.8857
            ],
            [
              -178.56184,
              86.84444
            ],
            [
              -177.81323,
              86.84314
            ],
            [
              -177.84146,
              86.80189
            ],
            [
              -177.10322,
              86.80007
            ],
            [
              -177.14011,
              86.75886
            ],
            [
              -176.41218,
              86.75654
            ],
            [
              -176.50121,
              86.67415
            ],
            [
              -175.79235,
              86.67138
            ],
            [
              -175.89413,
              86.58906
            ],
            [
              -175.20352,
              86.58586
            ],
            [
              -175.26078,
              86.54474
            ],
            [
              -174.5797,
              86.54109
            ],
            [
              -174.70592,
              86.45892
            ],
            [
              -174.04198,
              86.45488
            ],
            [
              -174.17738,
              86.37278
            ],
            [
              -173.52985,
              86.36837
            ],
            [
              -173.67342,
              86.28636
            ],
            [
              -173.0416,
              86.28159
            ],
            [
              -173.11783,
              86.24063
            ],
            [
              -172.49446,
              86.23547
            ],
            [
              -172.65514,
              86.15364
            ],
            [
              -172.04652,
              86.14816
            ],
            [
              -172.21295,
              86.06642
            ],
            [
              -171.61848,
              86.06062
            ],
            [
              -171.78998,
              85.97898
            ],
            [
              -171.20908,
              85.97289
            ],
            [
              -171.38506,
              85.89133
            ],
            [
              -170.81717,
              85.88496
            ],
            [
              -170.99708,
              85.80349
            ],
            [
              -170.44169,
              85.79685
            ],
            [
              -170.62504,
              85.71547
            ],
            [
              -170.08165,
              85.70857
            ],
            [
              -170.268,
              85.62729
            ],
            [
              -169.73616,
              85.62013
            ],
            [
              -169.92511,
              85.53894
            ],
            [
              -169.40437,
              85.53155
            ],
            [
              -169.50082,
              85.49101
            ],
            [
              -168.98634,
              85.48332
            ],
            [
              -169.27861,
              85.36182
            ],
            [
              -168.77882,
              85.35398
            ],
            [
              -168.87703,
              85.31353
            ],
            [
              -168.38309,
              85.3054
            ],
            [
              -168.58256,
              85.2246
            ],
            [
              -168.09833,
              85.21627
            ],
            [
              -168.29887,
              85.13555
            ],
            [
              -167.824,
              85.12703
            ],
            [
              -168.12366,
              85.00606
            ],
            [
              -167.66141,
              84.99742
            ],
            [
              -167.76162,
              84.95714
            ],
            [
              -167.30449,
              84.94825
            ],
            [
              -167.50703,
              84.86779
            ],
            [
              -167.05831,
              84.85872
            ],
            [
              -167.16053,
              84.81854
            ],
            [
              -166.71669,
              84.80923
            ],
            [
              -166.92286,
              84.72897
            ],
            [
              -166.48699,
              84.7195
            ],
            [
              -166.69315,
              84.63931
            ],
            [
              -166.26499,
              84.62969
            ],
            [
              -166.47102,
              84.54958
            ],
            [
              -166.0503,
              84.5398
            ],
            [
              -166.25609,
              84.45978
            ],
            [
              -165.84257,
              84.44986
            ],
            [
              -165.94604,
              84.40989
            ],
            [
              -165.53678,
              84.39975
            ],
            [
              -165.74473,
              84.31992
            ],
            [
              -165.34232,
              84.30964
            ],
            [
              -165.54971,
              84.22988
            ],
            [
              -165.15393,
              84.21947
            ],
            [
              -165.36069,
              84.13979
            ],
            [
              -164.97134,
              84.12925
            ],
            [
              -165.17741,
              84.04964
            ],
            [
              -164.79429,
              84.03898
            ],
            [
              -164.99961,
              83.95944
            ],
            [
              -164.62253,
              83.94866
            ],
            [
              -164.72546,
              83.90894
            ],
            [
              -164.352,
              83.89797
            ],
            [
              -164.55833,
              83.81861
            ],
            [
              -164.19063,
              83.80753
            ],
            [
              -164.49678,
              83.68856
            ],
            [
              -164.13677,
              83.67744
            ],
            [
              -164.23834,
              83.63782
            ],
            [
              -163.88166,
              83.62652
            ],
            [
              -164.08509,
              83.54737
            ],
            [
              -163.73368,
              83.53597
            ],
            [
              -163.93608,
              83.45688
            ],
            [
              -163.58979,
              83.44538
            ],
            [
              -163.79114,
              83.36636
            ],
            [
              -163.44984,
              83.35476
            ],
            [
              -163.65012,
              83.2758
            ],
            [
              -163.31367,
              83.26411
            ],
            [
              -163.41384,
              83.22467
            ],
            [
              -163.08034,
              83.21282
            ],
            [
              -163.18111,
              83.17343
            ],
            [
              -162.85053,
              83.16142
            ],
            [
              -162.74802,
              83.20074
            ],
            [
              -162.08697,
              83.17589
            ],
            [
              -161.97982,
              83.21504
            ],
            [
              -161.3203,
              83.18915
            ],
            [
              -161.2085,
              83.22813
            ],
            [
              -160.87898,
              83.21477
            ],
            [
              -160.7642,
              83.25364
            ],
            [
              -160.43433,
              83.23998
            ],
            [
              -160.31655,
              83.27875
            ],
            [
              -160.6481,
              83.29249
            ],
            [
              -160.41179,
              83.37011
            ],
            [
              -160.74812,
              83.38379
            ],
            [
              -160.62962,
              83.42264
            ],
            [
              -160.9691,
              83.43617
            ],
            [
              -160.7314,
              83.51395
            ],
            [
              -161.07588,
              83.52741
            ],
            [
              -160.83609,
              83.60525
            ],
            [
              -161.18573,
              83.61864
            ],
            [
              -160.94382,
              83.69654
            ],
            [
              -161.29878,
              83.70985
            ],
            [
              -161.05472,
              83.78781
            ],
            [
              -161.41515,
              83.80105
            ],
            [
              -161.16894,
              83.87906
            ],
            [
              -161.53501,
              83.89222
            ],
            [
              -161.28662,
              83.9703
            ],
            [
              -161.6585,
              83.98338
            ],
            [
              -161.40792,
              84.06152
            ],
            [
              -161.78581,
              84.07451
            ],
            [
              -161.53301,
              84.15272
            ],
            [
              -161.91709,
              84.16563
            ],
            [
              -161.79045,
              84.20478
            ],
            [
              -162.17856,
              84.21751
            ],
            [
              -161.92481,
              84.2959
            ],
            [
              -162.31944,
              84.30854
            ],
            [
              -162.06355,
              84.387
            ],
            [
              -162.46491,
              84.39954
            ],
            [
              -162.20686,
              84.47807
            ],
            [
              -162.6152,
              84.49051
            ],
            [
              -162.35499,
              84.56911
            ],
            [
              -162.77053,
              84.58145
            ],
            [
              -162.50818,
              84.66012
            ],
            [
              -162.93118,
              84.67235
            ],
            [
              -162.66669,
              84.7511
            ],
            [
              -163.09741,
              84.76322
            ],
            [
              -162.96512,
              84.80264
            ],
            [
              -163.40081,
              84.81456
            ],
            [
              -163.26952,
              84.85405
            ],
            [
              -163.71028,
              84.86575
            ],
            [
              -163.58007,
              84.9053
            ],
            [
              -164.47388,
              84.92797
            ],
            [
              -164.22028,
              85.00736
            ],
            [
              -164.67676,
              85.01841
            ],
            [
              -164.02337,
              85.21691
            ],
            [
              -164.49947,
              85.22809
            ],
            [
              -164.09191,
              85.34718
            ],
            [
              -164.58155,
              85.3583
            ],
            [
              -164.4449,
              85.39804
            ],
            [
              -164.9408,
              85.40892
            ],
            [
              -164.80578,
              85.44873
            ],
            [
              -165.30806,
              85.45935
            ],
            [
              -164.90098,
              85.57892
            ],
            [
              -165.41834,
              85.58947
            ],
            [
              -165.14332,
              85.66925
            ],
            [
              -165.67208,
              85.67964
            ],
            [
              -165.39598,
              85.75951
            ],
            [
              -165.93664,
              85.76972
            ],
            [
              -165.65964,
              85.84969
            ],
            [
              -166.21272,
              85.85971
            ],
            [
              -165.93502,
              85.93979
            ],
            [
              -166.50107,
              85.9496
            ],
            [
              -166.2229,
              86.02979
            ],
            [
              -166.80252,
              86.0394
            ],
            [
              -166.52414,
              86.11969
            ],
            [
              -167.11796,
              86.12908
            ],
            [
              -166.83967,
              86.20948
            ],
            [
              -167.44836,
              86.21865
            ],
            [
              -167.17052,
              86.29916
            ],
            [
              -167.79479,
              86.30809
            ],
            [
              -167.65782,
              86.34841
            ],
            [
              -168.29168,
              86.357
            ],
            [
              -168.02214,
              86.43777
            ],
            [
              -168.67279,
              86.4461
            ],
            [
              -168.4052,
              86.52698
            ],
            [
              -169.0735,
              86.53503
            ],
            [
              -168.80845,
              86.61604
            ],
            [
              -169.49531,
              86.6238
            ],
            [
              -169.2335,
              86.70492
            ],
            [
              -169.93988,
              86.71237
            ],
            [
              -169.8126,
              86.753
            ],
            [
              -170.53073,
              86.76004
            ],
            [
              -170.28426,
              86.84143
            ],
            [
              -171.02353,
              86.84812
            ],
            [
              -170.90487,
              86.88888
            ],
            [
              -171.65669,
              86.89514
            ],
            [
              -171.54465,
              86.93597
            ],
            [
              -172.30925,
              86.94176
            ],
            [
              -172.20432,
              86.98266
            ],
            [
              -172.98194,
              86.98797
            ],
            [
              -172.88464,
              87.02894
            ],
            [
              -173.6755,
              87.03376
            ],
            [
              -173.5864,
              87.07479
            ],
            [
              -174.39071,
              87.0791
            ],
            [
              -174.3104,
              87.12018
            ],
            [
              -171.87171,
              87.10529
            ],
            [
              -171.98567,
              87.06443
            ],
            [
              -171.18984,
              87.05839
            ],
            [
              -171.31135,
              87.0176
            ],
            [
              -170.52948,
              87.01109
            ],
            [
              -170.65798,
              86.97037
            ],
            [
              -169.12524,
              86.95589
            ],
            [
              -169.4109,
              86.87479
            ],
            [
              -168.66921,
              86.86694
            ],
            [
              -168.81569,
              86.82647
            ],
            [
              -168.08682,
              86.81821
            ],
            [
              -168.23839,
              86.77782
            ],
            [
              -167.52207,
              86.76916
            ],
            [
              -167.67834,
              86.72885
            ],
            [
              -166.97427,
              86.7198
            ],
            [
              -167.29161,
              86.63934
            ],
            [
              -166.60733,
              86.63003
            ],
            [
              -166.76803,
              86.58987
            ],
            [
              -166.09514,
              86.58019
            ],
            [
              -166.25946,
              86.54012
            ],
            [
              -165.59771,
              86.5301
            ],
            [
              -165.92924,
              86.4501
            ],
            [
              -165.28519,
              86.43985
            ],
            [
              -165.45211,
              86.39993
            ],
            [
              -164.81843,
              86.38935
            ],
            [
              -164.98814,
              86.34951
            ],
            [
              -164.36458,
              86.33861
            ],
            [
              -164.53685,
              86.29886
            ],
            [
              -163.92317,
              86.28766
            ],
            [
              -164.26873,
              86.2083
            ],
            [
              -163.67048,
              86.19691
            ],
            [
              -163.84357,
              86.1573
            ],
            [
              -163.25454,
              86.14563
            ],
            [
              -163.6011,
              86.06654
            ],
            [
              -163.02637,
              86.05471
            ],
            [
              -163.19968,
              86.01523
            ],
            [
              -162.63355,
              86.00312
            ],
            [
              -162.80849,
              85.96373
            ],
            [
              -162.25077,
              85.95136
            ],
            [
              -162.42718,
              85.91205
            ],
            [
              -161.87768,
              85.89942
            ],
            [
              -162.22981,
              85.82093
            ],
            [
              -161.69287,
              85.80817
            ],
            [
              -161.86849,
              85.76899
            ],
            [
              -161.33924,
              85.75598
            ],
            [
              -161.68945,
              85.67774
            ],
            [
              -161.1719,
              85.66462
            ],
            [
              -161.34642,
              85.62556
            ],
            [
              -160.83608,
              85.61221
            ],
            [
              -161.01148,
              85.57323
            ],
            [
              -160.50819,
              85.55965
            ],
            [
              -160.6844,
              85.52075
            ],
            [
              -160.188,
              85.50695
            ],
            [
              -160.70975,
              85.39037
            ],
            [
              -160.22729,
              85.37659
            ],
            [
              -160.39891,
              85.33777
            ],
            [
              -159.92282,
              85.32378
            ],
            [
              -160.09503,
              85.28503
            ],
            [
              -159.62517,
              85.27085
            ],
            [
              -159.79788,
              85.23217
            ],
            [
              -159.33412,
              85.21779
            ],
            [
              -159.50726,
              85.17919
            ],
            [
              -158.59446,
              85.14973
            ],
            [
              -158.41507,
              85.18809
            ],
            [
              -157.95985,
              85.17279
            ],
            [
              -157.77452,
              85.21098
            ],
            [
              -157.31922,
              85.19525
            ],
            [
              -157.12789,
              85.23326
            ],
            [
              -156.67265,
              85.2171
            ],
            [
              -156.47527,
              85.25493
            ],
            [
              -155.56837,
              85.22145
            ],
            [
              -155.36203,
              85.25896
            ],
            [
              -155.81674,
              85.27598
            ],
            [
              -155.60999,
              85.31357
            ],
            [
              -156.07092,
              85.33043
            ],
            [
              -155.8638,
              85.36809
            ],
            [
              -156.33109,
              85.38479
            ],
            [
              -155.91276,
              85.46021
            ],
            [
              -156.38977,
              85.47687
            ],
            [
              -156.17856,
              85.51462
            ],
            [
              -156.66235,
              85.53111
            ],
            [
              -156.45088,
              85.56894
            ],
            [
              -156.94164,
              85.58525
            ],
            [
              -156.51459,
              85.66102
            ],
            [
              -157.01605,
              85.67728
            ],
            [
              -156.80049,
              85.71522
            ],
            [
              -157.30939,
              85.73129
            ],
            [
              -157.0937,
              85.76931
            ],
            [
              -157.61024,
              85.78518
            ],
            [
              -157.17481,
              85.86134
            ],
            [
              -157.7032,
              85.87716
            ],
            [
              -157.48348,
              85.91529
            ],
            [
              -158.02006,
              85.9309
            ],
            [
              -157.80041,
              85.96912
            ],
            [
              -158.3454,
              85.98452
            ],
            [
              -158.12591,
              86.02283
            ],
            [
              -158.67954,
              86.038
            ],
            [
              -158.23678,
              86.11475
            ],
            [
              -158.80399,
              86.12984
            ],
            [
              -158.58077,
              86.16828
            ],
            [
              -159.15727,
              86.18314
            ],
            [
              -158.70713,
              86.26015
            ],
            [
              -159.29836,
              86.27492
            ],
            [
              -159.07151,
              86.31349
            ],
            [
              -159.67277,
              86.32801
            ],
            [
              -159.44658,
              86.36667
            ],
            [
              -160.05816,
              86.38094
            ],
            [
              -159.83279,
              86.4197
            ],
            [
              -160.45497,
              86.43371
            ],
            [
              -160.00122,
              86.51137
            ],
            [
              -160.64049,
              86.52526
            ],
            [
              -160.41223,
              86.56416
            ],
            [
              -161.063,
              86.57777
            ],
            [
              -160.83606,
              86.61677
            ],
            [
              -161.49866,
              86.63008
            ],
            [
              -161.27326,
              86.66919
            ],
            [
              -161.94805,
              86.6822
            ],
            [
              -161.4954,
              86.76058
            ],
            [
              -162.19018,
              86.77343
            ],
            [
              -161.96314,
              86.8127
            ],
            [
              -162.67116,
              86.82522
            ],
            [
              -162.4464,
              86.8646
            ],
            [
              -163.16807,
              86.87679
            ],
            [
              -162.71797,
              86.95571
            ],
            [
              -163.4624,
              86.9677
            ],
            [
              -163.23736,
              87.00725
            ],
            [
              -163.99668,
              87.01888
            ],
            [
              -163.77492,
              87.05854
            ],
            [
              -164.54959,
              87.06979
            ],
            [
              -164.33152,
              87.10956
            ],
            [
              -165.122,
              87.12042
            ],
            [
              -164.90806,
              87.1603
            ],
            [
              -163.31298,
              87.13771
            ],
            [
              -163.5471,
              87.09815
            ],
            [
              -161.99736,
              87.07371
            ],
            [
              -162.24394,
              87.03443
            ],
            [
              -161.48801,
              87.02159
            ],
            [
              -161.73696,
              86.98243
            ],
            [
              -160.99623,
              86.96925
            ],
            [
              -161.2472,
              86.93019
            ],
            [
              -160.52118,
              86.91669
            ],
            [
              -161.02032,
              86.83875
            ],
            [
              -160.31622,
              86.8251
            ],
            [
              -160.56418,
              86.78621
            ],
            [
              -159.87353,
              86.77225
            ],
            [
              -160.12275,
              86.73347
            ],
            [
              -159.44514,
              86.71922
            ],
            [
              -159.69538,
              86.68054
            ],
            [
              -159.0304,
              86.66601
            ],
            [
              -159.28145,
              86.62744
            ],
            [
              -158.62873,
              86.61264
            ],
            [
              -158.88039,
              86.57417
            ],
            [
              -158.23954,
              86.5591
            ],
            [
              -158.49163,
              86.52074
            ],
            [
              -157.8623,
              86.50541
            ],
            [
              -158.11465,
              86.46716
            ],
            [
              -157.49649,
              86.45158
            ],
            [
              -157.9961,
              86.3752
            ],
            [
              -157.39408,
              86.35955
            ],
            [
              -157.64129,
              86.32143
            ],
            [
              -157.04958,
              86.30555
            ],
            [
              -157.29673,
              86.26752
            ],
            [
              -156.71502,
              86.25141
            ],
            [
              -156.96199,
              86.21348
            ],
            [
              -156.39,
              86.19716
            ],
            [
              -156.6367,
              86.15932
            ],
            [
              -156.07414,
              86.14279
            ],
            [
              -156.32046,
              86.10504
            ],
            [
              -155.76708,
              86.0883
            ],
            [
              -156.01294,
              86.05064
            ],
            [
              -155.46847,
              86.03371
            ],
            [
              -155.71378,
              85.99614
            ],
            [
              -155.17799,
              85.97901
            ],
            [
              -155.66288,
              85.90398
            ],
            [
              -155.13932,
              85.88683
            ],
            [
              -155.37892,
              85.84936
            ],
            [
              -154.8634,
              85.83202
            ],
            [
              -155.10234,
              85.79464
            ],
            [
              -154.59467,
              85.77713
            ],
            [
              -154.83288,
              85.73983
            ],
            [
              -154.33284,
              85.72214
            ],
            [
              -154.57028,
              85.68493
            ],
            [
              -154.07767,
              85.66707
            ],
            [
              -154.31429,
              85.62994
            ],
            [
              -153.82891,
              85.61192
            ],
            [
              -154.2965,
              85.53775
            ],
            [
              -153.8212,
              85.51972
            ],
            [
              -154.0522,
              85.48267
            ],
            [
              -153.58366,
              85.46449
            ],
            [
              -153.34974,
              85.50139
            ],
            [
              -152.88214,
              85.48276
            ],
            [
              -152.6415,
              85.51943
            ],
            [
              -152.17502,
              85.50034
            ],
            [
              -151.92765,
              85.53677
            ],
            [
              -151.00135,
              85.4974
            ],
            [
              -150.74462,
              85.53343
            ],
            [
              -150.28508,
              85.51315
            ],
            [
              -149.75398,
              85.58459
            ],
            [
              -150.21855,
              85.60521
            ],
            [
              -149.94902,
              85.64095
            ],
            [
              -150.42055,
              85.66144
            ],
            [
              -149.87324,
              85.73299
            ],
            [
              -150.35463,
              85.75353
            ],
            [
              -150.07676,
              85.78932
            ],
            [
              -150.56561,
              85.80973
            ],
            [
              -150.28579,
              85.84561
            ],
            [
              -150.78233,
              85.86588
            ],
            [
              -150.50058,
              85.90183
            ],
            [
              -151.00502,
              85.92197
            ],
            [
              -150.72133,
              85.958
            ],
            [
              -151.23393,
              85.978
            ],
            [
              -150.94832,
              86.01411
            ],
            [
              -151.4693,
              86.03397
            ],
            [
              -151.18178,
              86.07016
            ],
            [
              -151.71141,
              86.08986
            ],
            [
              -151.12713,
              86.16232
            ],
            [
              -151.66928,
              86.18206
            ],
            [
              -151.37241,
              86.21832
            ],
            [
              -151.9239,
              86.2379
            ],
            [
              -151.62505,
              86.27426
            ],
            [
              -152.18619,
              86.29367
            ],
            [
              -151.8854,
              86.33011
            ],
            [
              -152.4565,
              86.34936
            ],
            [
              -152.1538,
              86.3859
            ],
            [
              -152.73518,
              86.40497
            ],
            [
              -152.43061,
              86.4416
            ],
            [
              -153.02262,
              86.46049
            ],
            [
              -152.40334,
              86.53384
            ],
            [
              -153.01105,
              86.55275
            ],
            [
              -152.69624,
              86.58947
            ],
            [
              -153.31554,
              86.60818
            ],
            [
              -152.99885,
              86.645
            ],
            [
              -153.63013,
              86.66352
            ],
            [
              -153.31165,
              86.70045
            ],
            [
              -153.95534,
              86.71876
            ],
            [
              -153.63513,
              86.75579
            ],
            [
              -154.29167,
              86.77389
            ],
            [
              -153.96984,
              86.81103
            ],
            [
              -154.6397,
              86.82891
            ],
            [
              -154.31633,
              86.86615
            ],
            [
              -155.0,
              86.8838
            ],
            [
              -154.67523,
              86.92116
            ],
            [
              -155.37322,
              86.93857
            ],
            [
              -155.04718,
              86.97604
            ],
            [
              -155.76003,
              86.99321
            ],
            [
              -155.43287,
              87.0308
            ],
            [
              -156.16114,
              87.04771
            ],
            [
              -155.83304,
              87.08541
            ],
            [
              -156.57733,
              87.10205
            ],
            [
              -156.24848,
              87.13988
            ],
            [
              -157.00941,
              87.15625
            ],
            [
              -156.68004,
              87.1942
            ],
            [
              -158.24534,
              87.22582
            ],
            [
              -157.9248,
              87.26412
            ],
            [
              -158.73007,
              87.27935
            ],
            [
              -157.74176,
              87.39437
            ],
            [
              -156.90712,
              87.37847
            ],
            [
              -157.25607,
              87.34044
            ],
            [
              -156.44122,
              87.32423
            ],
            [
              -156.78972,
              87.28634
            ],
            [
              -155.20774,
              87.25278
            ],
            [
              -155.56403,
              87.21525
            ],
            [
              -154.03733,
              87.18013
            ],
            [
              -154.39989,
              87.14296
            ],
            [
              -153.65834,
              87.1249
            ],
            [
              -154.01885,
              87.08785
            ],
            [
              -153.29365,
              87.06954
            ],
            [
              -153.65199,
              87.03261
            ],
            [
              -152.94251,
              87.01408
            ],
            [
              -153.29856,
              86.97726
            ],
            [
              -152.60419,
              86.95851
            ],
            [
              -152.95786,
              86.92181
            ],
            [
              -151.60656,
              86.88344
            ],
            [
              -151.9634,
              86.84707
            ],
            [
              -151.3057,
              86.82748
            ],
            [
              -151.65972,
              86.79122
            ],
            [
              -151.01527,
              86.77144
            ],
            [
              -151.36644,
              86.73527
            ],
            [
              -150.73478,
              86.71531
            ],
            [
              -151.08306,
              86.67925
            ],
            [
              -150.46371,
              86.65912
            ],
            [
              -150.8091,
              86.62315
            ],
            [
              -150.20163,
              86.60285
            ],
            [
              -150.5441,
              86.56698
            ],
            [
              -149.94809,
              86.54651
            ],
            [
              -150.28764,
              86.51073
            ],
            [
              -149.7027,
              86.49011
            ],
            [
              -150.03933,
              86.45442
            ],
            [
              -149.46509,
              86.43366
            ],
            [
              -149.79879,
              86.39805
            ],
            [
              -149.23489,
              86.37714
            ],
            [
              -149.56567,
              86.34162
            ],
            [
              -149.01177,
              86.32057
            ],
            [
              -149.33964,
              86.28513
            ],
            [
              -148.79541,
              86.26394
            ],
            [
              -149.1204,
              86.22859
            ],
            [
              -148.58552,
              86.20727
            ],
            [
              -148.90763,
              86.172
            ],
            [
              -148.38182,
              86.15055
            ],
            [
              -148.70108,
              86.11535
            ],
            [
              -148.18404,
              86.09378
            ],
            [
              -148.50046,
              86.05866
            ],
            [
              -147.99193,
              86.03697
            ],
            [
              -148.30555,
              86.00193
            ],
            [
              -147.80526,
              85.98012
            ],
            [
              -148.11609,
              85.94515
            ],
            [
              -147.6238,
              85.92323
            ],
            [
              -147.93187,
              85.88833
            ],
            [
              -147.44734,
              85.8663
            ],
            [
              -147.75268,
              85.83147
            ],
            [
              -147.27568,
              85.80934
            ],
            [
              -147.57832,
              85.77458
            ],
            [
              -147.10864,
              85.75234
            ],
            [
              -147.4086,
              85.71764
            ],
            [
              -146.94602,
              85.69531
            ],
            [
              -147.24334,
              85.66068
            ],
            [
              -146.78766,
              85.63824
            ],
            [
              -147.08236,
              85.60368
            ],
            [
              -146.63339,
              85.58115
            ],
            [
              -146.92551,
              85.54665
            ],
            [
              -146.48306,
              85.52403
            ],
            [
              -146.77264,
              85.48958
            ],
            [
              -146.33653,
              85.46687
            ],
            [
              -146.62358,
              85.43249
            ],
            [
              -145.76799,
              85.38665
            ],
            [
              -145.47743,
              85.42068
            ],
            [
              -145.0544,
              85.3972
            ],
            [
              -144.75787,
              85.43095
            ],
            [
              -144.33763,
              85.40705
            ],
            [
              -144.03519,
              85.44049
            ],
            [
              -143.6179,
              85.41617
            ],
            [
              -143.30958,
              85.4493
            ],
            [
              -142.4857,
              85.39959
            ],
            [
              -142.79657,
              85.36681
            ],
            [
              -142.39249,
              85.34179
            ],
            [
              -142.70019,
              85.30905
            ],
            [
              -141.90719,
              85.25867
            ],
            [
              -141.59732,
              85.29105
            ],
            [
              -141.20617,
              85.26535
            ],
            [
              -140.57161,
              85.32934
            ],
            [
              -140.18297,
              85.30306
            ],
            [
              -139.85833,
              85.33466
            ],
            [
              -139.4733,
              85.30799
            ],
            [
              -138.80932,
              85.37037
            ],
            [
              -139.19571,
              85.3974
            ],
            [
              -138.51486,
              85.45951
            ],
            [
              -138.12728,
              85.43211
            ],
            [
              -137.42663,
              85.49319
            ],
            [
              -136.66379,
              85.43703
            ],
            [
              -137.01721,
              85.40695
            ],
            [
              -136.27354,
              85.35038
            ],
            [
              -135.56119,
              85.40962
            ],
            [
              -135.1959,
              85.38068
            ],
            [
              -134.83278,
              85.40985
            ],
            [
              -134.47209,
              85.38054
            ],
            [
              -134.10442,
              85.40933
            ],
            [
              -133.74843,
              85.37966
            ],
            [
              -132.61821,
              85.46433
            ],
            [
              -132.97339,
              85.49456
            ],
            [
              -132.58686,
              85.52257
            ],
            [
              -132.94648,
              85.55282
            ],
            [
              -132.55468,
              85.58082
            ],
            [
              -133.28808,
              85.64117
            ],
            [
              -132.89049,
              85.66935
            ],
            [
              -133.26453,
              85.69945
            ],
            [
              -132.86135,
              85.72761
            ],
            [
              -133.6247,
              85.78766
            ],
            [
              -133.21544,
              85.81601
            ],
            [
              -133.60503,
              85.84595
            ],
            [
              -133.18985,
              85.87429
            ],
            [
              -133.98557,
              85.934
            ],
            [
              -133.564,
              85.96254
            ],
            [
              -133.97045,
              85.99231
            ],
            [
              -133.54259,
              86.02084
            ],
            [
              -133.95487,
              86.05061
            ],
            [
              -133.52053,
              86.07914
            ],
            [
              -132.70283,
              86.01895
            ],
            [
              -133.13645,
              85.99086
            ],
            [
              -132.73636,
              85.96068
            ],
            [
              -133.16353,
              85.93257
            ],
            [
              -132.38014,
              85.87206
            ],
            [
              -132.80061,
              85.84415
            ],
            [
              -132.417,
              85.81381
            ],
            [
              -132.8314,
              85.78588
            ],
            [
              -132.07966,
              85.72506
            ],
            [
              -132.4877,
              85.69731
            ],
            [
              -131.75607,
              85.63618
            ],
            [
              -132.1579,
              85.6086
            ],
            [
              -131.44542,
              85.54717
            ],
            [
              -131.84117,
              85.51976
            ],
            [
              -131.49169,
              85.48898
            ],
            [
              -131.88208,
              85.46155
            ],
            [
              -131.53678,
              85.43079
            ],
            [
              -131.92195,
              85.40334
            ],
            [
              -131.58074,
              85.37261
            ],
            [
              -131.96083,
              85.34514
            ],
            [
              -131.29078,
              85.28354
            ],
            [
              -130.9118,
              85.31065
            ],
            [
              -130.58394,
              85.27944
            ],
            [
              -130.20125,
              85.30616
            ],
            [
              -129.87845,
              85.27461
            ],
            [
              -129.10157,
              85.32706
            ],
            [
              -128.78478,
              85.29502
            ],
            [
              -127.9924,
              85.34623
            ],
            [
              -127.68198,
              85.31369
            ],
            [
              -126.04951,
              85.41266
            ],
            [
              -125.74853,
              85.37929
            ],
            [
              -125.33092,
              85.40326
            ],
            [
              -125.63042,
              85.43681
            ],
            [
              -125.20689,
              85.46071
            ],
            [
              -125.81624,
              85.52779
            ],
            [
              -125.38503,
              85.5518
            ],
            [
              -126.00978,
              85.61873
            ],
            [
              -125.57063,
              85.64285
            ],
            [
              -125.8886,
              85.6763
            ],
            [
              -125.44289,
              85.70035
            ],
            [
              -126.09049,
              85.76723
            ],
            [
              -125.6363,
              85.7914
            ],
            [
              -126.30126,
              85.85811
            ],
            [
              -125.36979,
              85.90642
            ],
            [
              -125.03831,
              85.87274
            ],
            [
              -124.56633,
              85.89628
            ],
            [
              -124.24225,
              85.86228
            ],
            [
              -124.7122,
              85.83892
            ],
            [
              -124.0757,
              85.77091
            ],
            [
              -124.53647,
              85.74766
            ],
            [
              -123.61338,
              85.64525
            ],
            [
              -124.06336,
              85.62228
            ],
            [
              -123.17704,
              85.51934
            ],
            [
              -123.61665,
              85.49664
            ],
            [
              -123.04432,
              85.42778
            ],
            [
              -122.16848,
              85.47223
            ],
            [
              -121.89271,
              85.4373
            ],
            [
              -121.00401,
              85.48033
            ],
            [
              -120.73676,
              85.44496
            ],
            [
              -119.83583,
              85.48656
            ],
            [
              -119.32296,
              85.41489
            ],
            [
              -118.87121,
              85.43494
            ],
            [
              -118.62321,
              85.39882
            ],
            [
              -117.25208,
              85.45679
            ],
            [
              -117.0158,
              85.42012
            ],
            [
              -116.08809,
              85.45699
            ],
            [
              -115.86118,
              85.41994
            ],
            [
              -115.39464,
              85.43778
            ],
            [
              -115.17429,
              85.40053
            ],
            [
              -113.76218,
              85.45177
            ],
            [
              -113.55454,
              85.41403
            ],
            [
              -112.12098,
              85.46205
            ],
            [
              -111.92651,
              85.42385
            ],
            [
              -111.44542,
              85.43909
            ],
            [
              -111.8308,
              85.5157
            ],
            [
              -111.33948,
              85.53087
            ],
            [
              -112.13657,
              85.68398
            ],
            [
              -111.62708,
              85.69935
            ],
            [
              -112.46717,
              85.85216
            ],
            [
              -112.99217,
              85.83622
            ],
            [
              -113.44384,
              85.91197
            ],
            [
              -112.91083,
              85.92821
            ],
            [
              -113.37136,
              86.00401
            ],
            [
              -112.82572,
              86.0202
            ],
            [
              -113.05833,
              86.05816
            ],
            [
              -112.50389,
              86.07413
            ],
            [
              -112.97388,
              86.15017
            ],
            [
              -112.40578,
              86.16608
            ],
            [
              -112.88529,
              86.24217
            ],
            [
              -112.30283,
              86.25803
            ],
            [
              -113.04466,
              86.37215
            ],
            [
              -112.44192,
              86.3881
            ],
            [
              -113.21587,
              86.5021
            ],
            [
              -112.5914,
              86.51816
            ],
            [
              -113.97061,
              86.70755
            ],
            [
              -113.31066,
              86.7241
            ],
            [
              -114.5081,
              86.8749
            ],
            [
              -113.81546,
              86.8918
            ],
            [
              -115.80211,
              87.11644
            ],
            [
              -114.30635,
              87.1514
            ],
            [
              -113.64075,
              87.07603
            ],
            [
              -112.89529,
              87.09234
            ],
            [
              -112.58307,
              87.0543
            ],
            [
              -111.83747,
              87.06991
            ],
            [
              -111.54123,
              87.03158
            ],
            [
              -110.79607,
              87.04649
            ],
            [
              -110.51556,
              87.0079
            ],
            [
              -109.7714,
              87.02212
            ],
            [
              -108.75061,
              86.86638
            ],
            [
              -109.46251,
              86.85287
            ],
            [
              -107.85054,
              86.57937
            ],
            [
              -108.50643,
              86.56649
            ],
            [
              -107.27937,
              86.33107
            ],
            [
              -107.893,
              86.3186
            ],
            [
              -106.4392,
              86.00349
            ],
            [
              -107.00524,
              85.99162
            ],
            [
              -106.02833,
              85.75452
            ],
            [
              -106.56239,
              85.74295
            ],
            [
              -105.80625,
              85.54506
            ],
            [
              -105.29409,
              85.55612
            ],
            [
              -105.15506,
              85.51636
            ],
            [
              -102.05809,
              85.57459
            ],
            [
              -102.17068,
              85.61488
            ],
            [
              -101.64236,
              85.62339
            ],
            [
              -102.21357,
              85.825
            ],
            [
              -101.65867,
              85.83353
            ],
            [
              -102.51947,
              86.11567
            ],
            [
              -101.92358,
              86.1244
            ],
            [
              -102.87488,
              86.40626
            ],
            [
              -102.23151,
              86.41523
            ],
            [
              -102.97159,
              86.61642
            ],
            [
              -102.28837,
              86.62544
            ],
            [
              -102.43926,
              86.66572
            ],
            [
              -103.13029,
              86.65659
            ],
            [
              -103.29286,
              86.69673
            ],
            [
              -102.59384,
              86.70597
            ],
            [
              -103.60686,
              86.94697
            ],
            [
              -102.85129,
              86.95641
            ],
            [
              -104.39637,
              87.2771
            ],
            [
              -102.70072,
              87.29645
            ],
            [
              -99.85571,
              86.5278
            ],
            [
              -100.52562,
              86.5205
            ],
            [
              -100.40295,
              86.47996
            ],
            [
              -99.74053,
              86.48717
            ],
            [
              -99.51799,
              86.40588
            ],
            [
              -100.1659,
              86.39882
            ],
            [
              -98.35372,
              85.62577
            ],
            [
              -98.88799,
              85.61959
            ],
            [
              -98.34017,
              85.33441
            ],
            [
              -94.29254,
              85.37072
            ],
            [
              -94.37035,
              85.4529
            ],
            [
              -93.85134,
              85.45585
            ],
            [
              -94.55322,
              86.15461
            ],
            [
              -93.93947,
              86.15767
            ],
            [
              -95.22905,
              87.10305
            ],
            [
              -94.41471,
              87.10652
            ],
            [
              -94.17669,
              86.94202
            ],
            [
              -93.40432,
              86.94475
            ],
            [
              -93.27184,
              86.82124
            ],
            [
              -92.52824,
              86.82333
            ],
            [
              -92.37411,
              86.61734
            ],
            [
              -91.67498,
              86.6188
            ],
            [
              -91.57868,
              86.41273
            ],
            [
              -90.91926,
              86.41363
            ],
            [
              -90.8886,
              86.28996
            ],
            [
              -90.25093,
              86.29038
            ],
            [
              -90.24025,
              86.12548
            ],
            [
              -89.62968,
              86.12543
            ],
            [
              -89.6484,
              85.91934
            ],
            [
              -89.06877,
              85.91888
            ],
            [
              -89.09617,
              85.79525
            ],
            [
              -89.65875,
              85.7957
            ],
            [
              -89.66206,
              85.75449
            ],
            [
              -89.10495,
              85.75404
            ],
            [
              -89.1695,
              85.42442
            ],
            [
              -88.6527,
              85.42364
            ],
            [
              -88.64044,
              85.46483
            ],
            [
              -88.11917,
              85.46366
            ],
            [
              -88.15276,
              85.3813
            ],
            [
              -87.64108,
              85.37979
            ],
            [
              -87.66194,
              85.33862
            ],
            [
              -87.15515,
              85.33675
            ],
            [
              -87.12977,
              85.3779
            ],
            [
              -85.08993,
              85.36671
            ],
            [
              -85.04589,
              85.40776
            ],
            [
              -84.02131,
              85.3999
            ],
            [
              -83.85637,
              85.52283
            ],
            [
              -84.38215,
              85.52705
            ],
            [
              -84.16737,
              85.69106
            ],
            [
              -84.71401,
              85.69506
            ],
            [
              -84.44845,
              85.90021
            ],
            [
              -85.02328,
              85.90399
            ],
            [
              -84.81467,
              86.06822
            ],
            [
              -85.41442,
              86.07173
            ],
            [
              -85.2136,
              86.23607
            ],
            [
              -85.84047,
              86.23929
            ],
            [
              -85.64977,
              86.40374
            ],
            [
              -86.30626,
              86.40663
            ],
            [
              -86.0815,
              86.61233
            ],
            [
              -86.77878,
              86.6149
            ],
            [
              -86.6138,
              86.77957
            ],
            [
              -87.34769,
              86.78174
            ],
            [
              -87.20439,
              86.94651
            ],
            [
              -87.97878,
              86.94824
            ],
            [
              -87.89335,
              87.07188
            ],
            [
              -87.08633,
              87.07007
            ],
            [
              -87.04473,
              87.11126
            ],
            [
              -86.22742,
              87.10884
            ],
            [
              -86.33204,
              87.02653
            ],
            [
              -87.12678,
              87.02889
            ],
            [
              -87.16611,
              86.9877
            ],
            [
              -86.38221,
              86.98537
            ],
            [
              -86.47854,
              86.90305
            ],
            [
              -85.71668,
              86.90024
            ],
            [
              -85.88102,
              86.77686
            ],
            [
              -85.14958,
              86.77364
            ],
            [
              -85.32859,
              86.65036
            ],
            [
              -84.62537,
              86.64675
            ],
            [
              -84.81644,
              86.52357
            ],
            [
              -84.13945,
              86.5196
            ],
            [
              -84.34039,
              86.39654
            ],
            [
              -83.68783,
              86.39223
            ],
            [
              -83.8968,
              86.26928
            ],
            [
              -83.26705,
              86.26467
            ],
            [
              -83.55133,
              86.10086
            ],
            [
              -82.9492,
              86.09602
            ],
            [
              -83.16535,
              85.97326
            ],
            [
              -82.58279,
              85.96815
            ],
            [
              -82.80312,
              85.8455
            ],
            [
              -82.23894,
              85.84013
            ],
            [
              -82.46252,
              85.71759
            ],
            [
              -81.91564,
              85.71199
            ],
            [
              -82.14172,
              85.58955
            ],
            [
              -81.61113,
              85.58372
            ],
            [
              -81.91229,
              85.4206
            ],
            [
              -80.89225,
              85.40827
            ],
            [
              -80.81005,
              85.44895
            ],
            [
              -79.27791,
              85.42756
            ],
            [
              -79.18089,
              85.46804
            ],
            [
              -78.15921,
              85.45183
            ],
            [
              -77.60136,
              85.65328
            ],
            [
              -78.13392,
              85.66195
            ],
            [
              -77.6685,
              85.82313
            ],
            [
              -78.22293,
              85.83175
            ],
            [
              -77.86534,
              85.95272
            ],
            [
              -78.43797,
              85.96119
            ],
            [
              -78.07521,
              86.08226
            ],
            [
              -78.66727,
              86.09057
            ],
            [
              -78.29944,
              86.21175
            ],
            [
              -78.91227,
              86.2199
            ],
            [
              -78.53955,
              86.34119
            ],
            [
              -79.17464,
              86.34917
            ],
            [
              -78.79728,
              86.47057
            ],
            [
              -79.45628,
              86.47836
            ],
            [
              -78.94128,
              86.64036
            ],
            [
              -79.63401,
              86.64804
            ],
            [
              -79.23898,
              86.76964
            ],
            [
              -79.96019,
              86.7771
            ],
            [
              -79.56152,
              86.89884
            ],
            [
              -80.31359,
              86.90605
            ],
            [
              -79.91209,
              87.02793
            ],
            [
              -80.69773,
              87.03488
            ],
            [
              -80.29451,
              87.15691
            ],
            [
              -81.11677,
              87.16358
            ],
            [
              -80.71327,
              87.28576
            ],
            [
              -81.57563,
              87.29212
            ],
            [
              -81.17375,
              87.41446
            ],
            [
              -82.08021,
              87.42047
            ],
            [
              -81.81938,
              87.50216
            ],
            [
              -79.95353,
              87.48908
            ],
            [
              -80.11516,
              87.44845
            ],
            [
              -79.2042,
              87.44104
            ],
            [
              -79.37455,
              87.40051
            ],
            [
              -78.4826,
              87.39258
            ],
            [
              -78.66088,
              87.35215
            ],
            [
              -77.78746,
              87.34373
            ],
            [
              -77.97291,
              87.3034
            ],
            [
              -76.26794,
              87.285
            ],
            [
              -76.47163,
              87.24491
            ],
            [
              -74.81376,
              87.22444
            ],
            [
              -75.24755,
              87.14475
            ],
            [
              -74.44919,
              87.13396
            ],
            [
              -74.6673,
              87.09421
            ],
            [
              -73.88502,
              87.08302
            ],
            [
              -74.10695,
              87.04338
            ],
            [
              -73.34027,
              87.03181
            ],
            [
              -73.78508,
              86.9527
            ],
            [
              -73.04239,
              86.94091
            ],
            [
              -73.26491,
              86.90144
            ],
            [
              -72.53651,
              86.88931
            ],
            [
              -72.98136,
              86.81054
            ],
            [
              -72.27476,
              86.79821
            ],
            [
              -72.71354,
              86.71956
            ],
            [
              -72.0275,
              86.70706
            ],
            [
              -72.46019,
              86.62852
            ],
            [
              -71.79358,
              86.61586
            ],
            [
              -72.00932,
              86.57666
            ],
            [
              -71.35449,
              86.56369
            ],
            [
              -71.78455,
              86.48546
            ],
            [
              -71.1475,
              86.47234
            ],
            [
              -71.36165,
              86.4333
            ],
            [
              -70.73548,
              86.4199
            ],
            [
              -71.16187,
              86.34196
            ],
            [
              -70.55203,
              86.32843
            ],
            [
              -70.76414,
              86.28953
            ],
            [
              -70.16437,
              86.27573
            ],
            [
              -70.58629,
              86.19807
            ],
            [
              -70.00157,
              86.18416
            ],
            [
              -70.41681,
              86.10658
            ],
            [
              -69.8464,
              86.09256
            ],
            [
              -70.25512,
              86.01507
            ],
            [
              -69.69835,
              86.00094
            ],
            [
              -69.90145,
              85.96226
            ],
            [
              -69.35321,
              85.9479
            ],
            [
              -69.95306,
              85.83196
            ],
            [
              -69.42173,
              85.81765
            ],
            [
              -69.81177,
              85.74038
            ],
            [
              -69.29232,
              85.72597
            ],
            [
              -69.67645,
              85.64878
            ],
            [
              -69.16836,
              85.63428
            ],
            [
              -69.5467,
              85.55715
            ],
            [
              -69.0495,
              85.54257
            ],
            [
              -69.23745,
              85.50407
            ],
            [
              -68.74712,
              85.48928
            ],
            [
              -68.93543,
              85.45086
            ],
            [
              -68.45182,
              85.43587
            ],
            [
              -68.82588,
              85.35913
            ],
            [
              -68.35217,
              85.34408
            ],
            [
              -68.53788,
              85.30576
            ],
            [
              -68.07048,
              85.29051
            ],
            [
              -68.43929,
              85.21398
            ],
            [
              -67.98114,
              85.19867
            ],
            [
              -68.16421,
              85.16046
            ],
            [
              -67.71201,
              85.14497
            ],
            [
              -67.89517,
              85.10683
            ],
            [
              -67.44877,
              85.09117
            ],
            [
              -67.63197,
              85.0531
            ],
            [
              -67.19126,
              85.03726
            ],
            [
              -67.00525,
              85.07521
            ],
            [
              -66.56461,
              85.05896
            ],
            [
              -66.37294,
              85.09672
            ],
            [
              -65.4951,
              85.0631
            ],
            [
              -65.29504,
              85.10055
            ],
            [
              -64.85804,
              85.08318
            ],
            [
              -64.65229,
              85.12044
            ],
            [
              -63.78258,
              85.08457
            ],
            [
              -63.56859,
              85.12149
            ],
            [
              -63.1361,
              85.103
            ],
            [
              -63.56575,
              85.02937
            ],
            [
              -63.14127,
              85.01088
            ],
            [
              -63.35368,
              84.9741
            ],
            [
              -62.51871,
              84.93658
            ],
            [
              -62.30179,
              84.97309
            ],
            [
              -61.88682,
              84.95379
            ],
            [
              -61.66456,
              84.99009
            ],
            [
              -61.25068,
              84.97039
            ],
            [
              -61.02307,
              85.00646
            ],
            [
              -60.6104,
              84.98636
            ],
            [
              -60.37743,
              85.02221
            ],
            [
              -59.9661,
              85.0017
            ],
            [
              -59.486,
              85.07285
            ],
            [
              -59.07423,
              85.05179
            ],
            [
              -58.82703,
              85.08708
            ],
            [
              -58.41693,
              85.06561
            ],
            [
              -58.16431,
              85.10066
            ],
            [
              -58.57626,
              85.12228
            ],
            [
              -58.0637,
              85.19239
            ],
            [
              -57.6481,
              85.17046
            ],
            [
              -57.38436,
              85.20521
            ],
            [
              -56.9708,
              85.18286
            ],
            [
              -57.23628,
              85.14827
            ],
            [
              -56.82824,
              85.12583
            ],
            [
              -57.09164,
              85.0913
            ],
            [
              -56.68898,
              85.06878
            ],
            [
              -56.95033,
              85.0343
            ],
            [
              -56.55292,
              85.0117
            ],
            [
              -56.29001,
              85.04602
            ],
            [
              -55.89471,
              85.02302
            ],
            [
              -55.62664,
              85.05707
            ],
            [
              -55.23358,
              85.03368
            ],
            [
              -54.96039,
              85.06746
            ],
            [
              -54.56969,
              85.04368
            ],
            [
              -54.00932,
              85.11057
            ],
            [
              -53.61988,
              85.08623
            ],
            [
              -53.90321,
              85.05301
            ],
            [
              -53.5188,
              85.02861
            ],
            [
              -53.23429,
              85.06167
            ],
            [
              -52.85255,
              85.03688
            ],
            [
              -52.26982,
              85.1023
            ],
            [
              -50.77333,
              84.99968
            ],
            [
              -50.47256,
              85.03152
            ],
            [
              -49.74596,
              84.97864
            ],
            [
              -49.13009,
              85.04122
            ],
            [
              -48.77138,
              85.01415
            ],
            [
              -48.13881,
              85.07581
            ],
            [
              -47.78309,
              85.0482
            ],
            [
              -47.46045,
              85.07863
            ],
            [
              -47.10835,
              85.05067
            ],
            [
              -46.11538,
              85.14048
            ],
            [
              -45.76666,
              85.11181
            ],
            [
              -45.08397,
              85.1705
            ],
            [
              -44.73926,
              85.1413
            ],
            [
              -44.39171,
              85.1702
            ],
            [
              -44.05122,
              85.14066
            ],
            [
              -43.34387,
              85.19758
            ],
            [
              -43.00794,
              85.16751
            ],
            [
              -42.28437,
              85.22333
            ],
            [
              -41.62652,
              85.162
            ],
            [
              -41.98958,
              85.13454
            ],
            [
              -41.3473,
              85.07294
            ],
            [
              -41.70537,
              85.04563
            ],
            [
              -41.38974,
              85.01478
            ],
            [
              -41.74342,
              84.98745
            ],
            [
              -41.12279,
              84.92564
            ],
            [
              -40.77012,
              84.95263
            ],
            [
              -40.46602,
              84.92134
            ],
            [
              -39.75056,
              84.97441
            ],
            [
              -39.45153,
              84.94265
            ],
            [
              -38.35221,
              85.02025
            ],
            [
              -38.05942,
              84.98785
            ],
            [
              -37.30943,
              85.03822
            ],
            [
              -37.89498,
              85.10354
            ],
            [
              -37.51216,
              85.12874
            ],
            [
              -38.11149,
              85.19389
            ],
            [
              -37.72257,
              85.2192
            ],
            [
              -38.02734,
              85.25175
            ],
            [
              -37.63319,
              85.27702
            ],
            [
              -37.03,
              85.21144
            ],
            [
              -37.42193,
              85.18652
            ],
            [
              -36.8328,
              85.12078
            ],
            [
              -37.21848,
              85.09597
            ],
            [
              -36.36067,
              84.99692
            ],
            [
              -36.73917,
              84.97239
            ],
            [
              -36.45963,
              84.93929
            ],
            [
              -35.70124,
              84.98781
            ],
            [
              -35.42772,
              84.95427
            ],
            [
              -34.26654,
              85.02488
            ],
            [
              -34.00071,
              84.99076
            ],
            [
              -33.21133,
              85.03636
            ],
            [
              -32.95215,
              85.00181
            ],
            [
              -31.33669,
              85.08949
            ],
            [
              -30.84282,
              85.01888
            ],
            [
              -29.60532,
              85.08109
            ],
            [
              -29.36951,
              85.0452
            ],
            [
              -27.67989,
              85.12389
            ],
            [
              -27.45625,
              85.08735
            ],
            [
              -27.02776,
              85.1062
            ],
            [
              -27.24904,
              85.14289
            ],
            [
              -26.37726,
              85.18006
            ],
            [
              -26.16091,
              85.14309
            ],
            [
              -26.59598,
              85.12478
            ],
            [
              -25.9589,
              85.01388
            ],
            [
              -25.10053,
              85.04939
            ],
            [
              -24.89939,
              85.01202
            ],
            [
              -22.26797,
              85.11093
            ],
            [
              -24.47293,
              85.52738
            ],
            [
              -23.99017,
              85.54429
            ],
            [
              -21.64028,
              85.08809
            ],
            [
              -18.44395,
              85.18696
            ],
            [
              -19.08672,
              85.34313
            ],
            [
              -18.60576,
              85.35644
            ],
            [
              -17.82609,
              85.1606
            ],
            [
              -16.89156,
              85.18518
            ],
            [
              -16.74999,
              85.14571
            ],
            [
              -14.8676,
              85.19061
            ],
            [
              -14.74245,
              85.15075
            ],
            [
              -14.27017,
              85.16107
            ],
            [
              -14.39165,
              85.20101
            ],
            [
              -12.9518,
              85.23023
            ],
            [
              -12.73321,
              85.14983
            ],
            [
              -12.25708,
              85.15874
            ],
            [
              -11.85561,
              84.99747
            ],
            [
              -9.99448,
              85.0287
            ],
            [
              -10.07773,
              85.06929
            ],
            [
              -9.60519,
              85.07633
            ],
            [
              -9.44749,
              84.99502
            ],
            [
              -6.6325,
              85.02959
            ],
            [
              -6.68792,
              85.07054
            ],
            [
              -5.73392,
              85.07946
            ],
            [
              -5.78234,
              85.12048
            ],
            [
              -4.81714,
              85.12809
            ],
            [
              -4.77671,
              85.087
            ],
            [
              -4.29707,
              85.09026
            ],
            [
              -4.26128,
              85.04915
            ],
            [
              -2.83096,
              85.05679
            ],
            [
              -2.85479,
              85.09797
            ],
            [
              -1.40888,
              85.10257
            ],
            [
              -1.42085,
              85.14378
            ],
            [
              -0.9343,
              85.14463
            ],
            [
              -0.94231,
              85.18586
            ],
            [
              0.03949,
              85.18651
            ],
            [
              0.03983,
              85.22774
            ],
            [
              1.0301,
              85.22697
            ],
            [
              1.01259,
              85.14452
            ],
            [
              1.49912,
              85.14362
            ],
            [
              1.46184,
              85.01997
            ],
            [
              1.93608,
              85.01875
            ],
            [
              1.92017,
              84.97755
            ],
            [
              2.86003,
              84.97411
            ],
            [
              2.8837,
              85.01529
            ],
            [
              4.30202,
              85.00754
            ],
            [
              4.33785,
              85.04865
            ],
            [
              4.81343,
              85.04537
            ],
            [
              4.73463,
              84.9632
            ],
            [
              5.20185,
              84.95963
            ],
            [
              5.24474,
              85.00069
            ],
            [
              6.18462,
              84.99248
            ],
            [
              6.23593,
              85.03347
            ],
            [
              7.65075,
              85.01853
            ],
            [
              7.71448,
              85.05939
            ],
            [
              8.18791,
              85.05369
            ],
            [
              8.32639,
              85.13529
            ],
            [
              8.80644,
              85.12915
            ],
            [
              8.8814,
              85.16989
            ],
            [
              9.36414,
              85.16336
            ],
            [
              9.44438,
              85.20404
            ],
            [
              8.95765,
              85.21063
            ],
            [
              9.1141,
              85.29207
            ],
            [
              8.61779,
              85.29842
            ],
            [
              8.77122,
              85.37994
            ],
            [
              8.26501,
              85.38605
            ],
            [
              8.41505,
              85.46765
            ],
            [
              7.89856,
              85.4735
            ],
            [
              8.04482,
              85.55518
            ],
            [
              7.51767,
              85.56076
            ],
            [
              7.65971,
              85.64252
            ],
            [
              7.12151,
              85.64783
            ],
            [
              7.25886,
              85.72967
            ],
            [
              6.70918,
              85.73468
            ],
            [
              6.90933,
              85.85755
            ],
            [
              6.34225,
              85.86231
            ],
            [
              6.47111,
              85.9443
            ],
            [
              5.89141,
              85.94873
            ],
            [
              6.01376,
              86.0308
            ],
            [
              5.42093,
              86.0349
            ],
            [
              5.53604,
              86.11704
            ],
            [
              4.92956,
              86.1208
            ],
            [
              5.03664,
              86.203
            ],
            [
              4.41597,
              86.2064
            ],
            [
              4.51413,
              86.28867
            ],
            [
              3.87868,
              86.29168
            ],
            [
              3.96695,
              86.37401
            ],
            [
              3.31614,
              86.37663
            ],
            [
              3.35434,
              86.41782
            ],
            [
              2.69519,
              86.42
            ],
            [
              2.7588,
              86.50244
            ],
            [
              2.08339,
              86.50418
            ],
            [
              2.10829,
              86.54542
            ],
            [
              1.42423,
              86.54669
            ],
            [
              1.44146,
              86.58794
            ],
            [
              0.74871,
              86.58873
            ],
            [
              0.75789,
              86.62999
            ],
            [
              0.05643,
              86.63029
            ],
            [
              0.05713,
              86.67156
            ],
            [
              -0.65304,
              86.67134
            ],
            [
              -0.66966,
              86.75388
            ],
            [
              -1.39769,
              86.75313
            ],
            [
              -1.47259,
              86.91817
            ],
            [
              -0.70556,
              86.91895
            ],
            [
              -0.68714,
              86.83641
            ],
            [
              0.06011,
              86.83664
            ],
            [
              0.05785,
              86.71283
            ],
            [
              1.49576,
              86.71171
            ],
            [
              1.47721,
              86.67045
            ],
            [
              2.18668,
              86.66913
            ],
            [
              2.15991,
              86.62789
            ],
            [
              2.86006,
              86.62609
            ],
            [
              2.82549,
              86.58487
            ],
            [
              3.51637,
              86.58259
            ],
            [
              3.47441,
              86.5414
            ],
            [
              4.15609,
              86.53866
            ],
            [
              4.10714,
              86.4975
            ],
            [
              4.7797,
              86.4943
            ],
            [
              4.66981,
              86.41205
            ],
            [
              5.32579,
              86.40846
            ],
            [
              5.20625,
              86.32629
            ],
            [
              5.84633,
              86.32232
            ],
            [
              5.78153,
              86.28127
            ],
            [
              6.41319,
              86.27689
            ],
            [
              6.2743,
              86.19487
            ],
            [
              6.891,
              86.19015
            ],
            [
              6.74514,
              86.10822
            ],
            [
              7.3475,
              86.10316
            ],
            [
              7.27068,
              86.06224
            ],
            [
              7.86528,
              86.05681
            ],
            [
              7.70443,
              85.97506
            ],
            [
              8.28554,
              85.96933
            ],
            [
              8.11975,
              85.88767
            ],
            [
              8.6879,
              85.88165
            ],
            [
              8.51775,
              85.80007
            ],
            [
              9.07346,
              85.79377
            ],
            [
              8.89946,
              85.71229
            ],
            [
              9.44321,
              85.70572
            ],
            [
              9.35368,
              85.66503
            ],
            [
              9.89078,
              85.65814
            ],
            [
              9.70707,
              85.57686
            ],
            [
              10.23289,
              85.56972
            ],
            [
              10.04661,
              85.48853
            ],
            [
              10.56159,
              85.48116
            ],
            [
              10.4665,
              85.44061
            ],
            [
              10.97536,
              85.43295
            ],
            [
              10.7816,
              85.35195
            ],
            [
              11.28022,
              85.34407
            ],
            [
              11.08488,
              85.26317
            ],
            [
              11.57364,
              85.25507
            ],
            [
              11.37698,
              85.17426
            ],
            [
              11.85623,
              85.16596
            ],
            [
              11.75654,
              85.1256
            ],
            [
              12.23034,
              85.11704
            ],
            [
              12.02846,
              85.03643
            ],
            [
              12.49327,
              85.02768
            ],
            [
              12.59701,
              85.06792
            ],
            [
              13.06374,
              85.05878
            ],
            [
              13.17281,
              85.09893
            ],
            [
              14.10809,
              85.0795
            ],
            [
              14.22621,
              85.11947
            ],
            [
              15.16093,
              85.09858
            ],
            [
              15.54898,
              85.21785
            ],
            [
              15.07181,
              85.22873
            ],
            [
              15.33399,
              85.30831
            ],
            [
              14.8471,
              85.31904
            ],
            [
              15.11054,
              85.39871
            ],
            [
              14.61354,
              85.40928
            ],
            [
              14.74467,
              85.44917
            ],
            [
              14.24131,
              85.45948
            ],
            [
              14.50222,
              85.53938
            ],
            [
              13.9881,
              85.54952
            ],
            [
              14.24975,
              85.62951
            ],
            [
              13.72442,
              85.63948
            ],
            [
              13.98664,
              85.71957
            ],
            [
              13.44962,
              85.72934
            ],
            [
              13.71222,
              85.80953
            ],
            [
              13.16301,
              85.81911
            ],
            [
              13.29311,
              85.85926
            ],
            [
              12.73635,
              85.86854
            ],
            [
              12.99383,
              85.94898
            ],
            [
              12.42404,
              85.95804
            ],
            [
              12.68099,
              86.03858
            ],
            [
              12.09758,
              86.04742
            ],
            [
              12.35367,
              86.12806
            ],
            [
              11.75601,
              86.13667
            ],
            [
              11.88209,
              86.17706
            ],
            [
              11.27573,
              86.18533
            ],
            [
              11.52351,
              86.26622
            ],
            [
              10.90186,
              86.27424
            ],
            [
              11.14738,
              86.35524
            ],
            [
              11.78226,
              86.34704
            ],
            [
              11.65147,
              86.30664
            ],
            [
              12.27683,
              86.29809
            ],
            [
              12.01086,
              86.21742
            ],
            [
              12.62066,
              86.20863
            ],
            [
              12.48576,
              86.16836
            ],
            [
              13.08663,
              86.15923
            ],
            [
              12.81343,
              86.07882
            ],
            [
              13.39981,
              86.06947
            ],
            [
              13.26174,
              86.02933
            ],
            [
              13.83973,
              86.01967
            ],
            [
              13.69898,
              85.9796
            ],
            [
              14.26875,
              85.96964
            ],
            [
              13.98506,
              85.88963
            ],
            [
              14.54166,
              85.87948
            ],
            [
              14.3989,
              85.83953
            ],
            [
              14.94777,
              85.82909
            ],
            [
              14.80287,
              85.78923
            ],
            [
              15.34416,
              85.77851
            ],
            [
              15.0531,
              85.6989
            ],
            [
              15.58241,
              85.68801
            ],
            [
              15.4364,
              85.64827
            ],
            [
              15.95857,
              85.63712
            ],
            [
              15.66577,
              85.55776
            ],
            [
              16.17673,
              85.54645
            ],
            [
              16.03006,
              85.50683
            ],
            [
              16.5343,
              85.49528
            ],
            [
              16.38617,
              85.45573
            ],
            [
              16.88382,
              85.44393
            ],
            [
              16.58741,
              85.36495
            ],
            [
              17.0748,
              85.35302
            ],
            [
              16.92661,
              85.31358
            ],
            [
              17.40779,
              85.30142
            ],
            [
              17.11156,
              85.22267
            ],
            [
              17.58312,
              85.21039
            ],
            [
              17.43516,
              85.17107
            ],
            [
              17.90085,
              85.15856
            ],
            [
              17.7519,
              85.11931
            ],
            [
              18.66933,
              85.09356
            ],
            [
              18.82488,
              85.13261
            ],
            [
              19.28314,
              85.11916
            ],
            [
              19.44445,
              85.15806
            ],
            [
              20.35962,
              85.13001
            ],
            [
              20.52994,
              85.16864
            ],
            [
              20.98662,
              85.15404
            ],
            [
              21.34187,
              85.23094
            ],
            [
              20.87888,
              85.24578
            ],
            [
              21.23933,
              85.32274
            ],
            [
              20.76689,
              85.33751
            ],
            [
              20.94826,
              85.37604
            ],
            [
              20.46944,
              85.39061
            ],
            [
              20.83446,
              85.46779
            ],
            [
              20.34554,
              85.48228
            ],
            [
              20.52914,
              85.52092
            ],
            [
              20.03343,
              85.53521
            ],
            [
              20.40281,
              85.61261
            ],
            [
              19.89628,
              85.62681
            ],
            [
              20.082,
              85.66557
            ],
            [
              19.56822,
              85.67954
            ],
            [
              19.94169,
              85.75718
            ],
            [
              19.41631,
              85.77106
            ],
            [
              19.60399,
              85.80994
            ],
            [
              19.07087,
              85.82359
            ],
            [
              19.44804,
              85.90147
            ],
            [
              18.90245,
              85.91501
            ],
            [
              19.09186,
              85.95401
            ],
            [
              18.53799,
              85.96731
            ],
            [
              18.91837,
              86.04545
            ],
            [
              19.48185,
              86.03189
            ],
            [
              19.28496,
              85.99297
            ],
            [
              19.83981,
              85.97917
            ],
            [
              19.64205,
              85.94035
            ],
            [
              20.18849,
              85.92631
            ],
            [
              19.98998,
              85.88756
            ],
            [
              20.52822,
              85.87329
            ],
            [
              20.13359,
              85.79593
            ],
            [
              20.65964,
              85.78157
            ],
            [
              20.46359,
              85.74295
            ],
            [
              20.98197,
              85.72837
            ],
            [
              20.78546,
              85.68983
            ],
            [
              21.29636,
              85.67503
            ],
            [
              21.09947,
              85.63658
            ],
            [
              21.60307,
              85.62157
            ],
            [
              21.21212,
              85.54478
            ],
            [
              21.70499,
              85.52971
            ],
            [
              21.51097,
              85.49136
            ],
            [
              21.99699,
              85.47609
            ],
            [
              21.8028,
              85.43783
            ],
            [
              22.28214,
              85.42236
            ],
            [
              22.08784,
              85.38418
            ],
            [
              22.56066,
              85.36853
            ],
            [
              22.17514,
              85.29226
            ],
            [
              23.09866,
              85.26055
            ],
            [
              23.29603,
              85.29845
            ],
            [
              23.75609,
              85.282
            ],
            [
              23.95967,
              85.31971
            ],
            [
              24.41944,
              85.30283
            ],
            [
              24.62928,
              85.34035
            ],
            [
              25.08861,
              85.32303
            ],
            [
              25.30477,
              85.36034
            ],
            [
              25.7635,
              85.34258
            ],
            [
              26.21213,
              85.41671
            ],
            [
              25.74769,
              85.43476
            ],
            [
              25.97461,
              85.47187
            ],
            [
              25.50354,
              85.48977
            ],
            [
              25.96273,
              85.56407
            ],
            [
              25.48178,
              85.58195
            ],
            [
              25.71407,
              85.61915
            ],
            [
              25.22603,
              85.63687
            ],
            [
              25.93743,
              85.74848
            ],
            [
              25.4354,
              85.76634
            ],
            [
              25.6775,
              85.80356
            ],
            [
              25.16775,
              85.82125
            ],
            [
              25.41065,
              85.85855
            ],
            [
              24.37091,
              85.89324
            ],
            [
              24.61079,
              85.93078
            ],
            [
              24.0805,
              85.94777
            ],
            [
              24.32092,
              85.9854
            ],
            [
              23.78217,
              86.0022
            ],
            [
              24.26859,
              86.07756
            ],
            [
              23.71688,
              86.09432
            ],
            [
              23.96288,
              86.13206
            ],
            [
              23.40205,
              86.14862
            ],
            [
              23.64844,
              86.18645
            ],
            [
              23.07823,
              86.2028
            ],
            [
              23.3249,
              86.24072
            ],
            [
              22.74503,
              86.25685
            ],
            [
              23.24388,
              86.33281
            ],
            [
              22.64901,
              86.34889
            ],
            [
              22.90116,
              86.38693
            ],
            [
              22.29583,
              86.40278
            ],
            [
              22.54802,
              86.44092
            ],
            [
              21.93192,
              86.45653
            ],
            [
              22.18402,
              86.49477
            ],
            [
              21.55681,
              86.51013
            ],
            [
              21.80866,
              86.54848
            ],
            [
              21.17,
              86.56358
            ],
            [
              21.42145,
              86.60203
            ],
            [
              20.77098,
              86.61687
            ],
            [
              21.27855,
              86.69392
            ],
            [
              20.60929,
              86.70866
            ],
            [
              20.86531,
              86.74725
            ],
            [
              20.18318,
              86.76171
            ],
            [
              20.43831,
              86.80041
            ],
            [
              19.04138,
              86.82827
            ],
            [
              19.28778,
              86.86726
            ],
            [
              18.57247,
              86.88064
            ],
            [
              18.81711,
              86.91973
            ],
            [
              18.08756,
              86.93279
            ],
            [
              18.33016,
              86.97199
            ],
            [
              17.58591,
              86.98471
            ],
            [
              17.82612,
              87.02403
            ],
            [
              17.06672,
              87.0364
            ],
            [
              17.30419,
              87.07583
            ],
            [
              16.52913,
              87.08783
            ],
            [
              16.76346,
              87.12738
            ],
            [
              15.97225,
              87.139
            ],
            [
              16.20302,
              87.17866
            ],
            [
              15.39514,
              87.18989
            ],
            [
              16.34287,
              87.34873
            ],
            [
              15.48351,
              87.36004
            ],
            [
              15.97692,
              87.43951
            ],
            [
              15.08538,
              87.45056
            ],
            [
              15.33077,
              87.4904
            ],
            [
              14.41836,
              87.50098
            ],
            [
              14.65795,
              87.54095
            ],
            [
              13.72394,
              87.55106
            ],
            [
              13.95699,
              87.59115
            ],
            [
              13.00064,
              87.60076
            ],
            [
              13.45976,
              87.68114
            ],
            [
              12.46418,
              87.6904
            ],
            [
              12.92242,
              87.77096
            ],
            [
              11.88444,
              87.77982
            ],
            [
              12.33999,
              87.86056
            ],
            [
              11.2561,
              87.86899
            ],
            [
              11.47705,
              87.90947
            ],
            [
              10.36448,
              87.91729
            ],
            [
              10.57295,
              87.95789
            ],
            [
              9.43076,
              87.96506
            ],
            [
              9.82772,
              88.04648
            ],
            [
              8.63106,
              88.0531
            ],
            [
              8.81737,
              88.09391
            ],
            [
              7.58773,
              88.0998
            ],
            [
              7.75579,
              88.14072
            ],
            [
              6.4922,
              88.14584
            ],
            [
              6.63977,
              88.18686
            ],
            [
              5.34131,
              88.19117
            ],
            [
              5.59648,
              88.27338
            ],
            [
              4.23072,
              88.27691
            ],
            [
              4.33452,
              88.31809
            ],
            [
              2.93045,
              88.32071
            ],
            [
              3.0043,
              88.36195
            ],
            [
              1.56128,
              88.36359
            ],
            [
              1.6017,
              88.40487
            ],
            [
              0.11928,
              88.40549
            ],
            [
              0.12245,
              88.44679
            ],
            [
              -1.39953,
              88.44633
            ],
            [
              -1.47811,
              88.5289
            ],
            [
              -3.08322,
              88.52725
            ],
            [
              -3.17214,
              88.56849
            ],
            [
              -4.81822,
              88.56561
            ],
            [
              -4.96089,
              88.60676
            ],
            [
              -6.64679,
              88.60259
            ],
            [
              -6.84873,
              88.6436
            ],
            [
              -8.57268,
              88.63806
            ],
            [
              -9.12373,
              88.71968
            ],
            [
              -7.2916,
              88.72557
            ],
            [
              -7.06326,
              88.6846
            ],
            [
              -5.27308,
              88.68903
            ],
            [
              -5.11224,
              88.6479
            ],
            [
              -3.36627,
              88.65095
            ],
            [
              -3.26633,
              88.60972
            ],
            [
              -1.56603,
              88.61146
            ],
            [
              -1.5208,
              88.57018
            ],
            [
              0.13307,
              88.57068
            ],
            [
              0.12933,
              88.52938
            ],
            [
              1.73657,
              88.52871
            ],
            [
              1.68916,
              88.48743
            ],
            [
              3.25001,
              88.48565
            ],
            [
              3.16376,
              88.44442
            ],
            [
              4.67882,
              88.4416
            ],
            [
              4.55814,
              88.40044
            ],
            [
              6.02827,
              88.39663
            ],
            [
              5.87715,
              88.35556
            ],
            [
              7.30343,
              88.35082
            ],
            [
              7.12544,
              88.30985
            ],
            [
              8.50909,
              88.30424
            ],
            [
              8.30746,
              88.26339
            ],
            [
              9.6498,
              88.25695
            ],
            [
              9.42743,
              88.21623
            ],
            [
              10.72984,
              88.20901
            ],
            [
              10.4893,
              88.16842
            ],
            [
              11.75321,
              88.16046
            ],
            [
              11.25123,
              88.07953
            ],
            [
              12.45346,
              88.07106
            ],
            [
              12.19434,
              88.03072
            ],
            [
              13.36251,
              88.02159
            ],
            [
              13.09159,
              87.98139
            ],
            [
              14.22699,
              87.97165
            ],
            [
              13.94583,
              87.9316
            ],
            [
              15.04974,
              87.92127
            ],
            [
              14.75973,
              87.88137
            ],
            [
              15.83339,
              87.87049
            ],
            [
              15.53577,
              87.83074
            ],
            [
              17.61381,
              87.8072
            ],
            [
              17.29304,
              87.76781
            ],
            [
              18.29868,
              87.7552
            ],
            [
              17.97341,
              87.71596
            ],
            [
              18.95245,
              87.7029
            ],
            [
              18.30537,
              87.62465
            ],
            [
              19.2451,
              87.61137
            ],
            [
              18.92383,
              87.57235
            ],
            [
              19.83992,
              87.55866
            ],
            [
              18.89813,
              87.44182
            ],
            [
              19.76785,
              87.42816
            ],
            [
              19.16381,
              87.35031
            ],
            [
              20.83184,
              87.3221
            ],
            [
              20.52209,
              87.28348
            ],
            [
              21.33275,
              87.26874
            ],
            [
              20.71975,
              87.19168
            ],
            [
              22.27788,
              87.16145
            ],
            [
              21.96608,
              87.12321
            ],
            [
              22.72408,
              87.10753
            ],
            [
              22.4122,
              87.06941
            ],
            [
              23.15392,
              87.05344
            ],
            [
              22.8422,
              87.01544
            ],
            [
              23.56823,
              86.99919
            ],
            [
              23.2569,
              86.96132
            ],
            [
              23.9678,
              86.9448
            ],
            [
              23.35382,
              86.86919
            ],
            [
              24.04339,
              86.85261
            ],
            [
              23.74074,
              86.81488
            ],
            [
              24.41656,
              86.79805
            ],
            [
              24.11467,
              86.76043
            ],
            [
              24.77721,
              86.74336
            ],
            [
              24.47621,
              86.70585
            ],
            [
              25.12592,
              86.68855
            ],
            [
              24.82595,
              86.65114
            ],
            [
              25.46326,
              86.63362
            ],
            [
              25.16442,
              86.59631
            ],
            [
              25.78975,
              86.57858
            ],
            [
              25.49215,
              86.54137
            ],
            [
              26.71326,
              86.50509
            ],
            [
              26.41214,
              86.46818
            ],
            [
              27.00844,
              86.44965
            ],
            [
              26.70894,
              86.41283
            ],
            [
              27.29454,
              86.39412
            ],
            [
              26.99671,
              86.3574
            ],
            [
              27.57194,
              86.3385
            ],
            [
              27.27584,
              86.30187
            ],
            [
              27.84103,
              86.2828
            ],
            [
              27.25806,
              86.20964
            ],
            [
              27.80964,
              86.19058
            ],
            [
              27.52267,
              86.15404
            ],
            [
              28.06499,
              86.13482
            ],
            [
              27.77974,
              86.09836
            ],
            [
              28.31307,
              86.07898
            ],
            [
              28.02956,
              86.04261
            ],
            [
              28.55418,
              86.02308
            ],
            [
              27.99574,
              85.95041
            ],
            [
              28.50862,
              85.9309
            ],
            [
              28.23361,
              85.89461
            ],
            [
              28.73841,
              85.87495
            ],
            [
              28.46509,
              85.83873
            ],
            [
              28.96204,
              85.81893
            ],
            [
              28.69043,
              85.78279
            ],
            [
              29.17975,
              85.76285
            ],
            [
              28.90986,
              85.72679
            ],
            [
              29.86913,
              85.68634
            ],
            [
              29.59829,
              85.65053
            ],
            [
              30.06855,
              85.63003
            ],
            [
              29.79955,
              85.59429
            ],
            [
              30.26288,
              85.57366
            ],
            [
              29.99572,
              85.53799
            ],
            [
              30.45232,
              85.51725
            ],
            [
              30.187,
              85.48165
            ],
            [
              31.08293,
              85.43966
            ],
            [
              30.81722,
              85.40429
            ],
            [
              31.25682,
              85.38305
            ],
            [
              30.99301,
              85.34775
            ],
            [
              31.42648,
              85.3264
            ],
            [
              31.16458,
              85.29116
            ],
            [
              31.59208,
              85.26971
            ],
            [
              31.33207,
              85.23454
            ],
            [
              31.75374,
              85.21299
            ],
            [
              32.01568,
              85.248
            ],
            [
              32.43541,
              85.22603
            ],
            [
              32.70308,
              85.26078
            ],
            [
              33.12071,
              85.23839
            ],
            [
              33.3941,
              85.27287
            ],
            [
              33.80949,
              85.25007
            ],
            [
              34.08857,
              85.28428
            ],
            [
              34.50157,
              85.26106
            ],
            [
              35.07519,
              85.32879
            ],
            [
              34.65905,
              85.35235
            ],
            [
              34.95059,
              85.38621
            ],
            [
              34.5286,
              85.40969
            ],
            [
              34.82285,
              85.4436
            ],
            [
              34.39485,
              85.467
            ],
            [
              34.99335,
              85.53482
            ],
            [
              34.55745,
              85.55832
            ],
            [
              34.86185,
              85.59223
            ],
            [
              34.41954,
              85.61565
            ],
            [
              34.72688,
              85.64961
            ],
            [
              32.90208,
              85.74136
            ],
            [
              33.20627,
              85.77593
            ],
            [
              31.7792,
              85.84235
            ],
            [
              32.08139,
              85.87736
            ],
            [
              31.59305,
              85.8991
            ],
            [
              31.89785,
              85.93419
            ],
            [
              31.40167,
              85.95581
            ],
            [
              31.70911,
              85.99097
            ],
            [
              31.20484,
              86.01248
            ],
            [
              31.51495,
              86.04771
            ],
            [
              31.00234,
              86.06909
            ],
            [
              31.63363,
              86.13959
            ],
            [
              31.1094,
              86.16105
            ],
            [
              31.75809,
              86.23145
            ],
            [
              31.22171,
              86.25299
            ],
            [
              31.88879,
              86.32331
            ],
            [
              31.33968,
              86.34492
            ],
            [
              32.02618,
              86.41515
            ],
            [
              31.46374,
              86.43684
            ],
            [
              31.81376,
              86.47197
            ],
            [
              31.2409,
              86.49353
            ],
            [
              31.59438,
              86.52875
            ],
            [
              32.74002,
              86.48484
            ],
            [
              32.3796,
              86.45006
            ],
            [
              32.93844,
              86.42782
            ],
            [
              32.58179,
              86.39311
            ],
            [
              33.13061,
              86.37075
            ],
            [
              32.0916,
              86.26647
            ],
            [
              32.62482,
              86.24441
            ],
            [
              32.28833,
              86.20959
            ],
            [
              32.81244,
              86.18741
            ],
            [
              32.47923,
              86.15267
            ],
            [
              33.50386,
              86.10778
            ],
            [
              33.17131,
              86.07331
            ],
            [
              33.67226,
              86.05061
            ],
            [
              33.01945,
              85.98168
            ],
            [
              33.50989,
              85.95907
            ],
            [
              33.18943,
              85.92461
            ],
            [
              33.67209,
              85.90191
            ],
            [
              33.35471,
              85.86751
            ],
            [
              33.82982,
              85.84471
            ],
            [
              33.51549,
              85.81038
            ],
            [
              34.90357,
              85.74086
            ],
            [
              34.58829,
              85.70697
            ],
            [
              35.48489,
              85.65965
            ],
            [
              35.17096,
              85.626
            ],
            [
              35.61025,
              85.60214
            ],
            [
              35.29945,
              85.56854
            ],
            [
              36.16065,
              85.52041
            ],
            [
              35.85139,
              85.48705
            ],
            [
              36.27358,
              85.4628
            ],
            [
              35.96739,
              85.42948
            ],
            [
              36.38367,
              85.40516
            ],
            [
              36.08051,
              85.3719
            ],
            [
              36.49104,
              85.34752
            ],
            [
              36.19085,
              85.3143
            ],
            [
              36.59577,
              85.28986
            ],
            [
              36.89726,
              85.3229
            ],
            [
              37.2992,
              85.29805
            ],
            [
              37.60616,
              85.33078
            ],
            [
              38.00497,
              85.30553
            ],
            [
              38.63412,
              85.37023
            ],
            [
              39.03064,
              85.3444
            ],
            [
              39.35279,
              85.37636
            ],
            [
              39.74579,
              85.35012
            ],
            [
              40.07325,
              85.38175
            ],
            [
              40.46259,
              85.35512
            ],
            [
              40.79529,
              85.38642
            ],
            [
              40.01059,
              85.43983
            ],
            [
              40.3464,
              85.47134
            ],
            [
              39.5415,
              85.52425
            ],
            [
              39.88036,
              85.55598
            ],
            [
              39.46982,
              85.58229
            ],
            [
              39.81265,
              85.61405
            ],
            [
              39.39623,
              85.64032
            ],
            [
              39.74312,
              85.67211
            ],
            [
              39.32066,
              85.69834
            ],
            [
              39.6717,
              85.73017
            ],
            [
              39.24301,
              85.75636
            ],
            [
              39.59831,
              85.78822
            ],
            [
              38.72267,
              85.84028
            ],
            [
              39.08117,
              85.87238
            ],
            [
              38.63387,
              85.89824
            ],
            [
              39.36547,
              85.96236
            ],
            [
              38.90996,
              85.98837
            ],
            [
              39.66273,
              86.05224
            ],
            [
              39.19874,
              86.07842
            ],
            [
              39.58312,
              86.1103
            ],
            [
              38.63372,
              86.16231
            ],
            [
              39.02184,
              86.19445
            ],
            [
              38.53599,
              86.22027
            ],
            [
              38.92928,
              86.25245
            ],
            [
              38.43521,
              86.27822
            ],
            [
              38.8338,
              86.31045
            ],
            [
              37.82162,
              86.36159
            ],
            [
              38.22393,
              86.39409
            ],
            [
              36.64588,
              86.46929
            ],
            [
              37.461,
              86.53515
            ],
            [
              36.91553,
              86.56007
            ],
            [
              37.33262,
              86.59298
            ],
            [
              36.77689,
              86.61782
            ],
            [
              37.19981,
              86.65079
            ],
            [
              36.63342,
              86.67556
            ],
            [
              37.06233,
              86.70858
            ],
            [
              36.48488,
              86.73327
            ],
            [
              36.91994,
              86.76636
            ],
            [
              36.331,
              86.79096
            ],
            [
              36.77236,
              86.82411
            ],
            [
              36.17148,
              86.84863
            ],
            [
              36.61932,
              86.88185
            ],
            [
              36.00602,
              86.90627
            ],
            [
              36.4605,
              86.93956
            ],
            [
              35.83426,
              86.96389
            ],
            [
              36.29557,
              86.99725
            ],
            [
              35.65586,
              87.02148
            ],
            [
              36.12417,
              87.05492
            ],
            [
              34.80588,
              87.10278
            ],
            [
              35.27754,
              87.13658
            ],
            [
              34.59792,
              87.1602
            ],
            [
              35.07673,
              87.19408
            ],
            [
              34.38138,
              87.21758
            ],
            [
              34.86753,
              87.25155
            ],
            [
              34.15572,
              87.27492
            ],
            [
              34.64938,
              87.30898
            ],
            [
              33.92036,
              87.33221
            ],
            [
              34.93623,
              87.40032
            ],
            [
              34.18393,
              87.42372
            ],
            [
              34.70687,
              87.45776
            ],
            [
              33.9353,
              87.48102
            ],
            [
              34.46691,
              87.51516
            ],
            [
              33.6751,
              87.53827
            ],
            [
              34.21559,
              87.57252
            ],
            [
              33.40251,
              87.59548
            ],
            [
              33.95212,
              87.62983
            ],
            [
              33.11663,
              87.65262
            ],
            [
              33.67558,
              87.68709
            ],
            [
              32.8165,
              87.70971
            ],
            [
              33.38502,
              87.7443
            ],
            [
              35.10029,
              87.69787
            ],
            [
              34.51784,
              87.66397
            ],
            [
              35.34341,
              87.64035
            ],
            [
              34.77151,
              87.60655
            ],
            [
              35.57495,
              87.58279
            ],
            [
              35.01328,
              87.54909
            ],
            [
              36.56303,
              87.50084
            ],
            [
              36.00642,
              87.46756
            ],
            [
              36.75441,
              87.44309
            ],
            [
              35.67499,
              87.37648
            ],
            [
              37.11235,
              87.32753
            ],
            [
              36.58465,
              87.29449
            ],
            [
              37.96263,
              87.24453
            ],
            [
              37.44059,
              87.21187
            ],
            [
              38.10778,
              87.1866
            ],
            [
              37.5947,
              87.15401
            ],
            [
              38.88794,
              87.10295
            ],
            [
              38.38085,
              87.07071
            ],
            [
              39.00797,
              87.04492
            ],
            [
              38.50944,
              87.01274
            ],
            [
              39.7268,
              86.96069
            ],
            [
              39.23442,
              86.92884
            ],
            [
              39.82558,
              86.90259
            ],
            [
              39.34134,
              86.87078
            ],
            [
              41.0507,
              86.79092
            ],
            [
              40.57118,
              86.75969
            ],
            [
              41.12076,
              86.73272
            ],
            [
              40.64905,
              86.70152
            ],
            [
              41.18837,
              86.67451
            ],
            [
              40.72421,
              86.64334
            ],
            [
              41.25366,
              86.61629
            ],
            [
              40.79682,
              86.58516
            ],
            [
              41.82849,
              86.53072
            ],
            [
              41.37771,
              86.49986
            ],
            [
              41.88054,
              86.47247
            ],
            [
              41.43669,
              86.44164
            ],
            [
              41.93089,
              86.41422
            ],
            [
              41.49377,
              86.38342
            ],
            [
              41.97964,
              86.35598
            ],
            [
              41.54904,
              86.3252
            ],
            [
              42.02685,
              86.29773
            ],
            [
              41.60258,
              86.26697
            ],
            [
              42.0726,
              86.23948
            ],
            [
              41.65448,
              86.20875
            ],
            [
              42.11695,
              86.18123
            ],
            [
              41.70481,
              86.15052
            ],
            [
              43.48705,
              86.03891
            ],
            [
              43.07914,
              86.00888
            ],
            [
              43.50866,
              85.98061
            ],
            [
              43.10647,
              85.95059
            ],
            [
              43.52965,
              85.92232
            ],
            [
              43.13302,
              85.89231
            ],
            [
              43.96139,
              85.83552
            ],
            [
              43.56989,
              85.80573
            ],
            [
              44.37547,
              85.7485
            ],
            [
              43.98904,
              85.71892
            ],
            [
              44.38359,
              85.69019
            ],
            [
              44.00231,
              85.66062
            ],
            [
              44.77559,
              85.60297
            ],
            [
              44.3992,
              85.57359
            ],
            [
              45.52154,
              85.48624
            ],
            [
              45.15003,
              85.45725
            ],
            [
              45.87446,
              85.39846
            ],
            [
              46.62169,
              85.4555
            ],
            [
              46.97651,
              85.42546
            ],
            [
              47.35685,
              85.4535
            ],
            [
              47.70665,
              85.4231
            ],
            [
              48.48054,
              85.47819
            ],
            [
              48.82464,
              85.44726
            ],
            [
              49.61614,
              85.50113
            ],
            [
              49.95413,
              85.46967
            ],
            [
              49.55678,
              85.44303
            ],
            [
              49.89089,
              85.41159
            ],
            [
              49.49891,
              85.38491
            ],
            [
              49.82924,
              85.35351
            ],
            [
              49.44249,
              85.3268
            ],
            [
              49.76911,
              85.29542
            ],
            [
              49.38745,
              85.26869
            ],
            [
              49.71044,
              85.23734
            ],
            [
              50.4766,
              85.29024
            ],
            [
              50.79378,
              85.25839
            ],
            [
              51.57538,
              85.31009
            ],
            [
              51.88639,
              85.27774
            ],
            [
              52.68309,
              85.32819
            ],
            [
              52.9876,
              85.29536
            ],
            [
              53.799,
              85.34454
            ],
            [
              54.09669,
              85.31123
            ],
            [
              55.7651,
              85.40601
            ],
            [
              56.05237,
              85.37189
            ],
            [
              56.90875,
              85.41743
            ],
            [
              57.1882,
              85.38286
            ],
            [
              58.05766,
              85.42702
            ],
            [
              58.329,
              85.39201
            ],
            [
              58.76791,
              85.41353
            ],
            [
              57.66545,
              85.55364
            ],
            [
              58.11717,
              85.57556
            ],
            [
              59.47388,
              85.39933
            ],
            [
              59.91876,
              85.42014
            ],
            [
              60.17539,
              85.38444
            ],
            [
              61.07247,
              85.4249
            ],
            [
              61.32037,
              85.38879
            ],
            [
              62.68777,
              85.44687
            ],
            [
              63.15653,
              85.37349
            ],
            [
              63.61452,
              85.39197
            ],
            [
              63.84062,
              85.35502
            ],
            [
              65.22781,
              85.40822
            ],
            [
              65.44171,
              85.37077
            ],
            [
              67.32789,
              85.43686
            ],
            [
              67.12658,
              85.47485
            ],
            [
              67.60989,
              85.49072
            ],
            [
              66.12483,
              85.75601
            ],
            [
              65.61716,
              85.73915
            ],
            [
              65.15097,
              85.81409
            ],
            [
              64.64031,
              85.79659
            ],
            [
              64.14998,
              85.87092
            ],
            [
              64.66779,
              85.88874
            ],
            [
              63.10739,
              86.11083
            ],
            [
              63.65248,
              86.12932
            ],
            [
              63.09991,
              86.20302
            ],
            [
              63.65827,
              86.22151
            ],
            [
              63.09205,
              86.29522
            ],
            [
              63.66434,
              86.31371
            ],
            [
              63.08379,
              86.38742
            ],
            [
              63.67073,
              86.40591
            ],
            [
              63.0751,
              86.47962
            ],
            [
              63.67746,
              86.49811
            ],
            [
              63.06594,
              86.57183
            ],
            [
              63.68455,
              86.59033
            ],
            [
              62.39966,
              86.73735
            ],
            [
              63.04606,
              86.75626
            ],
            [
              61.66224,
              86.90239
            ],
            [
              62.33877,
              86.92177
            ],
            [
              60.03683,
              87.13863
            ],
            [
              60.75837,
              87.15902
            ],
            [
              59.92431,
              87.2307
            ],
            [
              60.6692,
              87.25116
            ],
            [
              63.71722,
              86.95921
            ],
            [
              63.02377,
              86.94071
            ],
            [
              64.98467,
              86.71829
            ],
            [
              64.33485,
              86.70062
            ],
            [
              65.52237,
              86.55122
            ],
            [
              64.90114,
              86.53392
            ],
            [
              65.46748,
              86.45907
            ],
            [
              64.86262,
              86.44174
            ],
            [
              65.94577,
              86.29179
            ],
            [
              65.36586,
              86.27478
            ],
            [
              66.13599,
              86.16202
            ],
            [
              65.57476,
              86.14514
            ],
            [
              68.49773,
              85.65163
            ],
            [
              69.00561,
              85.66658
            ],
            [
              69.94096,
              85.47362
            ],
            [
              71.9285,
              85.52751
            ],
            [
              71.76313,
              85.56667
            ],
            [
              72.27135,
              85.5794
            ],
            [
              71.93986,
              85.65783
            ],
            [
              72.45929,
              85.67044
            ],
            [
              71.95192,
              85.78816
            ],
            [
              72.48753,
              85.80076
            ],
            [
              73.14049,
              85.64327
            ],
            [
              72.62233,
              85.63113
            ],
            [
              72.93974,
              85.55241
            ],
            [
              72.43271,
              85.54013
            ],
            [
              72.90016,
              85.42213
            ],
            [
              72.40764,
              85.40984
            ],
            [
              73.29559,
              85.17362
            ],
            [
              72.82739,
              85.16161
            ],
            [
              73.38599,
              85.00395
            ],
            [
              72.93345,
              84.992
            ],
            [
              73.3393,
              84.87375
            ],
            [
              72.89835,
              84.86178
            ],
            [
              73.54951,
              84.66463
            ],
            [
              73.12536,
              84.65281
            ],
            [
              73.97907,
              84.37638
            ],
            [
              73.57574,
              84.36486
            ],
            [
              74.14836,
              84.16714
            ],
            [
              73.75915,
              84.15576
            ],
            [
              74.3059,
              83.9579
            ],
            [
              73.92988,
              83.94663
            ],
            [
              74.14314,
              83.8675
            ],
            [
              74.51468,
              83.87863
            ],
            [
              75.01364,
              83.68012
            ],
            [
              74.6529,
              83.66934
            ],
            [
              74.84795,
              83.58996
            ],
            [
              74.49257,
              83.57907
            ],
            [
              74.87648,
              83.42037
            ],
            [
              74.53021,
              83.40951
            ],
            [
              75.51624,
              82.9725
            ],
            [
              75.19107,
              82.9621
            ],
            [
              75.44407,
              82.84279
            ],
            [
              75.76415,
              82.85302
            ],
            [
              75.92486,
              82.7733
            ],
            [
              75.60809,
              82.76319
            ],
            [
              75.76852,
              82.68353
            ],
            [
              75.45586,
              82.67331
            ],
            [
              75.69476,
              82.55391
            ],
            [
              75.38764,
              82.54364
            ],
            [
              75.7005,
              82.38448
            ],
            [
              76.90952,
              82.42342
            ],
            [
              76.97973,
              82.3834
            ],
            [
              78.19458,
              82.41876
            ],
            [
              78.13052,
              82.45897
            ],
            [
              78.43753,
              82.46732
            ],
            [
              78.37437,
              82.50758
            ],
            [
              79.61544,
              82.53898
            ],
            [
              79.67217,
              82.49856
            ],
            [
              80.60462,
              82.51969
            ],
            [
              80.22966,
              82.80338
            ],
            [
              80.55362,
              82.81025
            ],
            [
              80.333,
              82.97241
            ],
            [
              80.66488,
              82.9792
            ],
            [
              80.61,
              83.01977
            ],
            [
              80.9444,
              83.02636
            ],
            [
              80.7261,
              83.18874
            ],
            [
              81.06893,
              83.19525
            ],
            [
              80.7336,
              83.43892
            ],
            [
              80.37837,
              83.43217
            ],
            [
              78.84795,
              84.32273
            ],
            [
              79.25716,
              84.33056
            ],
            [
              78.93731,
              84.49227
            ],
            [
              79.35928,
              84.50003
            ],
            [
              78.68497,
              84.82344
            ],
            [
              79.13364,
              84.83137
            ],
            [
              78.77775,
              84.99307
            ],
            [
              79.24181,
              85.00093
            ],
            [
              78.78201,
              85.20312
            ],
            [
              79.26645,
              85.21097
            ],
            [
              79.17376,
              85.25144
            ],
            [
              78.68535,
              85.24353
            ],
            [
              78.28172,
              85.40501
            ],
            [
              85.48484,
              85.48669
            ],
            [
              84.71279,
              86.14371
            ],
            [
              85.32422,
              86.14729
            ],
            [
              85.22201,
              86.22946
            ],
            [
              85.8478,
              86.23267
            ],
            [
              85.89273,
              86.19156
            ],
            [
              86.51276,
              86.19429
            ],
            [
              86.62253,
              86.07084
            ],
            [
              87.22391,
              86.07306
            ],
            [
              87.25276,
              86.03189
            ],
            [
              87.8485,
              86.03365
            ],
            [
              87.87064,
              85.99246
            ],
            [
              88.46072,
              85.99378
            ],
            [
              88.50684,
              85.87017
            ],
            [
              89.07957,
              85.87104
            ],
            [
              89.08867,
              85.82983
            ],
            [
              89.65592,
              85.83028
            ],
            [
              89.66259,
              85.74786
            ],
            [
              90.2189,
              85.7479
            ],
            [
              90.20686,
              85.50065
            ],
            [
              91.78341,
              85.4985
            ],
            [
              91.75132,
              85.41613
            ],
            [
              92.26692,
              85.41469
            ],
            [
              92.22687,
              85.33235
            ],
            [
              93.23876,
              85.32841
            ],
            [
              93.21043,
              85.28728
            ],
            [
              93.71127,
              85.28479
            ],
            [
              93.67911,
              85.24368
            ],
            [
              94.17506,
              85.24085
            ],
            [
              94.10399,
              85.15867
            ],
            [
              94.59096,
              85.15555
            ],
            [
              94.55225,
              85.11449
            ],
            [
              95.03449,
              85.11104
            ],
            [
              94.99243,
              85.07
            ],
            [
              95.46998,
              85.06625
            ],
            [
              95.38017,
              84.98423
            ],
            [
              95.84924,
              84.9802
            ],
            [
              95.75483,
              84.89824
            ],
            [
              96.21568,
              84.89395
            ],
            [
              96.16597,
              84.853
            ],
            [
              96.62239,
              84.84841
            ],
            [
              96.4674,
              84.72566
            ],
            [
              96.91252,
              84.72086
            ],
            [
              96.80642,
              84.63909
            ],
            [
              97.68079,
              84.6287
            ],
            [
              97.62244,
              84.58789
            ],
            [
              98.05508,
              84.58227
            ],
            [
              97.99442,
              84.54149
            ],
            [
              98.42298,
              84.53561
            ],
            [
              98.29817,
              84.45414
            ],
            [
              98.71964,
              84.44804
            ],
            [
              98.65559,
              84.40734
            ],
            [
              99.07312,
              84.40099
            ],
            [
              98.94194,
              84.31967
            ],
            [
              99.35269,
              84.31312
            ],
            [
              99.42069,
              84.35373
            ],
            [
              99.83334,
              84.34684
            ],
            [
              99.90523,
              84.3874
            ],
            [
              100.31973,
              84.38017
            ],
            [
              100.24496,
              84.33966
            ],
            [
              100.65551,
              84.33219
            ],
            [
              100.57898,
              84.29172
            ],
            [
              100.98564,
              84.28402
            ],
            [
              100.90743,
              84.2436
            ],
            [
              101.31022,
              84.23566
            ],
            [
              100.99748,
              84.07412
            ],
            [
              101.38862,
              84.06613
            ],
            [
              101.23351,
              83.98541
            ],
            [
              101.61856,
              83.97725
            ],
            [
              101.46266,
              83.89661
            ],
            [
              101.8418,
              83.88829
            ],
            [
              101.68523,
              83.80772
            ],
            [
              102.05862,
              83.79925
            ],
            [
              101.82442,
              83.67848
            ],
            [
              102.18998,
              83.66991
            ],
            [
              102.03437,
              83.58946
            ],
            [
              102.39456,
              83.58075
            ],
            [
              102.23856,
              83.50037
            ],
            [
              102.59352,
              83.49152
            ],
            [
              102.4372,
              83.4112
            ],
            [
              102.78709,
              83.40221
            ],
            [
              102.63053,
              83.32197
            ],
            [
              102.97547,
              83.31285
            ],
            [
              102.89664,
              83.27276
            ],
            [
              103.23869,
              83.26345
            ],
            [
              103.08,
              83.18337
            ],
            [
              103.4173,
              83.17393
            ],
            [
              103.33749,
              83.13393
            ],
            [
              103.67199,
              83.12432
            ],
            [
              103.59128,
              83.08435
            ],
            [
              103.92302,
              83.07457
            ],
            [
              103.76079,
              82.99472
            ],
            [
              104.08805,
              82.98482
            ],
            [
              104.00657,
              82.94494
            ],
            [
              104.33116,
              82.93486
            ],
            [
              104.16754,
              82.85517
            ],
            [
              104.48782,
              82.84499
            ],
            [
              104.40571,
              82.80518
            ],
            [
              104.72341,
              82.79484
            ],
            [
              104.55865,
              82.7153
            ],
            [
              105.49659,
              82.6833
            ],
            [
              105.58329,
              82.7229
            ],
            [
              105.89564,
              82.71174
            ],
            [
              105.80738,
              82.6722
            ],
            [
              106.11722,
              82.66089
            ],
            [
              106.02838,
              82.6214
            ],
            [
              106.33574,
              82.60993
            ],
            [
              106.15791,
              82.53102
            ],
            [
              106.46134,
              82.51947
            ],
            [
              106.37237,
              82.48006
            ],
            [
              106.67341,
              82.46836
            ],
            [
              106.58393,
              82.42899
            ],
            [
              106.88261,
              82.41715
            ],
            [
              106.6155,
              82.29912
            ],
            [
              106.90908,
              82.28726
            ],
            [
              106.8205,
              82.24795
            ],
            [
              107.11182,
              82.23595
            ],
            [
              107.0228,
              82.19668
            ],
            [
              107.31189,
              82.18454
            ],
            [
              107.1339,
              82.10608
            ],
            [
              107.4195,
              82.09387
            ],
            [
              107.33055,
              82.05467
            ],
            [
              107.61398,
              82.04233
            ],
            [
              107.4362,
              81.964
            ],
            [
              107.71627,
              81.95159
            ],
            [
              107.62745,
              81.91247
            ],
            [
              107.90543,
              81.89993
            ],
            [
              107.81626,
              81.86084
            ],
            [
              108.36724,
              81.83532
            ],
            [
              108.45878,
              81.87428
            ],
            [
              108.73413,
              81.86117
            ],
            [
              108.82773,
              81.90005
            ],
            [
              109.37805,
              81.87315
            ],
            [
              109.57267,
              81.95058
            ],
            [
              109.01766,
              81.97774
            ],
            [
              109.11402,
              82.01655
            ],
            [
              108.83391,
              82.02992
            ],
            [
              108.93,
              82.06878
            ],
            [
              108.36452,
              82.09507
            ],
            [
              108.65105,
              82.21192
            ],
            [
              108.3631,
              82.22497
            ],
            [
              108.55637,
              82.30291
            ],
            [
              108.26483,
              82.31589
            ],
            [
              108.45941,
              82.39388
            ],
            [
              108.16421,
              82.4068
            ],
            [
              108.26165,
              82.44583
            ],
            [
              107.96407,
              82.45862
            ],
            [
              108.15923,
              82.53675
            ],
            [
              107.85783,
              82.54947
            ],
            [
              107.95553,
              82.58857
            ],
            [
              107.65168,
              82.60115
            ],
            [
              107.74897,
              82.6403
            ],
            [
              107.44262,
              82.65274
            ],
            [
              107.63737,
              82.73112
            ],
            [
              107.32699,
              82.74347
            ],
            [
              107.42443,
              82.7827
            ],
            [
              107.11146,
              82.79492
            ],
            [
              107.20842,
              82.83419
            ],
            [
              106.89283,
              82.84626
            ],
            [
              107.08681,
              82.92489
            ],
            [
              106.76695,
              82.93687
            ],
            [
              106.96203,
              83.01556
            ],
            [
              106.63779,
              83.02745
            ],
            [
              106.73532,
              83.06684
            ],
            [
              106.40828,
              83.07858
            ],
            [
              106.50522,
              83.11801
            ],
            [
              106.17535,
              83.12959
            ],
            [
              106.27166,
              83.16908
            ],
            [
              105.93893,
              83.18049
            ],
            [
              106.13137,
              83.25954
            ],
            [
              105.79392,
              83.27086
            ],
            [
              105.89002,
              83.31043
            ],
            [
              105.54958,
              83.32158
            ],
            [
              105.74148,
              83.40079
            ],
            [
              105.39611,
              83.41184
            ],
            [
              105.5888,
              83.49112
            ],
            [
              105.23837,
              83.50207
            ],
            [
              105.3345,
              83.54175
            ],
            [
              104.98089,
              83.55251
            ],
            [
              105.17266,
              83.63196
            ],
            [
              104.81375,
              83.64261
            ],
            [
              104.90935,
              83.68238
            ],
            [
              104.54713,
              83.69285
            ],
            [
              104.73768,
              83.77247
            ],
            [
              104.36991,
              83.78282
            ],
            [
              104.46482,
              83.82267
            ],
            [
              104.0936,
              83.83283
            ],
            [
              104.18748,
              83.87273
            ],
            [
              103.81278,
              83.8827
            ],
            [
              103.99962,
              83.96259
            ],
            [
              104.37897,
              83.95249
            ],
            [
              104.47662,
              83.99235
            ],
            [
              104.0949,
              84.00251
            ],
            [
              104.28935,
              84.08232
            ],
            [
              103.90149,
              84.09235
            ],
            [
              103.99822,
              84.13229
            ],
            [
              103.60656,
              84.14212
            ],
            [
              103.70209,
              84.18212
            ],
            [
              103.30658,
              84.19174
            ],
            [
              103.40085,
              84.23179
            ],
            [
              103.00143,
              84.2412
            ],
            [
              103.09437,
              84.2813
            ],
            [
              102.69099,
              84.2905
            ],
            [
              102.78254,
              84.33065
            ],
            [
              103.59338,
              84.31185
            ],
            [
              103.49644,
              84.27183
            ],
            [
              103.89716,
              84.26207
            ],
            [
              103.79895,
              84.22211
            ],
            [
              104.1957,
              84.21214
            ],
            [
              104.09628,
              84.17223
            ],
            [
              104.48911,
              84.16205
            ],
            [
              104.38855,
              84.12219
            ],
            [
              104.77752,
              84.11182
            ],
            [
              104.67587,
              84.07201
            ],
            [
              105.06103,
              84.06144
            ],
            [
              104.75704,
              83.94213
            ],
            [
              105.1338,
              83.93151
            ],
            [
              105.03283,
              83.89177
            ],
            [
              105.40599,
              83.88096
            ],
            [
              105.3041,
              83.84128
            ],
            [
              105.67372,
              83.83028
            ],
            [
              105.57094,
              83.79065
            ],
            [
              105.93706,
              83.77947
            ],
            [
              105.83345,
              83.7399
            ],
            [
              106.19613,
              83.72854
            ],
            [
              106.09173,
              83.68901
            ],
            [
              106.451,
              83.67748
            ],
            [
              106.24201,
              83.59852
            ],
            [
              106.59593,
              83.58688
            ],
            [
              106.49138,
              83.54744
            ],
            [
              106.84204,
              83.53563
            ],
            [
              106.73681,
              83.49625
            ],
            [
              107.08426,
              83.48428
            ],
            [
              107.19141,
              83.52359
            ],
            [
              107.53946,
              83.5113
            ],
            [
              107.64983,
              83.55051
            ],
            [
              107.99844,
              83.53791
            ],
            [
              108.2271,
              83.61611
            ],
            [
              107.87465,
              83.62887
            ],
            [
              107.98915,
              83.66801
            ],
            [
              107.63333,
              83.68061
            ],
            [
              107.86264,
              83.75898
            ],
            [
              107.50136,
              83.77149
            ],
            [
              107.61613,
              83.81072
            ],
            [
              107.25132,
              83.82306
            ],
            [
              107.36547,
              83.86235
            ],
            [
              106.99708,
              83.87451
            ],
            [
              107.11054,
              83.91385
            ],
            [
              106.73853,
              83.92584
            ],
            [
              106.85127,
              83.96524
            ],
            [
              106.47556,
              83.97705
            ],
            [
              106.70099,
              84.05594
            ],
            [
              106.31924,
              84.06765
            ],
            [
              106.43189,
              84.10714
            ],
            [
              106.04627,
              84.11866
            ],
            [
              106.15806,
              84.1582
            ],
            [
              105.76853,
              84.16953
            ],
            [
              105.8794,
              84.20914
            ],
            [
              105.4859,
              84.22027
            ],
            [
              105.59579,
              84.25993
            ],
            [
              105.19826,
              84.27087
            ],
            [
              105.30712,
              84.31059
            ],
            [
              104.90549,
              84.32133
            ],
            [
              105.01326,
              84.3611
            ],
            [
              104.60747,
              84.37163
            ],
            [
              104.82224,
              84.45127
            ],
            [
              104.40948,
              84.46167
            ],
            [
              104.62491,
              84.54139
            ],
            [
              104.20493,
              84.55165
            ],
            [
              104.42094,
              84.63145
            ],
            [
              104.84673,
              84.62104
            ],
            [
              104.735,
              84.58122
            ],
            [
              105.15623,
              84.5706
            ],
            [
              104.93196,
              84.49107
            ],
            [
              105.34592,
              84.48031
            ],
            [
              105.23344,
              84.44059
            ],
            [
              105.64304,
              84.42962
            ],
            [
              105.52948,
              84.38996
            ],
            [
              105.93479,
              84.37879
            ],
            [
              105.82021,
              84.33919
            ],
            [
              106.62077,
              84.31617
            ],
            [
              106.50269,
              84.27671
            ],
            [
              106.89801,
              84.26487
            ],
            [
              106.77909,
              84.22547
            ],
            [
              107.17032,
              84.21345
            ],
            [
              107.05061,
              84.17411
            ],
            [
              107.43782,
              84.16189
            ],
            [
              107.31736,
              84.12261
            ],
            [
              107.70062,
              84.11022
            ],
            [
              107.45992,
              84.03174
            ],
            [
              107.83705,
              84.01926
            ],
            [
              107.71684,
              83.98006
            ],
            [
              108.09019,
              83.9674
            ],
            [
              107.96938,
              83.92827
            ],
            [
              108.339,
              83.91544
            ],
            [
              108.21763,
              83.87636
            ],
            [
              108.58359,
              83.86336
            ],
            [
              108.46169,
              83.82434
            ],
            [
              108.82405,
              83.81118
            ],
            [
              108.70166,
              83.77221
            ],
            [
              109.06048,
              83.75889
            ],
            [
              108.93764,
              83.71998
            ],
            [
              109.29297,
              83.7065
            ],
            [
              109.16972,
              83.66765
            ],
            [
              109.5216,
              83.65401
            ],
            [
              109.39798,
              83.61522
            ],
            [
              109.74648,
              83.60142
            ],
            [
              109.62251,
              83.56269
            ],
            [
              110.31134,
              83.53457
            ],
            [
              110.43892,
              83.57313
            ],
            [
              110.78282,
              83.55864
            ],
            [
              110.91372,
              83.59708
            ],
            [
              111.94121,
              83.55196
            ],
            [
              111.80514,
              83.51378
            ],
            [
              112.14273,
              83.49837
            ],
            [
              111.87205,
              83.4221
            ],
            [
              112.20478,
              83.40665
            ],
            [
              112.07017,
              83.36855
            ],
            [
              112.72777,
              83.33718
            ],
            [
              112.59159,
              83.29923
            ],
            [
              113.2399,
              83.26717
            ],
            [
              113.10226,
              83.22936
            ],
            [
              113.42262,
              83.21311
            ],
            [
              113.28506,
              83.17535
            ],
            [
              113.60244,
              83.15898
            ],
            [
              113.46497,
              83.12128
            ],
            [
              113.77943,
              83.10478
            ],
            [
              113.64207,
              83.06714
            ],
            [
              113.95365,
              83.05053
            ],
            [
              113.81642,
              83.01294
            ],
            [
              114.12516,
              82.99622
            ],
            [
              113.98808,
              82.95867
            ],
            [
              114.29402,
              82.94185
            ],
            [
              114.1571,
              82.90435
            ],
            [
              114.4603,
              82.88742
            ],
            [
              114.18822,
              82.8125
            ],
            [
              114.48747,
              82.79554
            ],
            [
              114.35232,
              82.75811
            ],
            [
              114.64893,
              82.74105
            ],
            [
              114.38036,
              82.66626
            ],
            [
              114.96466,
              82.63192
            ],
            [
              115.10061,
              82.66916
            ],
            [
              116.25715,
              82.59786
            ],
            [
              115.84004,
              82.4871
            ],
            [
              115.55627,
              82.50493
            ],
            [
              115.42103,
              82.46784
            ],
            [
              115.70373,
              82.45009
            ],
            [
              115.56876,
              82.41305
            ],
            [
              116.95702,
              82.32206
            ],
            [
              116.81829,
              82.28542
            ],
            [
              117.09098,
              82.26678
            ],
            [
              116.9526,
              82.23019
            ],
            [
              117.22303,
              82.21147
            ],
            [
              117.08502,
              82.17492
            ],
            [
              117.35322,
              82.15611
            ],
            [
              117.21557,
              82.11961
            ],
            [
              117.48157,
              82.10072
            ],
            [
              117.34429,
              82.06426
            ],
            [
              117.8707,
              82.02616
            ],
            [
              117.73293,
              81.98983
            ],
            [
              117.99338,
              81.97062
            ],
            [
              117.85601,
              81.93434
            ],
            [
              118.11437,
              81.91505
            ],
            [
              117.9774,
              81.87881
            ],
            [
              118.48879,
              81.83993
            ],
            [
              118.62738,
              81.876
            ],
            [
              119.13543,
              81.8363
            ],
            [
              118.99527,
              81.80041
            ],
            [
              119.24666,
              81.78041
            ],
            [
              118.96849,
              81.70867
            ],
            [
              119.21716,
              81.68869
            ],
            [
              118.94229,
              81.61694
            ],
            [
              119.18831,
              81.59698
            ],
            [
              118.91667,
              81.52522
            ],
            [
              119.16008,
              81.50528
            ],
            [
              118.75904,
              81.39756
            ],
            [
              118.9992,
              81.37772
            ],
            [
              118.86706,
              81.34181
            ],
            [
              119.10542,
              81.32191
            ],
            [
              118.97369,
              81.28603
            ],
            [
              119.21028,
              81.26607
            ],
            [
              119.07895,
              81.23023
            ],
            [
              119.54756,
              81.19003
            ],
            [
              119.41599,
              81.15431
            ],
            [
              119.87903,
              81.11369
            ],
            [
              119.74727,
              81.0781
            ],
            [
              121.1073,
              80.95335
            ],
            [
              120.97306,
              80.91822
            ],
            [
              121.1955,
              80.89702
            ],
            [
              121.33028,
              80.93208
            ],
            [
              121.55222,
              80.91067
            ],
            [
              121.82601,
              80.98046
            ],
            [
              120.92754,
              81.06596
            ],
            [
              121.06382,
              81.10112
            ],
            [
              120.60696,
              81.14321
            ],
            [
              120.74317,
              81.1785
            ],
            [
              120.5125,
              81.19942
            ],
            [
              120.6492,
              81.23474
            ],
            [
              120.18333,
              81.27632
            ],
            [
              120.45759,
              81.34716
            ],
            [
              120.22171,
              81.3679
            ],
            [
              120.49924,
              81.43872
            ],
            [
              120.26092,
              81.45949
            ],
            [
              120.54179,
              81.53029
            ],
            [
              120.30098,
              81.55109
            ],
            [
              120.72922,
              81.65718
            ],
            [
              120.4852,
              81.6781
            ],
            [
              120.62971,
              81.71345
            ],
            [
              120.38378,
              81.73431
            ],
            [
              120.52884,
              81.7697
            ],
            [
              120.28095,
              81.7905
            ],
            [
              120.42657,
              81.82593
            ],
            [
              120.17671,
              81.84666
            ],
            [
              120.32288,
              81.88213
            ],
            [
              120.07102,
              81.9028
            ],
            [
              120.21774,
              81.93831
            ],
            [
              119.96384,
              81.95892
            ],
            [
              120.11112,
              81.99447
            ],
            [
              119.85516,
              82.01501
            ],
            [
              120.00299,
              82.05061
            ],
            [
              119.74493,
              82.07108
            ],
            [
              119.89332,
              82.10672
            ],
            [
              119.63312,
              82.12712
            ],
            [
              119.78207,
              82.1628
            ],
            [
              119.51971,
              82.18314
            ],
            [
              119.66921,
              82.21886
            ],
            [
              119.13872,
              82.25923
            ],
            [
              119.28793,
              82.29509
            ],
            [
              119.01975,
              82.31512
            ],
            [
              119.16949,
              82.35102
            ],
            [
              118.89902,
              82.37097
            ],
            [
              119.0493,
              82.40692
            ],
            [
              118.77651,
              82.4268
            ],
            [
              118.92732,
              82.46279
            ],
            [
              118.37559,
              82.50223
            ],
            [
              118.52598,
              82.53836
            ],
            [
              117.11633,
              82.63435
            ],
            [
              117.26318,
              82.67091
            ],
            [
              116.68696,
              82.70823
            ],
            [
              116.83313,
              82.74493
            ],
            [
              116.54171,
              82.76341
            ],
            [
              116.68827,
              82.80016
            ],
            [
              116.39422,
              82.81854
            ],
            [
              116.54115,
              82.85534
            ],
            [
              116.24445,
              82.87363
            ],
            [
              116.39175,
              82.91048
            ],
            [
              116.09234,
              82.92867
            ],
            [
              116.23999,
              82.96557
            ],
            [
              115.93784,
              82.98367
            ],
            [
              116.08584,
              83.02062
            ],
            [
              115.78089,
              83.03861
            ],
            [
              116.07916,
              83.11257
            ],
            [
              115.7701,
              83.13056
            ],
            [
              115.92038,
              83.16757
            ],
            [
              115.60841,
              83.18546
            ],
            [
              115.75902,
              83.22252
            ],
            [
              115.44408,
              83.24031
            ],
            [
              115.59502,
              83.27742
            ],
            [
              115.27706,
              83.2951
            ],
            [
              115.42831,
              83.33227
            ],
            [
              115.10728,
              83.34984
            ],
            [
              115.25883,
              83.38706
            ],
            [
              114.93468,
              83.40452
            ],
            [
              115.08652,
              83.4418
            ],
            [
              114.43013,
              83.47628
            ],
            [
              114.58074,
              83.51372
            ],
            [
              114.24843,
              83.53073
            ],
            [
              114.39925,
              83.56822
            ],
            [
              114.06364,
              83.58512
            ],
            [
              114.21466,
              83.62266
            ],
            [
              113.53491,
              83.65599
            ],
            [
              113.68448,
              83.69369
            ],
            [
              112.99426,
              83.72632
            ],
            [
              113.14224,
              83.76418
            ],
            [
              112.79271,
              83.78025
            ],
            [
              112.94074,
              83.81816
            ],
            [
              112.58763,
              83.8341
            ],
            [
              112.73569,
              83.87207
            ],
            [
              112.37893,
              83.88787
            ],
            [
              112.527,
              83.92591
            ],
            [
              112.16652,
              83.94157
            ],
            [
              112.31457,
              83.97966
            ],
            [
              111.9503,
              83.99518
            ],
            [
              112.0983,
              84.03333
            ],
            [
              111.36018,
              84.06383
            ],
            [
              111.50608,
              84.10214
            ],
            [
              111.13214,
              84.11712
            ],
            [
              111.27787,
              84.1555
            ],
            [
              110.89992,
              84.17032
            ],
            [
              111.04545,
              84.20875
            ],
            [
              110.66341,
              84.22342
            ],
            [
              110.80871,
              84.26192
            ],
            [
              110.42252,
              84.27643
            ],
            [
              110.56753,
              84.31499
            ],
            [
              109.78474,
              84.34341
            ],
            [
              109.92709,
              84.38213
            ],
            [
              109.53039,
              84.39604
            ],
            [
              109.67232,
              84.43483
            ],
            [
              109.27122,
              84.44856
            ],
            [
              109.41267,
              84.48741
            ],
            [
              109.00709,
              84.50097
            ],
            [
              109.14802,
              84.53988
            ],
            [
              108.73788,
              84.55326
            ],
            [
              108.87824,
              84.59224
            ],
            [
              108.46345,
              84.60543
            ],
            [
              108.60317,
              84.64448
            ],
            [
              108.18365,
              84.65748
            ],
            [
              108.32269,
              84.69659
            ],
            [
              107.47197,
              84.72192
            ],
            [
              107.60739,
              84.76119
            ],
            [
              107.1761,
              84.77351
            ],
            [
              107.31063,
              84.81284
            ],
            [
              106.87433,
              84.82496
            ],
            [
              107.28125,
              84.94307
            ],
            [
              106.83361,
              84.95516
            ],
            [
              107.10921,
              85.03396
            ],
            [
              106.19447,
              85.05758
            ],
            [
              106.3289,
              85.09713
            ],
            [
              105.86487,
              85.10856
            ],
            [
              105.99802,
              85.14817
            ],
            [
              105.52834,
              85.15937
            ],
            [
              105.66011,
              85.19905
            ],
            [
              105.18466,
              85.21002
            ],
            [
              105.31497,
              85.24976
            ],
            [
              104.83364,
              85.26049
            ],
            [
              104.96238,
              85.3003
            ],
            [
              104.47508,
              85.31078
            ],
            [
              104.60213,
              85.35066
            ],
            [
              102.11435,
              85.39831
            ],
            [
              102.22308,
              85.43859
            ],
            [
              101.71533,
              85.44714
            ],
            [
              101.92994,
              85.5278
            ],
            [
              102.44641,
              85.51909
            ],
            [
              102.33375,
              85.47885
            ],
            [
              104.86289,
              85.43036
            ],
            [
              104.73138,
              85.39052
            ],
            [
              105.71932,
              85.36886
            ],
            [
              105.58224,
              85.32919
            ],
            [
              106.06885,
              85.31794
            ],
            [
              105.93031,
              85.27834
            ],
            [
              106.41084,
              85.26685
            ],
            [
              106.27095,
              85.22732
            ],
            [
              107.21771,
              85.20356
            ],
            [
              107.07306,
              85.1642
            ],
            [
              107.53942,
              85.15193
            ],
            [
              107.39371,
              85.11264
            ],
            [
              107.85433,
              85.10015
            ],
            [
              107.70764,
              85.06093
            ],
            [
              108.16264,
              85.04823
            ],
            [
              107.72673,
              84.93067
            ],
            [
              108.17,
              84.91797
            ],
            [
              108.02612,
              84.87882
            ],
            [
              108.46415,
              84.86591
            ],
            [
              108.31949,
              84.82683
            ],
            [
              108.75238,
              84.81373
            ],
            [
              108.60701,
              84.77471
            ],
            [
              109.03485,
              84.76142
            ],
            [
              108.88883,
              84.72247
            ],
            [
              109.73244,
              84.69521
            ],
            [
              109.58315,
              84.65643
            ],
            [
              109.99902,
              84.64247
            ],
            [
              109.84927,
              84.60376
            ],
            [
              110.66935,
              84.57522
            ],
            [
              110.51669,
              84.53667
            ],
            [
              110.921,
              84.52209
            ],
            [
              110.76806,
              84.48361
            ],
            [
              111.16781,
              84.46887
            ],
            [
              111.01463,
              84.43045
            ],
            [
              111.80306,
              84.40037
            ],
            [
              111.64741,
              84.36213
            ],
            [
              112.0362,
              84.3468
            ],
            [
              111.88045,
              84.30861
            ],
            [
              112.64734,
              84.27739
            ],
            [
              112.48942,
              84.23938
            ],
            [
              112.86763,
              84.22349
            ],
            [
              112.70974,
              84.18554
            ],
            [
              113.45587,
              84.15324
            ],
            [
              113.29607,
              84.11546
            ],
            [
              113.6641,
              84.09904
            ],
            [
              113.50443,
              84.06132
            ],
            [
              114.59059,
              84.01096
            ],
            [
              114.42747,
              83.97352
            ],
            [
              115.13783,
              83.93898
            ],
            [
              114.97327,
              83.9017
            ],
            [
              115.67215,
              83.86647
            ],
            [
              115.50631,
              83.82936
            ],
            [
              115.85111,
              83.81151
            ],
            [
              115.68567,
              83.77446
            ],
            [
              116.36619,
              83.73832
            ],
            [
              116.03503,
              83.66448
            ],
            [
              116.70177,
              83.6279
            ],
            [
              116.53616,
              83.59112
            ],
            [
              116.86522,
              83.57262
            ],
            [
              116.7001,
              83.5359
            ],
            [
              117.34979,
              83.49848
            ],
            [
              117.18382,
              83.46192
            ],
            [
              117.50452,
              83.44301
            ],
            [
              117.33909,
              83.40649
            ],
            [
              117.65665,
              83.38749
            ],
            [
              117.49177,
              83.35103
            ],
            [
              117.80624,
              83.33193
            ],
            [
              117.64191,
              83.29552
            ],
            [
              117.95335,
              83.27632
            ],
            [
              117.78958,
              83.23997
            ],
            [
              118.09805,
              83.22068
            ],
            [
              117.93484,
              83.18437
            ],
            [
              118.24038,
              83.165
            ],
            [
              118.07774,
              83.12874
            ],
            [
              118.3804,
              83.10927
            ],
            [
              118.21834,
              83.07307
            ],
            [
              118.51817,
              83.05352
            ],
            [
              118.3567,
              83.01736
            ],
            [
              118.65374,
              82.99772
            ],
            [
              118.49285,
              82.96162
            ],
            [
              119.07982,
              82.92199
            ],
            [
              118.91849,
              82.88603
            ],
            [
              119.20848,
              82.86604
            ],
            [
              119.04776,
              82.83013
            ],
            [
              120.18757,
              82.7488
            ],
            [
              120.02462,
              82.71324
            ],
            [
              120.58306,
              82.67173
            ],
            [
              120.7478,
              82.70708
            ],
            [
              121.0255,
              82.68596
            ],
            [
              121.19271,
              82.72116
            ],
            [
              121.46965,
              82.69976
            ],
            [
              121.63933,
              82.73479
            ],
            [
              121.36155,
              82.75628
            ],
            [
              121.53204,
              82.79135
            ],
            [
              120.40084,
              82.87603
            ],
            [
              120.56942,
              82.91146
            ],
            [
              119.99185,
              82.95296
            ],
            [
              120.16022,
              82.98854
            ],
            [
              119.86789,
              83.00912
            ],
            [
              120.20782,
              83.08031
            ],
            [
              120.79468,
              83.03854
            ],
            [
              120.96925,
              83.07382
            ],
            [
              121.26097,
              83.05256
            ],
            [
              121.43827,
              83.08767
            ],
            [
              121.72911,
              83.06612
            ],
            [
              121.90915,
              83.10106
            ],
            [
              122.19907,
              83.07922
            ],
            [
              122.38182,
              83.11398
            ],
            [
              122.67078,
              83.09185
            ],
            [
              122.48716,
              83.0572
            ],
            [
              122.77341,
              83.03501
            ],
            [
              122.95787,
              83.06955
            ],
            [
              123.24312,
              83.04707
            ],
            [
              123.05784,
              83.01265
            ],
            [
              123.90017,
              82.94455
            ],
            [
              123.71439,
              82.91039
            ],
            [
              124.26543,
              82.86438
            ],
            [
              124.07999,
              82.83037
            ],
            [
              124.62254,
              82.78394
            ],
            [
              124.43748,
              82.75008
            ],
            [
              124.70548,
              82.72674
            ],
            [
              124.52148,
              82.69291
            ],
            [
              125.05104,
              82.64597
            ],
            [
              124.86748,
              82.61229
            ],
            [
              125.12911,
              82.5887
            ],
            [
              124.94661,
              82.55505
            ],
            [
              125.20597,
              82.53141
            ],
            [
              125.02453,
              82.4978
            ],
            [
              125.53718,
              82.45029
            ],
            [
              125.35621,
              82.41682
            ],
            [
              125.60956,
              82.39295
            ],
            [
              125.97421,
              82.45961
            ],
            [
              126.22702,
              82.43537
            ],
            [
              126.4123,
              82.46848
            ],
            [
              126.66399,
              82.444
            ],
            [
              126.47821,
              82.411
            ],
            [
              126.97574,
              82.36182
            ],
            [
              126.79062,
              82.32895
            ],
            [
              128.24239,
              82.17871
            ],
            [
              128.05632,
              82.14641
            ],
            [
              128.52706,
              82.09546
            ],
            [
              128.34179,
              82.06328
            ],
            [
              128.80577,
              82.01202
            ],
            [
              128.62131,
              81.97998
            ],
            [
              129.30519,
              81.90244
            ],
            [
              129.12125,
              81.87063
            ],
            [
              129.79119,
              81.79228
            ],
            [
              129.60784,
              81.76069
            ],
            [
              130.04685,
              81.70806
            ],
            [
              129.86438,
              81.67659
            ],
            [
              130.08155,
              81.6502
            ],
            [
              129.90022,
              81.61875
            ],
            [
              130.32996,
              81.5658
            ],
            [
              130.14952,
              81.53447
            ],
            [
              130.57343,
              81.48127
            ],
            [
              130.39389,
              81.45005
            ],
            [
              130.8121,
              81.39659
            ],
            [
              130.63345,
              81.36549
            ],
            [
              130.84041,
              81.33869
            ],
            [
              130.66286,
              81.30761
            ],
            [
              131.07257,
              81.25387
            ],
            [
              130.89592,
              81.22289
            ],
            [
              131.30025,
              81.16891
            ],
            [
              131.1245,
              81.13805
            ],
            [
              131.52357,
              81.08383
            ],
            [
              131.34873,
              81.05308
            ],
            [
              131.54629,
              81.0259
            ],
            [
              131.3725,
              80.99517
            ],
            [
              131.76375,
              80.94069
            ],
            [
              131.59085,
              80.91006
            ],
            [
              131.97713,
              80.85537
            ],
            [
              131.80514,
              80.82484
            ],
            [
              131.99642,
              80.79743
            ],
            [
              131.82544,
              80.76692
            ],
            [
              132.01546,
              80.7395
            ],
            [
              131.84549,
              80.709
            ],
            [
              132.03426,
              80.68158
            ],
            [
              132.37556,
              80.74232
            ],
            [
              132.56343,
              80.71461
            ],
            [
              133.08413,
              80.80483
            ],
            [
              132.89598,
              80.83281
            ],
            [
              133.07176,
              80.86281
            ],
            [
              132.69182,
              80.91867
            ],
            [
              132.86859,
              80.94877
            ],
            [
              132.67676,
              80.97665
            ],
            [
              132.85462,
              81.00676
            ],
            [
              132.46719,
              81.0624
            ],
            [
              132.64606,
              81.09261
            ],
            [
              132.25354,
              81.14803
            ],
            [
              132.43342,
              81.17835
            ],
            [
              132.23519,
              81.20601
            ],
            [
              132.41619,
              81.23634
            ],
            [
              132.01571,
              81.29152
            ],
            [
              132.19774,
              81.32197
            ],
            [
              131.79187,
              81.37692
            ],
            [
              131.97492,
              81.40747
            ],
            [
              131.56354,
              81.4622
            ],
            [
              131.7476,
              81.49286
            ],
            [
              131.53977,
              81.52016
            ],
            [
              131.72501,
              81.55083
            ],
            [
              131.30496,
              81.60529
            ],
            [
              131.49123,
              81.63608
            ],
            [
              131.06532,
              81.69029
            ],
            [
              131.25262,
              81.7212
            ],
            [
              130.82072,
              81.77516
            ],
            [
              131.00904,
              81.80618
            ],
            [
              130.57101,
              81.85988
            ],
            [
              130.76034,
              81.89102
            ],
            [
              130.31603,
              81.94445
            ],
            [
              130.50637,
              81.97572
            ],
            [
              129.82799,
              82.05526
            ],
            [
              130.01906,
              82.08676
            ],
            [
              129.55865,
              82.13937
            ],
            [
              129.7507,
              82.171
            ],
            [
              129.28348,
              82.22332
            ],
            [
              129.47649,
              82.25507
            ],
            [
              128.2789,
              82.38412
            ],
            [
              128.47177,
              82.41633
            ],
            [
              127.73243,
              82.49247
            ],
            [
              127.92574,
              82.52492
            ],
            [
              127.42359,
              82.5752
            ],
            [
              127.61771,
              82.60779
            ],
            [
              127.36361,
              82.63283
            ],
            [
              127.55899,
              82.66545
            ],
            [
              127.30268,
              82.69045
            ],
            [
              127.49934,
              82.72311
            ],
            [
              127.24078,
              82.74808
            ],
            [
              127.43873,
              82.78076
            ],
            [
              127.17789,
              82.80569
            ],
            [
              127.37715,
              82.8384
            ],
            [
              127.11398,
              82.8633
            ],
            [
              127.31456,
              82.89604
            ],
            [
              126.78161,
              82.94562
            ],
            [
              126.983,
              82.97851
            ],
            [
              126.44139,
              83.02771
            ],
            [
              126.64355,
              83.06074
            ],
            [
              126.36927,
              83.08522
            ],
            [
              126.57278,
              83.11829
            ],
            [
              126.01713,
              83.16702
            ],
            [
              126.22137,
              83.20023
            ],
            [
              125.65645,
              83.24855
            ],
            [
              125.86139,
              83.28192
            ],
            [
              125.28695,
              83.32982
            ],
            [
              125.49254,
              83.36335
            ],
            [
              125.20148,
              83.38717
            ],
            [
              125.40843,
              83.42073
            ],
            [
              124.81847,
              83.46809
            ],
            [
              125.02601,
              83.50182
            ],
            [
              124.72701,
              83.52537
            ],
            [
              124.93593,
              83.55913
            ],
            [
              124.63393,
              83.58262
            ],
            [
              124.84422,
              83.61643
            ],
            [
              124.53916,
              83.63987
            ],
            [
              124.75086,
              83.67371
            ],
            [
              124.44266,
              83.69709
            ],
            [
              124.65578,
              83.73098
            ],
            [
              124.3444,
              83.75431
            ],
            [
              124.55894,
              83.78824
            ],
            [
              124.24431,
              83.81151
            ],
            [
              124.4603,
              83.84548
            ],
            [
              124.14236,
              83.86869
            ],
            [
              124.35981,
              83.9027
            ],
            [
              124.03848,
              83.92586
            ],
            [
              124.25741,
              83.95991
            ],
            [
              123.93262,
              83.983
            ],
            [
              124.15304,
              84.01711
            ],
            [
              123.82473,
              84.04013
            ],
            [
              124.04666,
              84.07428
            ],
            [
              123.71475,
              84.09725
            ],
            [
              123.9382,
              84.13144
            ],
            [
              123.60262,
              84.15434
            ],
            [
              123.8276,
              84.18858
            ],
            [
              123.48827,
              84.21141
            ],
            [
              123.71481,
              84.2457
            ],
            [
              123.37164,
              84.26846
            ],
            [
              123.59975,
              84.3028
            ],
            [
              122.90279,
              84.34798
            ],
            [
              123.13126,
              84.3825
            ],
            [
              122.77734,
              84.40492
            ],
            [
              123.00737,
              84.43949
            ],
            [
              122.6493,
              84.46183
            ],
            [
              122.88091,
              84.49645
            ],
            [
              122.15334,
              84.54076
            ],
            [
              122.38515,
              84.57557
            ],
            [
              122.01551,
              84.59753
            ],
            [
              122.24888,
              84.6324
            ],
            [
              121.49754,
              84.67593
            ],
            [
              121.96747,
              84.74598
            ],
            [
              121.58403,
              84.76769
            ],
            [
              121.82215,
              84.80273
            ],
            [
              121.4339,
              84.82434
            ],
            [
              122.16302,
              84.92936
            ],
            [
              121.76647,
              84.95118
            ],
            [
              122.01459,
              84.98615
            ],
            [
              121.61288,
              85.00789
            ],
            [
              121.86276,
              85.04292
            ],
            [
              121.45576,
              85.06456
            ],
            [
              121.70741,
              85.09965
            ],
            [
              121.29499,
              85.12119
            ],
            [
              121.54842,
              85.15635
            ],
            [
              121.13043,
              85.17779
            ],
            [
              121.38565,
              85.21301
            ],
            [
              120.96197,
              85.23435
            ],
            [
              121.21899,
              85.26963
            ],
            [
              122.06646,
              85.22637
            ],
            [
              121.80555,
              85.1914
            ],
            [
              122.22166,
              85.16955
            ],
            [
              121.96269,
              85.13465
            ],
            [
              122.37325,
              85.1127
            ],
            [
              122.634,
              85.14744
            ],
            [
              123.44739,
              85.10248
            ],
            [
              123.71522,
              85.1368
            ],
            [
              124.11785,
              85.11379
            ],
            [
              124.39102,
              85.14784
            ],
            [
              124.79133,
              85.12443
            ],
            [
              125.06981,
              85.15821
            ],
            [
              125.46766,
              85.1344
            ],
            [
              125.18778,
              85.10079
            ],
            [
              125.58041,
              85.07692
            ],
            [
              125.30302,
              85.04336
            ],
            [
              125.69055,
              85.01942
            ],
            [
              125.4156,
              84.98591
            ],
            [
              126.1771,
              84.93768
            ],
            [
              125.90337,
              84.90438
            ],
            [
              126.64814,
              84.8556
            ],
            [
              126.37572,
              84.82249
            ],
            [
              127.10433,
              84.77318
            ],
            [
              126.83331,
              84.74028
            ],
            [
              127.19149,
              84.71546
            ],
            [
              126.92288,
              84.6826
            ],
            [
              127.62737,
              84.63268
            ],
            [
              127.36023,
              84.60001
            ],
            [
              127.7067,
              84.5749
            ],
            [
              127.44192,
              84.54226
            ],
            [
              128.12365,
              84.49177
            ],
            [
              127.86039,
              84.45932
            ],
            [
              128.1958,
              84.43393
            ],
            [
              127.93485,
              84.40152
            ],
            [
              128.5951,
              84.35048
            ],
            [
              128.3357,
              84.31825
            ],
            [
              128.66068,
              84.2926
            ],
            [
              128.40353,
              84.2604
            ],
            [
              129.04348,
              84.20885
            ],
            [
              128.78792,
              84.17682
            ],
            [
              129.10303,
              84.15093
            ],
            [
              128.84966,
              84.11893
            ],
            [
              129.4704,
              84.0669
            ],
            [
              129.21864,
              84.03507
            ],
            [
              129.82748,
              83.98264
            ],
            [
              129.57735,
              83.95098
            ],
            [
              129.87731,
              83.92465
            ],
            [
              129.6293,
              83.89301
            ],
            [
              129.9262,
              83.86666
            ],
            [
              129.68027,
              83.83505
            ],
            [
              129.97417,
              83.80867
            ],
            [
              129.73029,
              83.77708
            ],
            [
              130.30973,
              83.72412
            ],
            [
              130.06745,
              83.69269
            ],
            [
              130.3531,
              83.6661
            ],
            [
              130.11282,
              83.63469
            ],
            [
              130.39568,
              83.60809
            ],
            [
              130.15736,
              83.5767
            ],
            [
              130.43749,
              83.55007
            ],
            [
              130.20111,
              83.5187
            ],
            [
              130.75372,
              83.46525
            ],
            [
              130.51889,
              83.43403
            ],
            [
              131.06183,
              83.38025
            ],
            [
              130.82855,
              83.34918
            ],
            [
              131.3621,
              83.29506
            ],
            [
              131.13039,
              83.26414
            ],
            [
              131.39366,
              83.23699
            ],
            [
              131.16379,
              83.20609
            ],
            [
              131.68348,
              83.15162
            ],
            [
              131.45517,
              83.12086
            ],
            [
              131.71168,
              83.09355
            ],
            [
              131.48516,
              83.0628
            ],
            [
              131.7394,
              83.03547
            ],
            [
              131.96615,
              83.06609
            ],
            [
              132.2186,
              83.03851
            ],
            [
              132.44756,
              83.0689
            ],
            [
              132.94682,
              83.01309
            ],
            [
              132.71752,
              82.98294
            ],
            [
              133.20854,
              82.92685
            ],
            [
              132.98092,
              82.89683
            ],
            [
              133.22339,
              82.86872
            ],
            [
              132.99756,
              82.83871
            ],
            [
              133.23799,
              82.81059
            ],
            [
              133.01392,
              82.78058
            ],
            [
              133.25236,
              82.75246
            ],
            [
              133.03003,
              82.72246
            ],
            [
              133.2665,
              82.69433
            ],
            [
              133.04588,
              82.66435
            ],
            [
              133.28042,
              82.63621
            ],
            [
              133.06148,
              82.60624
            ],
            [
              133.52499,
              82.54983
            ],
            [
              133.3076,
              82.51998
            ],
            [
              133.98953,
              82.43481
            ],
            [
              133.77361,
              82.4052
            ],
            [
              134.2196,
              82.34807
            ],
            [
              134.00524,
              82.31857
            ],
            [
              134.44449,
              82.26122
            ],
            [
              134.23168,
              82.23183
            ],
            [
              134.66437,
              82.17425
            ],
            [
              134.4531,
              82.14499
            ],
            [
              134.8794,
              82.08719
            ],
            [
              134.66965,
              82.05803
            ],
            [
              135.08973,
              82.00002
            ],
            [
              134.8815,
              81.97098
            ],
            [
              135.08926,
              81.94192
            ],
            [
              134.88253,
              81.91288
            ],
            [
              135.08879,
              81.88382
            ],
            [
              134.88355,
              81.85478
            ],
            [
              135.29166,
              81.79658
            ],
            [
              135.08788,
              81.76764
            ],
            [
              135.49024,
              81.70924
            ],
            [
              135.28791,
              81.68041
            ],
            [
              135.48699,
              81.65116
            ],
            [
              135.28608,
              81.62233
            ],
            [
              135.48378,
              81.59309
            ],
            [
              135.28427,
              81.56426
            ],
            [
              135.6756,
              81.50568
            ],
            [
              135.4775,
              81.47695
            ],
            [
              135.67117,
              81.44761
            ],
            [
              135.47442,
              81.41889
            ],
            [
              135.85784,
              81.36013
            ],
            [
              135.66247,
              81.3315
            ],
            [
              135.85226,
              81.30208
            ],
            [
              135.65821,
              81.27346
            ],
            [
              135.84675,
              81.24404
            ],
            [
              135.654,
              81.21541
            ],
            [
              135.84131,
              81.186
            ],
            [
              135.64986,
              81.15737
            ],
            [
              136.0208,
              81.09847
            ],
            [
              135.83065,
              81.06993
            ],
            [
              136.01432,
              81.04044
            ],
            [
              135.82542,
              81.01191
            ],
            [
              136.18923,
              80.95284
            ],
            [
              136.00161,
              80.9244
            ],
            [
              136.18178,
              80.89483
            ],
            [
              135.99538,
              80.86639
            ],
            [
              136.17442,
              80.83683
            ],
            [
              135.98922,
              80.80839
            ],
            [
              136.16715,
              80.77883
            ],
            [
              135.98315,
              80.75038
            ],
            [
              136.15998,
              80.72083
            ],
            [
              135.97715,
              80.69239
            ],
            [
              136.15289,
              80.66284
            ],
            [
              135.97122,
              80.63439
            ],
            [
              136.1459,
              80.60485
            ],
            [
              135.96537,
              80.5764
            ],
            [
              136.13899,
              80.54687
            ],
            [
              135.95959,
              80.51842
            ],
            [
              136.13216,
              80.48889
            ],
            [
              135.95388,
              80.46044
            ],
            [
              136.2959,
              80.40131
            ],
            [
              136.11875,
              80.37295
            ],
            [
              136.45666,
              80.31366
            ],
            [
              136.28065,
              80.28539
            ],
            [
              136.44809,
              80.25571
            ],
            [
              136.62405,
              80.28389
            ],
            [
              136.79041,
              80.25405
            ],
            [
              136.96733,
              80.28205
            ],
            [
              137.1326,
              80.25204
            ],
            [
              137.48936,
              80.3076
            ],
            [
              137.1581,
              80.3679
            ],
            [
              137.33819,
              80.39572
            ],
            [
              137.0029,
              80.45588
            ],
            [
              137.18421,
              80.48378
            ],
            [
              136.8448,
              80.5438
            ],
            [
              137.02735,
              80.57179
            ],
            [
              136.85609,
              80.60176
            ],
            [
              137.0398,
              80.62975
            ],
            [
              136.86751,
              80.65973
            ],
            [
              137.0524,
              80.68771
            ],
            [
              136.87908,
              80.7177
            ],
            [
              137.25239,
              80.77356
            ],
            [
              137.07809,
              80.80365
            ],
            [
              137.26655,
              80.83153
            ],
            [
              137.09119,
              80.86163
            ],
            [
              137.28088,
              80.8895
            ],
            [
              136.92683,
              80.94964
            ],
            [
              137.11788,
              80.9776
            ],
            [
              136.93916,
              81.00763
            ],
            [
              137.91291,
              81.1464
            ],
            [
              137.3709,
              81.23742
            ],
            [
              137.17338,
              81.20958
            ],
            [
              136.80555,
              81.26964
            ],
            [
              137.00326,
              81.29767
            ],
            [
              136.81751,
              81.32766
            ],
            [
              137.01659,
              81.35569
            ],
            [
              136.64138,
              81.4156
            ],
            [
              136.84194,
              81.44372
            ],
            [
              136.65244,
              81.47364
            ],
            [
              136.8544,
              81.50176
            ],
            [
              136.66364,
              81.53168
            ],
            [
              136.86703,
              81.5598
            ],
            [
              136.48158,
              81.61957
            ],
            [
              136.68651,
              81.64778
            ],
            [
              136.49179,
              81.67763
            ],
            [
              136.69819,
              81.70584
            ],
            [
              136.30466,
              81.76545
            ],
            [
              136.51263,
              81.79376
            ],
            [
              136.31378,
              81.82352
            ],
            [
              136.52328,
              81.85183
            ],
            [
              136.12133,
              81.91128
            ],
            [
              136.33243,
              81.93968
            ],
            [
              135.92464,
              81.99894
            ],
            [
              136.13737,
              82.02746
            ],
            [
              135.93124,
              82.05704
            ],
            [
              136.14556,
              82.08555
            ],
            [
              135.93795,
              82.11515
            ],
            [
              136.15388,
              82.14366
            ],
            [
              135.73403,
              82.20275
            ],
            [
              135.95166,
              82.23136
            ],
            [
              134.87385,
              82.37779
            ],
            [
              135.09324,
              82.40685
            ],
            [
              134.65044,
              82.46488
            ],
            [
              134.87152,
              82.49405
            ],
            [
              134.64752,
              82.52301
            ],
            [
              134.87032,
              82.55219
            ],
            [
              134.41704,
              82.61
            ],
            [
              134.64155,
              82.6393
            ],
            [
              134.41221,
              82.66814
            ],
            [
              134.6385,
              82.69745
            ],
            [
              134.4073,
              82.72629
            ],
            [
              134.63539,
              82.7556
            ],
            [
              134.40231,
              82.78444
            ],
            [
              134.63224,
              82.81375
            ],
            [
              134.16035,
              82.87132
            ],
            [
              134.39209,
              82.90076
            ],
            [
              134.15322,
              82.92948
            ],
            [
              134.38686,
              82.95892
            ],
            [
              134.14598,
              82.98764
            ],
            [
              134.38153,
              83.01709
            ],
            [
              133.89368,
              83.0744
            ],
            [
              134.37061,
              83.13343
            ],
            [
              133.87431,
              83.19074
            ],
            [
              134.11576,
              83.22032
            ],
            [
              133.86438,
              83.24891
            ],
            [
              134.10787,
              83.2785
            ],
            [
              133.5985,
              83.33554
            ],
            [
              133.84399,
              83.36526
            ],
            [
              133.58591,
              83.39371
            ],
            [
              133.83352,
              83.42344
            ],
            [
              133.3104,
              83.4802
            ],
            [
              133.56006,
              83.51007
            ],
            [
              133.02748,
              83.56654
            ],
            [
              133.27918,
              83.59655
            ],
            [
              133.00922,
              83.62471
            ],
            [
              133.26314,
              83.65473
            ],
            [
              132.99061,
              83.68288
            ],
            [
              133.24681,
              83.71291
            ],
            [
              132.97166,
              83.74105
            ],
            [
              133.23016,
              83.7711
            ],
            [
              132.95236,
              83.79923
            ],
            [
              133.21321,
              83.82929
            ],
            [
              132.64959,
              83.88539
            ],
            [
              132.91264,
              83.9156
            ],
            [
              132.62672,
              83.94356
            ],
            [
              132.8922,
              83.97378
            ],
            [
              132.31191,
              84.02955
            ],
            [
              132.57964,
              84.05992
            ],
            [
              132.28516,
              84.08771
            ],
            [
              132.5554,
              84.1181
            ],
            [
              131.95752,
              84.1735
            ],
            [
              132.23004,
              84.20405
            ],
            [
              131.92651,
              84.23166
            ],
            [
              132.20164,
              84.26222
            ],
            [
              131.58514,
              84.31724
            ],
            [
              131.86259,
              84.34797
            ],
            [
              131.54949,
              84.37538
            ],
            [
              131.82963,
              84.40613
            ],
            [
              131.19343,
              84.46075
            ],
            [
              131.47592,
              84.49166
            ],
            [
              131.15268,
              84.51887
            ],
            [
              131.43796,
              84.54981
            ],
            [
              130.78086,
              84.604
            ],
            [
              131.06853,
              84.63511
            ],
            [
              130.73452,
              84.6621
            ],
            [
              131.02507,
              84.69323
            ],
            [
              130.34578,
              84.74697
            ],
            [
              130.63874,
              84.77829
            ],
            [
              129.94427,
              84.8316
            ],
            [
              130.23961,
              84.86311
            ],
            [
              129.5294,
              84.91598
            ],
            [
              129.82708,
              84.94768
            ],
            [
              129.10053,
              85.00009
            ],
            [
              129.40051,
              85.03198
            ],
            [
              128.27932,
              85.10955
            ],
            [
              128.58066,
              85.14182
            ],
            [
              128.19807,
              85.16743
            ],
            [
              128.50249,
              85.19974
            ],
            [
              128.11483,
              85.2253
            ],
            [
              128.42242,
              85.25764
            ],
            [
              128.02956,
              85.28316
            ],
            [
              128.65547,
              85.34778
            ],
            [
              128.25624,
              85.37343
            ],
            [
              128.57474,
              85.40571
            ],
            [
              127.76069,
              85.45668
            ],
            [
              128.08152,
              85.48919
            ],
            [
              127.66644,
              85.51451
            ],
            [
              127.99075,
              85.54705
            ],
            [
              127.56972,
              85.57232
            ],
            [
              127.89759,
              85.60491
            ],
            [
              127.03836,
              85.65509
            ],
            [
              127.36851,
              85.68791
            ],
            [
              126.93,
              85.71282
            ],
            [
              127.26379,
              85.74569
            ],
            [
              126.36833,
              85.79513
            ],
            [
              126.70427,
              85.82824
            ],
            [
              126.24698,
              85.85277
            ],
            [
              126.58666,
              85.88593
            ],
            [
              126.1222,
              85.91039
            ],
            [
              126.46569,
              85.94361
            ],
            [
              125.51631,
              85.99209
            ],
            [
              125.86179,
              86.02557
            ],
            [
              124.88525,
              86.07334
            ],
            [
              125.23251,
              86.10708
            ],
            [
              124.73311,
              86.13074
            ],
            [
              125.08423,
              86.16454
            ],
            [
              124.06224,
              86.21137
            ],
            [
              124.77391,
              86.27938
            ],
            [
              125.2929,
              86.2557
            ],
            [
              125.66093,
              86.28927
            ],
            [
              126.17556,
              86.26506
            ],
            [
              126.55247,
              86.29826
            ],
            [
              127.56567,
              86.24853
            ],
            [
              127.18486,
              86.21577
            ],
            [
              128.16789,
              86.16533
            ],
            [
              127.79018,
              86.13284
            ],
            [
              128.74446,
              86.08174
            ],
            [
              128.37001,
              86.0495
            ],
            [
              128.83645,
              86.02376
            ],
            [
              128.46668,
              85.99157
            ],
            [
              129.37905,
              85.93973
            ],
            [
              129.01261,
              85.90779
            ],
            [
              129.89959,
              85.85536
            ],
            [
              129.53658,
              85.82366
            ],
            [
              130.3993,
              85.77066
            ],
            [
              130.03979,
              85.7392
            ],
            [
              130.46219,
              85.71254
            ],
            [
              130.10706,
              85.68111
            ],
            [
              130.93461,
              85.62751
            ],
            [
              130.58298,
              85.5963
            ],
            [
              131.38897,
              85.5422
            ],
            [
              131.04086,
              85.5112
            ],
            [
              132.21181,
              85.42901
            ],
            [
              131.86675,
              85.39841
            ],
            [
              132.9947,
              85.31494
            ],
            [
              132.65292,
              85.28472
            ],
            [
              133.74019,
              85.20005
            ],
            [
              133.40191,
              85.1702
            ],
            [
              134.10519,
              85.11317
            ],
            [
              133.77068,
              85.08351
            ],
            [
              134.45742,
              85.02611
            ],
            [
              135.13085,
              85.08458
            ],
            [
              135.46829,
              85.05527
            ],
            [
              136.50845,
              85.14114
            ],
            [
              136.84141,
              85.11115
            ],
            [
              137.5548,
              85.16713
            ],
            [
              137.88301,
              85.13662
            ],
            [
              137.52462,
              85.1089
            ],
            [
              139.41259,
              84.92371
            ],
            [
              139.06095,
              84.89681
            ],
            [
              140.53395,
              84.73939
            ],
            [
              140.18892,
              84.71312
            ],
            [
              142.11218,
              84.48841
            ],
            [
              141.77541,
              84.46303
            ],
            [
              142.55443,
              84.3654
            ],
            [
              142.22301,
              84.34027
            ],
            [
              145.0932,
              83.94195
            ],
            [
              144.77465,
              83.91831
            ],
            [
              147.29603,
              83.50836
            ],
            [
              146.99091,
              83.48604
            ],
            [
              147.95377,
              83.31249
            ],
            [
              147.65539,
              83.29058
            ],
            [
              148.92834,
              83.04546
            ],
            [
              148.63837,
              83.02415
            ],
            [
              149.83043,
              82.77665
            ],
            [
              149.54861,
              82.75591
            ],
            [
              150.35549,
              82.57787
            ],
            [
              150.07975,
              82.55746
            ],
            [
              150.54814,
              82.45027
            ],
            [
              150.27654,
              82.42998
            ],
            [
              150.43059,
              82.39424
            ],
            [
              150.16131,
              82.37388
            ],
            [
              150.46679,
              82.30243
            ],
            [
              150.20063,
              82.2821
            ],
            [
              150.50214,
              82.21063
            ],
            [
              150.23903,
              82.19033
            ],
            [
              150.97308,
              82.01124
            ],
            [
              150.71534,
              81.99123
            ],
            [
              151.00138,
              81.91944
            ],
            [
              151.25753,
              81.93926
            ],
            [
              151.81136,
              81.79475
            ],
            [
              151.5584,
              81.77528
            ],
            [
              152.09611,
              81.63039
            ],
            [
              151.84746,
              81.61111
            ],
            [
              152.24094,
              81.50224
            ],
            [
              152.98326,
              81.55889
            ],
            [
              153.10983,
              81.52227
            ],
            [
              153.35868,
              81.54075
            ],
            [
              152.71868,
              81.72385
            ],
            [
              152.97274,
              81.74259
            ],
            [
              151.75406,
              82.07029
            ],
            [
              152.01696,
              82.08965
            ],
            [
              151.29973,
              82.27057
            ],
            [
              151.56834,
              82.29021
            ],
            [
              151.27373,
              82.36243
            ],
            [
              151.54552,
              82.38209
            ],
            [
              151.39701,
              82.41822
            ],
            [
              151.67113,
              82.43781
            ],
            [
              151.37169,
              82.51011
            ],
            [
              151.64912,
              82.52971
            ],
            [
              151.34573,
              82.602
            ],
            [
              151.62656,
              82.62162
            ],
            [
              151.00553,
              82.76597
            ],
            [
              151.29183,
              82.78581
            ],
            [
              150.97391,
              82.85787
            ],
            [
              151.26384,
              82.87773
            ],
            [
              150.77781,
              82.98571
            ],
            [
              150.48482,
              82.96555
            ],
            [
              150.31844,
              83.00133
            ],
            [
              150.61245,
              83.0216
            ],
            [
              149.58352,
              83.23567
            ],
            [
              149.88554,
              83.2564
            ],
            [
              148.79585,
              83.46887
            ],
            [
              149.10619,
              83.49009
            ],
            [
              147.3423,
              83.80518
            ],
            [
              147.02241,
              83.78287
            ],
            [
              146.17566,
              83.92041
            ],
            [
              146.49968,
              83.94322
            ],
            [
              145.16155,
              84.14773
            ],
            [
              145.49422,
              84.17114
            ],
            [
              143.31246,
              84.47273
            ],
            [
              143.65678,
              84.49723
            ],
            [
              142.344,
              84.66181
            ],
            [
              142.69608,
              84.68686
            ],
            [
              141.58988,
              84.81704
            ],
            [
              141.94889,
              84.84253
            ],
            [
              140.78928,
              84.97134
            ],
            [
              141.15527,
              84.99728
            ],
            [
              139.62384,
              85.15611
            ],
            [
              139.99755,
              85.18269
            ],
            [
              138.02705,
              85.36947
            ],
            [
              138.40876,
              85.39692
            ],
            [
              136.64464,
              85.54903
            ],
            [
              136.26101,
              85.52064
            ],
            [
              135.89349,
              85.55035
            ],
            [
              136.27734,
              85.57893
            ],
            [
              134.75749,
              85.69664
            ],
            [
              135.14684,
              85.72581
            ],
            [
              134.75382,
              85.75495
            ],
            [
              135.14853,
              85.78412
            ],
            [
              133.9363,
              85.87092
            ],
            [
              134.33634,
              85.9005
            ],
            [
              133.49917,
              85.95773
            ],
            [
              133.09965,
              85.92773
            ],
            [
              132.67256,
              85.95581
            ],
            [
              133.07167,
              85.98602
            ],
            [
              132.19845,
              86.0419
            ],
            [
              132.60268,
              86.07234
            ],
            [
              132.15618,
              86.10015
            ],
            [
              132.56616,
              86.13061
            ],
            [
              132.11262,
              86.1584
            ],
            [
              133.81683,
              86.27908
            ],
            [
              134.27208,
              86.25039
            ],
            [
              133.83548,
              86.22076
            ],
            [
              134.72501,
              86.16315
            ],
            [
              136.51313,
              86.2785
            ],
            [
              136.9471,
              86.24846
            ],
            [
              137.88185,
              86.30425
            ],
            [
              137.44897,
              86.33475
            ],
            [
              137.92768,
              86.36251
            ],
            [
              136.58663,
              86.45342
            ],
            [
              137.07467,
              86.48163
            ],
            [
              138.84501,
              86.35904
            ],
            [
              138.35983,
              86.33177
            ],
            [
              138.78477,
              86.30083
            ],
            [
              139.26899,
              86.32787
            ],
            [
              140.89463,
              86.20127
            ],
            [
              140.41508,
              86.17514
            ],
            [
              142.66622,
              85.98127
            ],
            [
              142.20149,
              85.95614
            ],
            [
              142.90711,
              85.89064
            ],
            [
              142.45111,
              85.86565
            ],
            [
              143.1376,
              85.79994
            ],
            [
              142.69002,
              85.77509
            ],
            [
              148.29036,
              85.12866
            ],
            [
              148.70488,
              85.15018
            ],
            [
              148.95637,
              85.1149
            ],
            [
              151.0738,
              85.21786
            ],
            [
              151.31122,
              85.18173
            ],
            [
              152.17878,
              85.22074
            ],
            [
              152.408,
              85.18424
            ],
            [
              154.17509,
              85.25831
            ],
            [
              153.73359,
              85.3324
            ],
            [
              154.18939,
              85.35049
            ],
            [
              155.04785,
              85.20147
            ],
            [
              155.49597,
              85.2187
            ],
            [
              156.85703,
              84.95468
            ],
            [
              157.28908,
              84.97072
            ],
            [
              157.99392,
              84.81823
            ],
            [
              157.5724,
              84.80266
            ],
            [
              157.74474,
              84.76453
            ],
            [
              158.16368,
              84.77999
            ],
            [
              159.43681,
              84.47258
            ],
            [
              159.83807,
              84.4869
            ],
            [
              160.27243,
              84.3707
            ],
            [
              160.66847,
              84.38446
            ],
            [
              161.59898,
              84.11154
            ],
            [
              161.98051,
              84.12441
            ],
            [
              162.2262,
              84.04601
            ],
            [
              162.60483,
              84.05844
            ],
            [
              162.83966,
              83.97977
            ],
            [
              162.46548,
              83.9675
            ],
            [
              163.4692,
              83.6131
            ],
            [
              163.82439,
              83.62468
            ],
            [
              164.8879,
              83.1886
            ],
            [
              165.22317,
              83.1992
            ],
            [
              165.98096,
              82.84047
            ],
            [
              166.30142,
              82.85032
            ],
            [
              166.37927,
              82.81034
            ],
            [
              166.69891,
              82.81991
            ],
            [
              166.77421,
              82.77986
            ],
            [
              167.09301,
              82.78915
            ],
            [
              167.30903,
              82.66881
            ],
            [
              167.62364,
              82.67773
            ],
            [
              167.69244,
              82.63754
            ],
            [
              168.00616,
              82.64619
            ],
            [
              168.13827,
              82.5657
            ],
            [
              168.44945,
              82.57404
            ],
            [
              168.57553,
              82.49343
            ],
            [
              168.88417,
              82.50146
            ],
            [
              169.00439,
              82.42074
            ],
            [
              169.31051,
              82.42847
            ],
            [
              169.36809,
              82.38805
            ],
            [
              169.67324,
              82.39553
            ],
            [
              169.89141,
              82.23366
            ],
            [
              170.19096,
              82.24077
            ],
            [
              170.49276,
              81.99761
            ],
            [
              170.78395,
              82.00429
            ],
            [
              170.96948,
              81.84197
            ],
            [
              172.11602,
              81.86613
            ]
          ],
          [
            [
              126.59921,
              82.50151
            ],
            [
              126.4123,
              82.46848
            ],
            [
              126.15897,
              82.49282
            ],
            [
              126.34537,
              82.52596
            ],
            [
              126.59921,
              82.50151
            ]
          ],
          [
            [
              126.53343,
              82.55902
            ],
            [
              126.34537,
              82.52596
            ],
            [
              126.08986,
              82.55026
            ],
            [
              126.2774,
              82.58343
            ],
            [
              126.53343,
              82.55902
            ]
          ],
          [
            [
              126.46662,
              82.61652
            ],
            [
              126.2774,
              82.58343
            ],
            [
              126.01967,
              82.60769
            ],
            [
              126.20836,
              82.64089
            ],
            [
              126.46662,
              82.61652
            ]
          ],
          [
            [
              126.13824,
              82.69835
            ],
            [
              125.94838,
              82.66512
            ],
            [
              125.42325,
              82.71311
            ],
            [
              125.61195,
              82.74657
            ],
            [
              126.13824,
              82.69835
            ]
          ],
          [
            [
              125.8024,
              82.77994
            ],
            [
              125.61195,
              82.74657
            ],
            [
              125.34618,
              82.77044
            ],
            [
              125.53602,
              82.80393
            ],
            [
              125.8024,
              82.77994
            ]
          ],
          [
            [
              125.72764,
              82.83734
            ],
            [
              125.53602,
              82.80393
            ],
            [
              125.26787,
              82.82777
            ],
            [
              125.45887,
              82.86129
            ],
            [
              125.72764,
              82.83734
            ]
          ],
          [
            [
              125.30078,
              82.97598
            ],
            [
              125.10742,
              82.94238
            ],
            [
              124.83252,
              82.96597
            ],
            [
              125.02521,
              82.99968
            ],
            [
              125.30078,
              82.97598
            ]
          ],
          [
            [
              120.73104,
              83.18664
            ],
            [
              120.55483,
              83.15126
            ],
            [
              120.25671,
              83.17209
            ],
            [
              120.43191,
              83.20758
            ],
            [
              120.73104,
              83.18664
            ]
          ],
          [
            [
              120.60895,
              83.24301
            ],
            [
              120.43191,
              83.20758
            ],
            [
              119.8281,
              83.2489
            ],
            [
              120.00303,
              83.28455
            ],
            [
              119.38963,
              83.32533
            ],
            [
              119.56422,
              83.36114
            ],
            [
              119.25356,
              83.38135
            ],
            [
              119.4289,
              83.41721
            ],
            [
              118.7995,
              83.45727
            ],
            [
              118.97438,
              83.49329
            ],
            [
              118.65556,
              83.51313
            ],
            [
              118.83115,
              83.5492
            ],
            [
              118.18509,
              83.5885
            ],
            [
              118.36009,
              83.62474
            ],
            [
              118.03277,
              83.64419
            ],
            [
              118.20844,
              83.68048
            ],
            [
              117.87775,
              83.69984
            ],
            [
              118.05409,
              83.73618
            ],
            [
              117.38379,
              83.77449
            ],
            [
              117.55934,
              83.811
            ],
            [
              117.21964,
              83.82994
            ],
            [
              117.3958,
              83.86651
            ],
            [
              117.0525,
              83.88535
            ],
            [
              117.22927,
              83.92197
            ],
            [
              116.5332,
              83.95922
            ],
            [
              116.70897,
              83.99601
            ],
            [
              116.00107,
              84.03258
            ],
            [
              116.1757,
              84.06955
            ],
            [
              115.09243,
              84.12302
            ],
            [
              115.264,
              84.16027
            ],
            [
              114.52725,
              84.19495
            ],
            [
              114.6973,
              84.23238
            ],
            [
              113.94792,
              84.26632
            ],
            [
              114.11628,
              84.30391
            ],
            [
              113.73627,
              84.32062
            ],
            [
              113.90484,
              84.35829
            ],
            [
              113.52052,
              84.37486
            ],
            [
              113.68927,
              84.41258
            ],
            [
              112.90959,
              84.44518
            ],
            [
              113.0763,
              84.48308
            ],
            [
              112.68081,
              84.4991
            ],
            [
              112.84759,
              84.53707
            ],
            [
              112.44751,
              84.55294
            ],
            [
              112.6143,
              84.59097
            ],
            [
              111.80244,
              84.62213
            ],
            [
              112.13351,
              84.69851
            ],
            [
              111.71909,
              84.7139
            ],
            [
              112.22635,
              84.82847
            ],
            [
              111.37463,
              84.85909
            ],
            [
              111.54341,
              84.89742
            ],
            [
              110.6761,
              84.92712
            ],
            [
              111.01012,
              85.0041
            ],
            [
              110.56689,
              85.01874
            ],
            [
              110.73484,
              85.05728
            ],
            [
              110.28602,
              85.07173
            ],
            [
              110.45358,
              85.11034
            ],
            [
              109.99905,
              85.1246
            ],
            [
              110.16614,
              85.16329
            ],
            [
              109.70578,
              85.17735
            ],
            [
              109.87234,
              85.21611
            ],
            [
              108.93701,
              85.24351
            ],
            [
              109.09958,
              85.28246
            ],
            [
              108.62447,
              85.29579
            ],
            [
              108.95076,
              85.3738
            ],
            [
              109.91222,
              85.34636
            ],
            [
              109.74069,
              85.30761
            ],
            [
              110.21371,
              85.29352
            ],
            [
              110.04163,
              85.25483
            ],
            [
              110.97252,
              85.22594
            ],
            [
              110.79677,
              85.18745
            ],
            [
              111.71,
              85.15756
            ],
            [
              111.5309,
              85.11926
            ],
            [
              111.98026,
              85.10398
            ],
            [
              111.80101,
              85.06576
            ],
            [
              112.68553,
              85.03455
            ],
            [
              112.50338,
              84.99652
            ],
            [
              113.37121,
              84.96438
            ],
            [
              113.18645,
              84.92655
            ],
            [
              113.61358,
              84.91018
            ],
            [
              113.42898,
              84.87241
            ],
            [
              113.85082,
              84.85588
            ],
            [
              113.30561,
              84.74264
            ],
            [
              113.71745,
              84.7262
            ],
            [
              113.53851,
              84.68847
            ],
            [
              113.94543,
              84.67188
            ],
            [
              113.76671,
              84.63422
            ],
            [
              114.56838,
              84.60047
            ],
            [
              114.38769,
              84.56299
            ],
            [
              115.17497,
              84.52845
            ],
            [
              114.99252,
              84.49116
            ],
            [
              115.38036,
              84.47362
            ],
            [
              115.19833,
              84.43639
            ],
            [
              115.96262,
              84.40081
            ],
            [
              115.77911,
              84.36376
            ],
            [
              116.52986,
              84.32744
            ],
            [
              116.34503,
              84.29058
            ],
            [
              117.4477,
              84.23466
            ],
            [
              117.26001,
              84.1981
            ],
            [
              118.33621,
              84.14046
            ],
            [
              118.14602,
              84.1042
            ],
            [
              118.49847,
              84.08465
            ],
            [
              118.30907,
              84.04845
            ],
            [
              118.65768,
              84.0288
            ],
            [
              118.46909,
              83.99266
            ],
            [
              118.81395,
              83.97291
            ],
            [
              118.62616,
              83.93682
            ],
            [
              119.30627,
              83.89693
            ],
            [
              119.11792,
              83.86101
            ],
            [
              119.45327,
              83.84086
            ],
            [
              119.26577,
              83.805
            ],
            [
              119.59761,
              83.78476
            ],
            [
              119.22646,
              83.71308
            ],
            [
              119.55359,
              83.69287
            ],
            [
              119.3699,
              83.65704
            ],
            [
              119.69368,
              83.63675
            ],
            [
              119.51083,
              83.60098
            ],
            [
              119.83132,
              83.58059
            ],
            [
              119.64929,
              83.54487
            ],
            [
              119.96657,
              83.52441
            ],
            [
              119.78537,
              83.48874
            ],
            [
              120.09948,
              83.46819
            ],
            [
              119.91912,
              83.43257
            ],
            [
              120.23012,
              83.41194
            ],
            [
              119.87298,
              83.34073
            ],
            [
              120.4848,
              83.29934
            ],
            [
              120.30693,
              83.26387
            ],
            [
              120.60895,
              83.24301
            ]
          ],
          [
            [
              156.04489,
              86.63859
            ],
            [
              155.40544,
              86.62164
            ],
            [
              154.80929,
              86.69651
            ],
            [
              155.46024,
              86.71385
            ],
            [
              156.04489,
              86.63859
            ]
          ],
          [
            [
              154.80929,
              86.69651
            ],
            [
              154.16523,
              86.67875
            ],
            [
              153.53019,
              86.75284
            ],
            [
              154.18555,
              86.77101
            ],
            [
              153.86277,
              86.80811
            ],
            [
              154.53142,
              86.82606
            ],
            [
              155.15777,
              86.75134
            ],
            [
              154.50098,
              86.7338
            ],
            [
              154.80929,
              86.69651
            ]
          ],
          [
            [
              155.20758,
              86.84357
            ],
            [
              154.53142,
              86.82606
            ],
            [
              154.20707,
              86.86327
            ],
            [
              154.88949,
              86.88099
            ],
            [
              155.20758,
              86.84357
            ]
          ],
          [
            [
              165.98935,
              87.08908
            ],
            [
              165.20413,
              87.07882
            ],
            [
              164.77883,
              87.15856
            ],
            [
              163.97912,
              87.14745
            ],
            [
              162.74913,
              87.34523
            ],
            [
              161.90264,
              87.33271
            ],
            [
              161.33482,
              87.41106
            ],
            [
              160.47414,
              87.39756
            ],
            [
              158.83236,
              87.59113
            ],
            [
              157.92283,
              87.57592
            ],
            [
              157.16519,
              87.65224
            ],
            [
              158.09956,
              87.66794
            ],
            [
              158.4719,
              87.62958
            ],
            [
              159.40558,
              87.6444
            ],
            [
              160.73162,
              87.48914
            ],
            [
              161.62523,
              87.50245
            ],
            [
              162.20433,
              87.42396
            ],
            [
              163.08239,
              87.43627
            ],
            [
              163.85245,
              87.31754
            ],
            [
              164.70258,
              87.32872
            ],
            [
              165.98935,
              87.08908
            ]
          ],
          [
            [
              -176.62432,
              87.25344
            ],
            [
              -177.48426,
              87.25556
            ],
            [
              -177.40623,
              87.33804
            ],
            [
              -176.51973,
              87.33585
            ],
            [
              -176.62432,
              87.25344
            ]
          ],
          [
            [
              -133.52053,
              86.07914
            ],
            [
              -133.93883,
              86.10892
            ],
            [
              -133.49781,
              86.13744
            ],
            [
              -133.07984,
              86.10743
            ],
            [
              -133.52053,
              86.07914
            ]
          ],
          [
            [
              -133.49781,
              86.13744
            ],
            [
              -133.9223,
              86.16723
            ],
            [
              -133.47439,
              86.19574
            ],
            [
              -133.05025,
              86.16572
            ],
            [
              -133.49781,
              86.13744
            ]
          ],
          [
            [
              -177.40623,
              87.33804
            ],
            [
              -178.29398,
              87.33958
            ],
            [
              -178.26709,
              87.38085
            ],
            [
              -177.36537,
              87.37928
            ],
            [
              -177.40623,
              87.33804
            ]
          ],
          [
            [
              -133.47439,
              86.19574
            ],
            [
              -133.90526,
              86.22555
            ],
            [
              -133.45024,
              86.25404
            ],
            [
              -133.01974,
              86.22401
            ],
            [
              -133.47439,
              86.19574
            ]
          ],
          [
            [
              -178.26709,
              87.38085
            ],
            [
              -179.16966,
              87.38177
            ],
            [
              -179.15635,
              87.42305
            ],
            [
              -178.23933,
              87.42211
            ],
            [
              -178.26709,
              87.38085
            ]
          ],
          [
            [
              -179.15635,
              87.42305
            ],
            [
              179.92619,
              87.42333
            ],
            [
              179.92499,
              87.46461
            ],
            [
              -179.14261,
              87.46433
            ],
            [
              -179.15635,
              87.42305
            ]
          ],
          [
            [
              171.72653,
              87.39624
            ],
            [
              170.83013,
              87.38998
            ],
            [
              170.53188,
              87.47146
            ],
            [
              171.45653,
              87.47792
            ],
            [
              171.72653,
              87.39624
            ]
          ],
          [
            [
              137.57057,
              86.50958
            ],
            [
              137.07467,
              86.48163
            ],
            [
              136.61276,
              86.51174
            ],
            [
              137.10925,
              86.53993
            ],
            [
              137.57057,
              86.50958
            ]
          ],
          [
            [
              -133.86955,
              86.34218
            ],
            [
              -134.32105,
              86.37178
            ],
            [
              -133.85082,
              86.40049
            ],
            [
              -133.39962,
              86.37065
            ],
            [
              -133.86955,
              86.34218
            ]
          ],
          [
            [
              179.92499,
              87.46461
            ],
            [
              178.99263,
              87.46422
            ],
            [
              178.97596,
              87.5055
            ],
            [
              179.92375,
              87.50589
            ],
            [
              179.92499,
              87.46461
            ]
          ],
          [
            [
              -134.30955,
              86.43011
            ],
            [
              -134.77592,
              86.4595
            ],
            [
              -134.29766,
              86.48844
            ],
            [
              -133.83148,
              86.45881
            ],
            [
              -134.30955,
              86.43011
            ]
          ],
          [
            [
              -134.29766,
              86.48844
            ],
            [
              -134.77176,
              86.51783
            ],
            [
              -134.28538,
              86.54677
            ],
            [
              -133.81149,
              86.51713
            ],
            [
              -134.29766,
              86.48844
            ]
          ],
          [
            [
              170.37542,
              87.51217
            ],
            [
              169.44118,
              87.50495
            ],
            [
              169.26452,
              87.54552
            ],
            [
              170.21376,
              87.55287
            ],
            [
              170.37542,
              87.51217
            ]
          ],
          [
            [
              121.47987,
              85.30481
            ],
            [
              121.21899,
              85.26963
            ],
            [
              120.78945,
              85.29087
            ],
            [
              121.04828,
              85.32622
            ],
            [
              121.47987,
              85.30481
            ]
          ],
          [
            [
              -134.76745,
              86.57616
            ],
            [
              -135.25784,
              86.60531
            ],
            [
              -134.76299,
              86.6345
            ],
            [
              -134.27268,
              86.6051
            ],
            [
              -134.76745,
              86.57616
            ]
          ],
          [
            [
              -171.32252,
              87.56055
            ],
            [
              -172.28293,
              87.56643
            ],
            [
              -172.15014,
              87.60734
            ],
            [
              -171.17369,
              87.60136
            ],
            [
              -171.32252,
              87.56055
            ]
          ],
          [
            [
              121.31105,
              85.36146
            ],
            [
              121.04828,
              85.32622
            ],
            [
              120.61274,
              85.34735
            ],
            [
              120.87338,
              85.38276
            ],
            [
              121.31105,
              85.36146
            ]
          ],
          [
            [
              -135.26192,
              86.66365
            ],
            [
              -135.76961,
              86.69254
            ],
            [
              -135.26615,
              86.72199
            ],
            [
              -134.75838,
              86.69284
            ],
            [
              -135.26192,
              86.66365
            ]
          ],
          [
            [
              -172.15014,
              87.60734
            ],
            [
              -173.1312,
              87.61262
            ],
            [
              -173.01059,
              87.65361
            ],
            [
              -175.01857,
              87.66221
            ],
            [
              -174.92911,
              87.70334
            ],
            [
              -175.95602,
              87.70662
            ],
            [
              -175.88192,
              87.7478
            ],
            [
              -173.79428,
              87.74038
            ],
            [
              -173.90546,
              87.69933
            ],
            [
              -171.87044,
              87.68911
            ],
            [
              -172.15014,
              87.60734
            ]
          ],
          [
            [
              121.13805,
              85.41808
            ],
            [
              120.87338,
              85.38276
            ],
            [
              120.43168,
              85.40378
            ],
            [
              120.69415,
              85.43926
            ],
            [
              121.13805,
              85.41808
            ]
          ],
          [
            [
              116.32399,
              84.751
            ],
            [
              115.9303,
              84.67705
            ],
            [
              115.5294,
              84.69494
            ],
            [
              115.91876,
              84.76914
            ],
            [
              116.32399,
              84.751
            ]
          ],
          [
            [
              -135.79688,
              86.80922
            ],
            [
              -136.3328,
              86.83783
            ],
            [
              -135.81127,
              86.86755
            ],
            [
              -135.27508,
              86.83867
            ],
            [
              -135.79688,
              86.80922
            ]
          ],
          [
            [
              116.31933,
              84.8431
            ],
            [
              115.91876,
              84.76914
            ],
            [
              115.51073,
              84.78703
            ],
            [
              115.70735,
              84.82417
            ],
            [
              115.29423,
              84.84191
            ],
            [
              115.49139,
              84.87912
            ],
            [
              115.07307,
              84.89672
            ],
            [
              115.27074,
              84.934
            ],
            [
              114.84711,
              84.95146
            ],
            [
              115.04526,
              84.98881
            ],
            [
              114.61619,
              85.00612
            ],
            [
              114.81478,
              85.04354
            ],
            [
              114.38016,
              85.0607
            ],
            [
              114.57916,
              85.09819
            ],
            [
              114.13885,
              85.11519
            ],
            [
              114.33822,
              85.15276
            ],
            [
              113.44286,
              85.18615
            ],
            [
              113.63971,
              85.22392
            ],
            [
              113.18448,
              85.24031
            ],
            [
              113.38152,
              85.27815
            ],
            [
              114.29466,
              85.24482
            ],
            [
              114.09179,
              85.20724
            ],
            [
              114.54071,
              85.19026
            ],
            [
              114.74638,
              85.22771
            ],
            [
              115.19484,
              85.2103
            ],
            [
              115.40652,
              85.24755
            ],
            [
              115.85439,
              85.22971
            ],
            [
              115.64002,
              85.1926
            ],
            [
              116.08191,
              85.17462
            ],
            [
              115.6578,
              85.10048
            ],
            [
              116.09134,
              85.08249
            ],
            [
              115.88157,
              85.04546
            ],
            [
              116.30949,
              85.02733
            ],
            [
              115.89442,
              84.95335
            ],
            [
              116.3145,
              84.93521
            ],
            [
              115.90681,
              84.86124
            ],
            [
              116.31933,
              84.8431
            ]
          ],
          [
            [
              -175.88192,
              87.7478
            ],
            [
              -177.98058,
              87.75222
            ],
            [
              -177.8628,
              87.876
            ],
            [
              -176.7514,
              87.87407
            ],
            [
              -176.87284,
              87.79162
            ],
            [
              -175.80507,
              87.78898
            ],
            [
              -175.88192,
              87.7478
            ]
          ],
          [
            [
              -164.85773,
              87.80116
            ],
            [
              -166.95312,
              87.82125
            ],
            [
              -166.70334,
              87.86146
            ],
            [
              -167.78391,
              87.87056
            ],
            [
              -167.54424,
              87.9109
            ],
            [
              -165.35381,
              87.89157
            ],
            [
              -165.6323,
              87.85159
            ],
            [
              -164.57143,
              87.84098
            ],
            [
              -164.85773,
              87.80116
            ]
          ],
          [
            [
              -177.8628,
              87.876
            ],
            [
              -178.97582,
              87.87714
            ],
            [
              -178.9555,
              87.91843
            ],
            [
              -177.82043,
              87.91727
            ],
            [
              -177.8628,
              87.876
            ]
          ],
          [
            [
              156.76763,
              87.69023
            ],
            [
              155.83372,
              87.67365
            ],
            [
              154.52094,
              87.78608
            ],
            [
              155.49267,
              87.80351
            ],
            [
              156.76763,
              87.69023
            ]
          ],
          [
            [
              -178.9555,
              87.91843
            ],
            [
              179.90862,
              87.91877
            ],
            [
              179.90677,
              87.96006
            ],
            [
              -178.93436,
              87.95971
            ],
            [
              -178.9555,
              87.91843
            ]
          ],
          [
            [
              -167.54424,
              87.9109
            ],
            [
              -168.65391,
              87.91941
            ],
            [
              -168.42572,
              87.95988
            ],
            [
              -169.56553,
              87.96775
            ],
            [
              -169.35034,
              88.00835
            ],
            [
              -170.52132,
              88.01556
            ],
            [
              -170.32084,
              88.05627
            ],
            [
              -171.52402,
              88.06278
            ],
            [
              -171.3401,
              88.10361
            ],
            [
              -172.5765,
              88.10939
            ],
            [
              -172.23843,
              88.19125
            ],
            [
              -170.94743,
              88.18522
            ],
            [
              -171.14808,
              88.14443
            ],
            [
              -169.89358,
              88.13763
            ],
            [
              -170.11177,
              88.09697
            ],
            [
              -168.89256,
              88.08945
            ],
            [
              -169.12621,
              88.04891
            ],
            [
              -167.94108,
              88.04071
            ],
            [
              -168.1883,
              88.00031
            ],
            [
              -167.03602,
              87.99146
            ],
            [
              -167.54424,
              87.9109
            ]
          ],
          [
            [
              178.69515,
              88.04214
            ],
            [
              177.48862,
              88.04076
            ],
            [
              177.43456,
              88.08202
            ],
            [
              178.66703,
              88.08342
            ],
            [
              178.69515,
              88.04214
            ]
          ],
          [
            [
              154.05329,
              87.82328
            ],
            [
              153.08474,
              87.80492
            ],
            [
              152.58846,
              87.84165
            ],
            [
              153.56941,
              87.86033
            ],
            [
              154.05329,
              87.82328
            ]
          ],
          [
            [
              177.43456,
              88.08202
            ],
            [
              176.20446,
              88.07973
            ],
            [
              176.1211,
              88.12093
            ],
            [
              177.37813,
              88.12327
            ],
            [
              177.43456,
              88.08202
            ]
          ],
          [
            [
              176.1211,
              88.12093
            ],
            [
              174.86781,
              88.11769
            ],
            [
              174.75284,
              88.15881
            ],
            [
              176.034,
              88.16212
            ],
            [
              176.1211,
              88.12093
            ]
          ],
          [
            [
              152.07502,
              87.87822
            ],
            [
              151.09946,
              87.85859
            ],
            [
              150.55627,
              87.89464
            ],
            [
              151.54362,
              87.91461
            ],
            [
              152.07502,
              87.87822
            ]
          ],
          [
            [
              113.78522,
              85.35367
            ],
            [
              113.38152,
              85.27815
            ],
            [
              112.45563,
              85.31027
            ],
            [
              112.64968,
              85.34832
            ],
            [
              113.11733,
              85.33228
            ],
            [
              113.31774,
              85.37015
            ],
            [
              113.78522,
              85.35367
            ]
          ],
          [
            [
              -172.23843,
              88.19125
            ],
            [
              -173.5374,
              88.19636
            ],
            [
              -173.38629,
              88.23738
            ],
            [
              -172.05765,
              88.23216
            ],
            [
              -172.23843,
              88.19125
            ]
          ],
          [
            [
              162.03695,
              88.116
            ],
            [
              159.68255,
              88.08894
            ],
            [
              158.78642,
              88.16616
            ],
            [
              157.59438,
              88.15083
            ],
            [
              156.57694,
              88.22691
            ],
            [
              160.347,
              88.27237
            ],
            [
              161.22857,
              88.19438
            ],
            [
              162.47734,
              88.20723
            ],
            [
              162.86621,
              88.16781
            ],
            [
              161.64135,
              88.15524
            ],
            [
              162.03695,
              88.116
            ]
          ],
          [
            [
              -173.38629,
              88.23738
            ],
            [
              -174.72211,
              88.24166
            ],
            [
              -174.59535,
              88.28277
            ],
            [
              -173.22798,
              88.2784
            ],
            [
              -173.38629,
              88.23738
            ]
          ],
          [
            [
              149.41235,
              87.96615
            ],
            [
              148.42196,
              87.94485
            ],
            [
              147.80854,
              87.97991
            ],
            [
              148.8098,
              88.00159
            ],
            [
              149.41235,
              87.96615
            ]
          ],
          [
            [
              130.84311,
              87.32304
            ],
            [
              130.27222,
              87.2917
            ],
            [
              128.91251,
              87.34432
            ],
            [
              129.4785,
              87.37629
            ],
            [
              130.84311,
              87.32304
            ]
          ],
          [
            [
              112.57014,
              85.44024
            ],
            [
              112.37286,
              85.40217
            ],
            [
              111.89553,
              85.4177
            ],
            [
              112.08948,
              85.45591
            ],
            [
              112.57014,
              85.44024
            ]
          ],
          [
            [
              -174.59535,
              88.28277
            ],
            [
              -175.96893,
              88.28617
            ],
            [
              -175.86947,
              88.32736
            ],
            [
              -174.46238,
              88.32388
            ],
            [
              -174.59535,
              88.28277
            ]
          ],
          [
            [
              112.28671,
              85.49406
            ],
            [
              112.08948,
              85.45591
            ],
            [
              111.60552,
              85.47126
            ],
            [
              111.79931,
              85.50954
            ],
            [
              112.28671,
              85.49406
            ]
          ],
          [
            [
              111.99643,
              85.54777
            ],
            [
              111.79931,
              85.50954
            ],
            [
              111.30857,
              85.52469
            ],
            [
              111.50213,
              85.56306
            ],
            [
              111.99643,
              85.54777
            ]
          ],
          [
            [
              111.89947,
              85.63963
            ],
            [
              111.69907,
              85.60137
            ],
            [
              111.19769,
              85.61645
            ],
            [
              111.39436,
              85.65485
            ],
            [
              111.89947,
              85.63963
            ]
          ],
          [
            [
              -177.1402,
              88.41232
            ],
            [
              -178.62915,
              88.41384
            ],
            [
              -178.5925,
              88.45512
            ],
            [
              -177.06385,
              88.45356
            ],
            [
              -177.1402,
              88.41232
            ]
          ],
          [
            [
              111.48547,
              85.785
            ],
            [
              111.28194,
              85.74663
            ],
            [
              110.76191,
              85.76142
            ],
            [
              110.96139,
              85.79993
            ],
            [
              111.48547,
              85.785
            ]
          ],
          [
            [
              153.60104,
              88.32192
            ],
            [
              152.35284,
              88.30317
            ],
            [
              151.00052,
              88.37588
            ],
            [
              152.28945,
              88.39548
            ],
            [
              153.60104,
              88.32192
            ]
          ],
          [
            [
              151.00052,
              88.37588
            ],
            [
              149.74295,
              88.35548
            ],
            [
              149.00185,
              88.39101
            ],
            [
              150.27812,
              88.41187
            ],
            [
              151.00052,
              88.37588
            ]
          ],
          [
            [
              104.64346,
              84.71117
            ],
            [
              104.42094,
              84.63145
            ],
            [
              103.99351,
              84.64156
            ],
            [
              104.10094,
              84.68151
            ],
            [
              103.66888,
              84.6914
            ],
            [
              103.88247,
              84.7714
            ],
            [
              104.32072,
              84.76135
            ],
            [
              104.21,
              84.72144
            ],
            [
              104.64346,
              84.71117
            ]
          ],
          [
            [
              103.99173,
              84.81137
            ],
            [
              103.88247,
              84.7714
            ],
            [
              103.44255,
              84.78113
            ],
            [
              103.54862,
              84.82118
            ],
            [
              103.99173,
              84.81137
            ]
          ],
          [
            [
              103.06516,
              84.45103
            ],
            [
              102.78254,
              84.33065
            ],
            [
              102.37514,
              84.33963
            ],
            [
              102.55663,
              84.42002
            ],
            [
              102.14232,
              84.42884
            ],
            [
              102.32335,
              84.50931
            ],
            [
              101.90192,
              84.51796
            ],
            [
              102.08235,
              84.59852
            ],
            [
              102.50977,
              84.58974
            ],
            [
              102.41587,
              84.54953
            ],
            [
              102.83889,
              84.54052
            ],
            [
              102.64935,
              84.4602
            ],
            [
              103.06516,
              84.45103
            ]
          ],
          [
            [
              103.65634,
              84.86121
            ],
            [
              103.54862,
              84.82118
            ],
            [
              103.10385,
              84.83068
            ],
            [
              103.2083,
              84.87079
            ],
            [
              103.65634,
              84.86121
            ]
          ],
          [
            [
              103.31439,
              84.91087
            ],
            [
              103.2083,
              84.87079
            ],
            [
              102.7586,
              84.88005
            ],
            [
              102.86133,
              84.92021
            ],
            [
              103.31439,
              84.91087
            ]
          ],
          [
            [
              102.9657,
              84.96036
            ],
            [
              102.86133,
              84.92021
            ],
            [
              102.40663,
              84.92923
            ],
            [
              102.50755,
              84.96945
            ],
            [
              102.9657,
              84.96036
            ]
          ],
          [
            [
              102.26825,
              84.67902
            ],
            [
              102.08235,
              84.59852
            ],
            [
              101.65357,
              84.60699
            ],
            [
              101.83325,
              84.68763
            ],
            [
              102.26825,
              84.67902
            ]
          ],
          [
            [
              104.92845,
              85.77015
            ],
            [
              104.78585,
              85.73031
            ],
            [
              104.24888,
              85.74065
            ],
            [
              104.38675,
              85.78058
            ],
            [
              104.92845,
              85.77015
            ]
          ],
          [
            [
              102.6101,
              85.00965
            ],
            [
              102.50755,
              84.96945
            ],
            [
              102.04776,
              84.97821
            ],
            [
              102.14678,
              85.01849
            ],
            [
              102.6101,
              85.00965
            ]
          ],
          [
            [
              101.92516,
              84.72792
            ],
            [
              101.83325,
              84.68763
            ],
            [
              101.39687,
              84.69592
            ],
            [
              101.48557,
              84.73629
            ],
            [
              101.92516,
              84.72792
            ]
          ],
          [
            [
              104.52725,
              85.82049
            ],
            [
              104.38675,
              85.78058
            ],
            [
              103.2955,
              85.80032
            ],
            [
              103.42617,
              85.84042
            ],
            [
              104.52725,
              85.82049
            ]
          ],
          [
            [
              103.55939,
              85.8805
            ],
            [
              103.42617,
              85.84042
            ],
            [
              102.87176,
              85.8498
            ],
            [
              102.99987,
              85.88997
            ],
            [
              103.55939,
              85.8805
            ]
          ],
          [
            [
              100.05218,
              84.4685
            ],
            [
              99.97817,
              84.42796
            ],
            [
              99.55968,
              84.43495
            ],
            [
              99.63071,
              84.47554
            ],
            [
              100.05218,
              84.4685
            ]
          ],
          [
            [
              102.04017,
              85.56811
            ],
            [
              101.92994,
              85.5278
            ],
            [
              101.41148,
              85.53614
            ],
            [
              101.51719,
              85.57653
            ],
            [
              102.04017,
              85.56811
            ]
          ],
          [
            [
              103.37081,
              86.18031
            ],
            [
              103.2292,
              86.1402
            ],
            [
              102.63112,
              86.14943
            ],
            [
              102.76677,
              86.18964
            ],
            [
              103.37081,
              86.18031
            ]
          ],
          [
            [
              101.73451,
              85.65725
            ],
            [
              101.51719,
              85.57653
            ],
            [
              100.99226,
              85.58458
            ],
            [
              101.2002,
              85.66545
            ],
            [
              101.73451,
              85.65725
            ]
          ],
          [
            [
              103.04685,
              86.27001
            ],
            [
              102.76677,
              86.18964
            ],
            [
              102.15984,
              86.19855
            ],
            [
              101.90334,
              86.11791
            ],
            [
              101.30578,
              86.12621
            ],
            [
              101.07143,
              86.04534
            ],
            [
              100.48323,
              86.05305
            ],
            [
              100.59332,
              86.09358
            ],
            [
              99.39834,
              86.1079
            ],
            [
              99.49855,
              86.14856
            ],
            [
              98.28282,
              86.16132
            ],
            [
              98.37248,
              86.20211
            ],
            [
              97.75527,
              86.20789
            ],
            [
              97.8403,
              86.24874
            ],
            [
              97.21463,
              86.25414
            ],
            [
              97.29476,
              86.29504
            ],
            [
              96.66052,
              86.30005
            ],
            [
              96.73545,
              86.34099
            ],
            [
              96.09254,
              86.3456
            ],
            [
              96.16197,
              86.3866
            ],
            [
              94.85712,
              86.39452
            ],
            [
              95.02955,
              86.51775
            ],
            [
              94.35209,
              86.52112
            ],
            [
              94.6261,
              86.72666
            ],
            [
              93.90498,
              86.72973
            ],
            [
              93.95484,
              86.77087
            ],
            [
              94.68509,
              86.76776
            ],
            [
              94.80768,
              86.84995
            ],
            [
              94.05846,
              86.85314
            ],
            [
              94.22447,
              86.97653
            ],
            [
              93.44331,
              86.97929
            ],
            [
              93.64217,
              87.14394
            ],
            [
              92.81471,
              87.14627
            ],
            [
              93.08194,
              87.39342
            ],
            [
              92.1748,
              87.39531
            ],
            [
              92.36182,
              87.60139
            ],
            [
              93.34667,
              87.59934
            ],
            [
              93.29015,
              87.55816
            ],
            [
              94.25655,
              87.55544
            ],
            [
              94.11766,
              87.47316
            ],
            [
              95.05048,
              87.46986
            ],
            [
              94.89114,
              87.38767
            ],
            [
              95.79231,
              87.38383
            ],
            [
              95.61546,
              87.30175
            ],
            [
              96.48679,
              87.29739
            ],
            [
              96.38944,
              87.25641
            ],
            [
              97.24499,
              87.25151
            ],
            [
              96.93349,
              87.12872
            ],
            [
              97.75004,
              87.12345
            ],
            [
              97.53451,
              87.04169
            ],
            [
              98.3259,
              87.036
            ],
            [
              98.10111,
              86.95436
            ],
            [
              98.86869,
              86.94827
            ],
            [
              98.75084,
              86.90752
            ],
            [
              99.50543,
              86.90097
            ],
            [
              99.25994,
              86.8196
            ],
            [
              99.99259,
              86.8127
            ],
            [
              99.7416,
              86.73145
            ],
            [
              100.45344,
              86.72421
            ],
            [
              100.32411,
              86.68365
            ],
            [
              101.02437,
              86.67601
            ],
            [
              100.75886,
              86.59503
            ],
            [
              101.43989,
              86.58708
            ],
            [
              101.17151,
              86.50622
            ],
            [
              101.83428,
              86.49799
            ],
            [
              101.56367,
              86.41724
            ],
            [
              102.20907,
              86.40874
            ],
            [
              102.07142,
              86.36844
            ],
            [
              102.70692,
              86.35958
            ],
            [
              102.42746,
              86.27911
            ],
            [
              103.04685,
              86.27001
            ]
          ],
          [
            [
              102.11577,
              85.98838
            ],
            [
              101.99333,
              85.94807
            ],
            [
              101.42107,
              85.95644
            ],
            [
              101.53799,
              85.99683
            ],
            [
              102.11577,
              85.98838
            ]
          ],
          [
            [
              101.3071,
              85.70587
            ],
            [
              101.2002,
              85.66545
            ],
            [
              100.6639,
              85.67328
            ],
            [
              100.76594,
              85.71377
            ],
            [
              101.3071,
              85.70587
            ]
          ],
          [
            [
              100.86992,
              85.75425
            ],
            [
              100.76594,
              85.71377
            ],
            [
              100.22282,
              85.72128
            ],
            [
              100.32179,
              85.76183
            ],
            [
              100.86992,
              85.75425
            ]
          ],
          [
            [
              99.49682,
              85.89783
            ],
            [
              99.31039,
              85.81651
            ],
            [
              97.62886,
              85.83474
            ],
            [
              97.78253,
              85.91642
            ],
            [
              97.20782,
              85.9218
            ],
            [
              97.35623,
              86.00358
            ],
            [
              97.94248,
              85.99808
            ],
            [
              97.8617,
              85.95726
            ],
            [
              98.44051,
              85.95141
            ],
            [
              98.35568,
              85.91063
            ],
            [
              99.49682,
              85.89783
            ]
          ],
          [
            [
              155.98567,
              89.48481
            ],
            [
              151.93242,
              89.46668
            ],
            [
              149.69256,
              89.50275
            ],
            [
              138.88152,
              89.43016
            ],
            [
              135.99515,
              89.46059
            ],
            [
              133.004,
              89.43115
            ],
            [
              129.80644,
              89.45847
            ],
            [
              127.16755,
              89.42616
            ],
            [
              123.73592,
              89.45013
            ],
            [
              121.48921,
              89.41536
            ],
            [
              117.90985,
              89.43584
            ],
            [
              116.06778,
              89.39906
            ],
            [
              112.4251,
              89.41603
            ],
            [
              110.97552,
              89.37768
            ],
            [
              103.56137,
              89.40225
            ],
            [
              102.69221,
              89.36206
            ],
            [
              99.02598,
              89.36985
            ],
            [
              98.47309,
              89.32906
            ],
            [
              94.9569,
              89.33389
            ],
            [
              94.66801,
              89.29277
            ],
            [
              91.32081,
              89.29493
            ],
            [
              91.24778,
              89.25367
            ],
            [
              88.07706,
              89.25343
            ],
            [
              88.26846,
              89.17094
            ],
            [
              85.42196,
              89.16866
            ],
            [
              85.8351,
              89.08637
            ],
            [
              73.3293,
              89.0488
            ],
            [
              72.58531,
              89.08826
            ],
            [
              70.14331,
              89.07506
            ],
            [
              67.16586,
              89.19041
            ],
            [
              64.52603,
              89.1735
            ],
            [
              35.21794,
              89.56487
            ],
            [
              38.61409,
              89.59791
            ],
            [
              15.28433,
              89.6743
            ],
            [
              12.20951,
              89.59403
            ],
            [
              0.47936,
              89.6032
            ],
            [
              0.43417,
              89.5619
            ],
            [
              -10.24975,
              89.5548
            ],
            [
              -9.38307,
              89.51411
            ],
            [
              -14.10797,
              89.5057
            ],
            [
              -15.37766,
              89.54564
            ],
            [
              -29.14538,
              89.4984
            ],
            [
              -31.61968,
              89.53404
            ],
            [
              -42.85208,
              89.45877
            ],
            [
              -49.51867,
              89.51605
            ],
            [
              -55.11621,
              89.45066
            ],
            [
              -58.80374,
              89.47319
            ],
            [
              -68.65449,
              89.25033
            ],
            [
              -71.65213,
              89.26436
            ],
            [
              -73.48033,
              89.18561
            ],
            [
              -76.30471,
              89.19637
            ],
            [
              -76.96819,
              89.15622
            ],
            [
              -79.72898,
              89.16457
            ],
            [
              -80.21022,
              89.12393
            ],
            [
              -82.89172,
              89.13
            ],
            [
              -83.21291,
              89.08904
            ],
            [
              -91.02929,
              89.09528
            ],
            [
              -90.98439,
              89.05402
            ],
            [
              -93.48218,
              89.05241
            ],
            [
              -93.33694,
              89.01121
            ],
            [
              -95.71904,
              89.00795
            ],
            [
              -95.96681,
              89.049
            ],
            [
              -107.89312,
              89.00608
            ],
            [
              -152.09046,
              89.65443
            ],
            [
              -157.36833,
              89.57964
            ],
            [
              179.50977,
              89.612
            ],
            [
              179.55693,
              89.5707
            ],
            [
              153.96937,
              89.52225
            ],
            [
              155.98567,
              89.48481
            ]
          ],
          [
            [
              96.30948,
              86.09525
            ],
            [
              96.24365,
              86.05428
            ],
            [
              95.64701,
              86.05855
            ],
            [
              95.70663,
              86.09957
            ],
            [
              96.30948,
              86.09525
            ]
          ],
          [
            [
              95.76753,
              86.14058
            ],
            [
              95.70663,
              86.09957
            ],
            [
              95.10252,
              86.10345
            ],
            [
              95.15705,
              86.14451
            ],
            [
              95.76753,
              86.14058
            ]
          ],
          [
            [
              92.44595,
              87.68382
            ],
            [
              92.36182,
              87.60139
            ],
            [
              91.37556,
              87.60274
            ],
            [
              91.4246,
              87.68522
            ],
            [
              92.44595,
              87.68382
            ]
          ],
          [
            [
              -90.37038,
              87.48626
            ],
            [
              -90.37657,
              87.52751
            ],
            [
              -89.41956,
              87.52744
            ],
            [
              -89.42909,
              87.48619
            ],
            [
              -90.37038,
              87.48626
            ]
          ],
          [
            [
              -89.48793,
              87.19748
            ],
            [
              -89.48028,
              87.23872
            ],
            [
              -87.76756,
              87.23674
            ],
            [
              -87.80039,
              87.19552
            ],
            [
              -89.48793,
              87.19748
            ]
          ],
          [
            [
              -89.47239,
              87.27996
            ],
            [
              -89.44724,
              87.4037
            ],
            [
              -88.53614,
              87.40297
            ],
            [
              -88.60274,
              87.27927
            ],
            [
              -89.47239,
              87.27996
            ]
          ],
          [
            [
              86.60208,
              88.88049
            ],
            [
              86.83528,
              88.79809
            ],
            [
              84.87385,
              88.79511
            ],
            [
              85.0434,
              88.754
            ],
            [
              81.28606,
              88.74417
            ],
            [
              80.33804,
              88.86637
            ],
            [
              86.60208,
              88.88049
            ]
          ],
          [
            [
              -87.00193,
              87.15245
            ],
            [
              -86.95787,
              87.19364
            ],
            [
              -86.11667,
              87.19114
            ],
            [
              -86.17284,
              87.14999
            ],
            [
              -87.00193,
              87.15245
            ]
          ],
          [
            [
              87.28367,
              86.8575
            ],
            [
              87.41916,
              86.69273
            ],
            [
              86.70497,
              86.69061
            ],
            [
              86.66339,
              86.73178
            ],
            [
              85.94128,
              86.72912
            ],
            [
              85.88947,
              86.77025
            ],
            [
              85.15953,
              86.76703
            ],
            [
              85.09703,
              86.80811
            ],
            [
              84.35937,
              86.80432
            ],
            [
              82.77834,
              87.50111
            ],
            [
              83.7196,
              87.50597
            ],
            [
              84.28589,
              87.25983
            ],
            [
              85.14631,
              87.26364
            ],
            [
              85.42213,
              87.09922
            ],
            [
              86.23606,
              87.10222
            ],
            [
              86.53214,
              86.85527
            ],
            [
              87.28367,
              86.8575
            ]
          ],
          [
            [
              -86.22742,
              87.10884
            ],
            [
              -86.17284,
              87.14999
            ],
            [
              -85.34536,
              87.14694
            ],
            [
              -85.41164,
              87.10583
            ],
            [
              -86.22742,
              87.10884
            ]
          ],
          [
            [
              -82.75916,
              87.5077
            ],
            [
              -82.6376,
              87.54861
            ],
            [
              -81.68247,
              87.54298
            ],
            [
              -81.81938,
              87.50216
            ],
            [
              -82.75916,
              87.5077
            ]
          ],
          [
            [
              70.51285,
              86.58291
            ],
            [
              70.74102,
              86.54402
            ],
            [
              70.09734,
              86.53019
            ],
            [
              69.8628,
              86.56893
            ],
            [
              70.51285,
              86.58291
            ]
          ],
          [
            [
              57.58011,
              87.79635
            ],
            [
              58.14633,
              87.76142
            ],
            [
              57.25722,
              87.73935
            ],
            [
              56.68276,
              87.77394
            ],
            [
              57.58011,
              87.79635
            ]
          ],
          [
            [
              70.77047,
              86.41364
            ],
            [
              71.40112,
              86.29663
            ],
            [
              70.79785,
              86.28327
            ],
            [
              70.14999,
              86.39984
            ],
            [
              70.77047,
              86.41364
            ]
          ],
          [
            [
              57.8143,
              87.70455
            ],
            [
              58.35468,
              87.66953
            ],
            [
              57.49834,
              87.64761
            ],
            [
              56.95022,
              87.68229
            ],
            [
              57.8143,
              87.70455
            ]
          ],
          [
            [
              71.00484,
              86.24431
            ],
            [
              71.6008,
              86.12717
            ],
            [
              71.02316,
              86.11395
            ],
            [
              71.59916,
              85.99681
            ],
            [
              71.04029,
              85.98359
            ],
            [
              71.95192,
              85.78816
            ],
            [
              71.41956,
              85.7752
            ],
            [
              71.05634,
              85.85325
            ],
            [
              70.51854,
              85.83967
            ],
            [
              70.32728,
              85.87851
            ],
            [
              70.86955,
              85.89221
            ],
            [
              70.28731,
              86.00883
            ],
            [
              70.84721,
              86.02255
            ],
            [
              70.24463,
              86.13916
            ],
            [
              70.82337,
              86.1529
            ],
            [
              70.41139,
              86.23068
            ],
            [
              71.00484,
              86.24431
            ]
          ],
          [
            [
              59.20706,
              87.45034
            ],
            [
              61.0052,
              87.30729
            ],
            [
              60.24234,
              87.28704
            ],
            [
              58.41646,
              87.42897
            ],
            [
              59.20706,
              87.45034
            ]
          ],
          [
            [
              78.2884,
              82.96701
            ],
            [
              78.35617,
              82.92675
            ],
            [
              78.02928,
              82.91833
            ],
            [
              77.95972,
              82.95854
            ],
            [
              78.2884,
              82.96701
            ]
          ],
          [
            [
              78.23329,
              82.79764
            ],
            [
              78.36553,
              82.71714
            ],
            [
              78.04805,
              82.70873
            ],
            [
              77.91242,
              82.78914
            ],
            [
              78.23329,
              82.79764
            ]
          ],
          [
            [
              78.11475,
              82.66852
            ],
            [
              78.31052,
              82.54782
            ],
            [
              78.00033,
              82.53938
            ],
            [
              77.79968,
              82.65993
            ],
            [
              78.11475,
              82.66852
            ]
          ],
          [
            [
              45.97273,
              87.5277
            ],
            [
              47.89653,
              87.43728
            ],
            [
              47.21885,
              87.40942
            ],
            [
              49.01475,
              87.31728
            ],
            [
              48.35564,
              87.29002
            ],
            [
              49.48908,
              87.22784
            ],
            [
              48.84642,
              87.20085
            ],
            [
              50.9741,
              87.07462
            ],
            [
              50.35134,
              87.04845
            ],
            [
              51.83623,
              86.95217
            ],
            [
              51.23097,
              86.92649
            ],
            [
              52.63158,
              86.82909
            ],
            [
              52.04325,
              86.80387
            ],
            [
              53.36733,
              86.70545
            ],
            [
              52.79534,
              86.68066
            ],
            [
              53.63979,
              86.61461
            ],
            [
              53.08106,
              86.58998
            ],
            [
              55.44106,
              86.38914
            ],
            [
              54.90499,
              86.36557
            ],
            [
              55.63915,
              86.29781
            ],
            [
              55.11497,
              86.27436
            ],
            [
              55.47456,
              86.24047
            ],
            [
              54.95935,
              86.21693
            ],
            [
              55.6642,
              86.14914
            ],
            [
              55.15999,
              86.12572
            ],
            [
              55.5055,
              86.09182
            ],
            [
              55.0096,
              86.06831
            ],
            [
              55.68738,
              86.00049
            ],
            [
              55.20168,
              85.97709
            ],
            [
              58.29123,
              85.63231
            ],
            [
              57.83278,
              85.6105
            ],
            [
              57.54384,
              85.64532
            ],
            [
              57.08783,
              85.62305
            ],
            [
              56.7921,
              85.65759
            ],
            [
              55.44608,
              85.58861
            ],
            [
              55.13986,
              85.62248
            ],
            [
              54.26262,
              85.57482
            ],
            [
              53.62919,
              85.64145
            ],
            [
              54.51302,
              85.68986
            ],
            [
              54.1922,
              85.72334
            ],
            [
              54.6433,
              85.74734
            ],
            [
              53.31511,
              85.88069
            ],
            [
              53.77839,
              85.9052
            ],
            [
              53.085,
              85.97141
            ],
            [
              53.55738,
              85.99605
            ],
            [
              53.2038,
              86.02913
            ],
            [
              53.68382,
              86.0537
            ],
            [
              52.59222,
              86.15265
            ],
            [
              53.08383,
              86.17757
            ],
            [
              52.70918,
              86.21045
            ],
            [
              53.20912,
              86.23531
            ],
            [
              52.82977,
              86.26824
            ],
            [
              53.33831,
              86.29302
            ],
            [
              50.92609,
              86.48834
            ],
            [
              51.453,
              86.51421
            ],
            [
              50.59197,
              86.57831
            ],
            [
              51.1303,
              86.60436
            ],
            [
              50.2398,
              86.66817
            ],
            [
              50.79,
              86.69441
            ],
            [
              49.86811,
              86.75789
            ],
            [
              50.43064,
              86.78434
            ],
            [
              49.47527,
              86.84748
            ],
            [
              50.05061,
              86.87414
            ],
            [
              49.05945,
              86.93691
            ],
            [
              49.64811,
              86.96379
            ],
            [
              48.08762,
              87.05699
            ],
            [
              48.69153,
              87.0844
            ],
            [
              48.15057,
              87.11525
            ],
            [
              48.7674,
              87.14263
            ],
            [
              47.07683,
              87.23447
            ],
            [
              47.70975,
              87.26242
            ],
            [
              47.12213,
              87.29279
            ],
            [
              47.7693,
              87.32071
            ],
            [
              45.92776,
              87.41099
            ],
            [
              46.59172,
              87.43954
            ],
            [
              45.29251,
              87.49883
            ],
            [
              45.97273,
              87.5277
            ]
          ],
          [
            [
              32.75734,
              87.85852
            ],
            [
              33.67614,
              87.83592
            ],
            [
              33.07933,
              87.80144
            ],
            [
              32.16902,
              87.82368
            ],
            [
              32.75734,
              87.85852
            ]
          ],
          [
            [
              33.07933,
              87.80144
            ],
            [
              33.97118,
              87.77866
            ],
            [
              33.38502,
              87.7443
            ],
            [
              32.50102,
              87.76673
            ],
            [
              33.07933,
              87.80144
            ]
          ],
          [
            [
              -64.00435,
              85.1397
            ],
            [
              -63.78961,
              85.1767
            ],
            [
              -63.35133,
              85.15835
            ],
            [
              -63.56859,
              85.12149
            ],
            [
              -64.00435,
              85.1397
            ]
          ],
          [
            [
              -6.40311,
              87.43985
            ],
            [
              -5.48386,
              87.44412
            ],
            [
              -5.39679,
              87.40303
            ],
            [
              -6.30167,
              87.39882
            ],
            [
              -6.40311,
              87.43985
            ]
          ],
          [
            [
              -5.31243,
              87.36192
            ],
            [
              -4.41891,
              87.36542
            ],
            [
              -4.28471,
              87.2831
            ],
            [
              -5.15137,
              87.2797
            ],
            [
              -5.31243,
              87.36192
            ]
          ],
          [
            [
              -4.28471,
              87.2831
            ],
            [
              -3.41608,
              87.28587
            ],
            [
              -3.31525,
              87.20345
            ],
            [
              -4.15841,
              87.20076
            ],
            [
              -4.28471,
              87.2831
            ]
          ],
          [
            [
              30.3804,
              86.81181
            ],
            [
              31.01586,
              86.79075
            ],
            [
              30.64014,
              86.75531
            ],
            [
              30.00925,
              86.77613
            ],
            [
              30.3804,
              86.81181
            ]
          ],
          [
            [
              -3.31525,
              87.20345
            ],
            [
              -2.47065,
              87.20553
            ],
            [
              -2.39975,
              87.12305
            ],
            [
              -3.2202,
              87.12103
            ],
            [
              -3.31525,
              87.20345
            ]
          ],
          [
            [
              30.64014,
              86.75531
            ],
            [
              31.26291,
              86.73411
            ],
            [
              30.89098,
              86.69876
            ],
            [
              30.27255,
              86.71974
            ],
            [
              30.64014,
              86.75531
            ]
          ],
          [
            [
              30.89098,
              86.69876
            ],
            [
              31.50152,
              86.6774
            ],
            [
              31.13336,
              86.64214
            ],
            [
              30.52695,
              86.66328
            ],
            [
              30.89098,
              86.69876
            ]
          ],
          [
            [
              -2.39975,
              87.12305
            ],
            [
              -1.57832,
              87.12448
            ],
            [
              -1.47259,
              86.91817
            ],
            [
              -2.23909,
              86.91684
            ],
            [
              -2.39975,
              87.12305
            ]
          ],
          [
            [
              31.13336,
              86.64214
            ],
            [
              31.73212,
              86.62064
            ],
            [
              31.3677,
              86.58547
            ],
            [
              30.77287,
              86.60675
            ],
            [
              31.13336,
              86.64214
            ]
          ],
          [
            [
              31.3677,
              86.58547
            ],
            [
              31.95509,
              86.56383
            ],
            [
              31.59438,
              86.52875
            ],
            [
              31.01073,
              86.55017
            ],
            [
              31.3677,
              86.58547
            ]
          ],
          [
            [
              -40.38445,
              85.73951
            ],
            [
              -39.95924,
              85.7661
            ],
            [
              -39.60309,
              85.7344
            ],
            [
              -40.02737,
              85.70801
            ],
            [
              -40.38445,
              85.73951
            ]
          ],
          [
            [
              -40.09367,
              85.64992
            ],
            [
              -39.6755,
              85.67634
            ],
            [
              -38.31852,
              85.54812
            ],
            [
              -38.73264,
              85.52246
            ],
            [
              -40.09367,
              85.64992
            ]
          ],
          [
            [
              9.09868,
              86.58737
            ],
            [
              9.7813,
              86.58061
            ],
            [
              9.66514,
              86.53994
            ],
            [
              8.99034,
              86.54662
            ],
            [
              9.09868,
              86.58737
            ]
          ],
          [
            [
              16.42704,
              86.48697
            ],
            [
              17.07027,
              86.47509
            ],
            [
              16.87544,
              86.43562
            ],
            [
              16.23872,
              86.44737
            ],
            [
              16.42704,
              86.48697
            ]
          ],
          [
            [
              9.66514,
              86.53994
            ],
            [
              10.33723,
              86.53278
            ],
            [
              10.21621,
              86.49217
            ],
            [
              9.55168,
              86.49925
            ],
            [
              9.66514,
              86.53994
            ]
          ],
          [
            [
              16.87544,
              86.43562
            ],
            [
              17.5079,
              86.42344
            ],
            [
              17.31107,
              86.38407
            ],
            [
              16.68488,
              86.39612
            ],
            [
              16.87544,
              86.43562
            ]
          ],
          [
            [
              10.21621,
              86.49217
            ],
            [
              10.87798,
              86.48463
            ],
            [
              10.6297,
              86.40355
            ],
            [
              9.98239,
              86.41092
            ],
            [
              10.21621,
              86.49217
            ]
          ],
          [
            [
              17.31107,
              86.38407
            ],
            [
              17.93303,
              86.37158
            ],
            [
              17.73442,
              86.3323
            ],
            [
              17.11849,
              86.34465
            ],
            [
              17.31107,
              86.38407
            ]
          ],
          [
            [
              -38.81281,
              85.4645
            ],
            [
              -38.40447,
              85.49021
            ],
            [
              -37.76208,
              85.42529
            ],
            [
              -38.16823,
              85.39994
            ],
            [
              -38.81281,
              85.4645
            ]
          ],
          [
            [
              10.6297,
              86.40355
            ],
            [
              11.27428,
              86.39571
            ],
            [
              11.14738,
              86.35524
            ],
            [
              10.50972,
              86.36298
            ],
            [
              10.6297,
              86.40355
            ]
          ],
          [
            [
              17.54003,
              86.29298
            ],
            [
              18.14596,
              86.28035
            ],
            [
              17.94995,
              86.24112
            ],
            [
              17.34972,
              86.25362
            ],
            [
              17.54003,
              86.29298
            ]
          ],
          [
            [
              17.94995,
              86.24112
            ],
            [
              18.54613,
              86.22821
            ],
            [
              18.34869,
              86.18907
            ],
            [
              17.758,
              86.20185
            ],
            [
              17.94995,
              86.24112
            ]
          ],
          [
            [
              -38.56991,
              85.37437
            ],
            [
              -38.16823,
              85.39994
            ],
            [
              -37.23482,
              85.30206
            ],
            [
              -37.63319,
              85.27702
            ],
            [
              -38.56991,
              85.37437
            ]
          ],
          [
            [
              18.34869,
              86.18907
            ],
            [
              18.93537,
              86.1759
            ],
            [
              18.73666,
              86.13685
            ],
            [
              19.31407,
              86.12341
            ],
            [
              18.91837,
              86.04545
            ],
            [
              18.35106,
              86.05862
            ],
            [
              18.54193,
              86.09775
            ],
            [
              17.96574,
              86.11067
            ],
            [
              18.34869,
              86.18907
            ]
          ],
          [
            [
              -25.14715,
              85.63969
            ],
            [
              -24.65453,
              85.65704
            ],
            [
              -24.42927,
              85.61953
            ],
            [
              -24.91858,
              85.60232
            ],
            [
              -25.14715,
              85.63969
            ]
          ]
        ]
      },
      "properties": {
        "filename": "ch2_sar_ndxl_20250630mpcpnpwest_d_cpr_xx_fp_xx_xxx.tif",
        "pole": "north"
      }
    },
    {
      "type": "Feature",
      "geometry": {
        "type": "Polygon",
        "coordinates": [
          [
            [
              49.888,
              84.38816
            ],
            [
              49.24956,
              84.33472
            ],
            [
              48.97583,
              84.36584
            ],
            [
              48.34862,
              84.31141
            ],
            [
              48.62315,
              84.28059
            ],
            [
              48.3144,
              84.25327
            ],
            [
              49.12159,
              84.16047
            ],
            [
              48.81685,
              84.13342
            ],
            [
              49.34161,
              84.07122
            ],
            [
              49.04044,
              84.0443
            ],
            [
              49.55509,
              83.9819
            ],
            [
              49.25743,
              83.95509
            ],
            [
              49.76232,
              83.8925
            ],
            [
              49.46809,
              83.86581
            ],
            [
              49.96355,
              83.80303
            ],
            [
              49.67269,
              83.77646
            ],
            [
              50.15904,
              83.7135
            ],
            [
              49.87149,
              83.68704
            ],
            [
              50.34902,
              83.6239
            ],
            [
              50.06472,
              83.59755
            ],
            [
              50.53373,
              83.53424
            ],
            [
              50.25261,
              83.50799
            ],
            [
              50.48412,
              83.47631
            ],
            [
              50.20569,
              83.45004
            ],
            [
              50.88816,
              83.35476
            ],
            [
              50.61322,
              83.32871
            ],
            [
              51.05827,
              83.26494
            ],
            [
              50.78634,
              83.23899
            ],
            [
              51.00615,
              83.20708
            ],
            [
              50.73673,
              83.1811
            ],
            [
              51.17106,
              83.11723
            ],
            [
              50.90452,
              83.09135
            ],
            [
              51.1191,
              83.05939
            ],
            [
              50.85498,
              83.03348
            ],
            [
              51.06801,
              83.00155
            ],
            [
              50.80626,
              82.97562
            ],
            [
              51.22734,
              82.9117
            ],
            [
              50.96832,
              82.88586
            ],
            [
              51.38267,
              82.82181
            ],
            [
              51.12633,
              82.79606
            ],
            [
              51.73535,
              82.69965
            ],
            [
              51.48206,
              82.6741
            ],
            [
              52.07638,
              82.57723
            ],
            [
              51.82609,
              82.55188
            ],
            [
              52.59638,
              82.42198
            ],
            [
              52.34948,
              82.39693
            ],
            [
              52.91131,
              82.29898
            ],
            [
              52.66733,
              82.27411
            ],
            [
              53.03485,
              82.20862
            ],
            [
              52.79331,
              82.18383
            ],
            [
              53.15555,
              82.11825
            ],
            [
              52.9164,
              82.09353
            ],
            [
              53.79821,
              81.92876
            ],
            [
              53.56271,
              81.90442
            ],
            [
              54.07596,
              81.80499
            ],
            [
              53.8432,
              81.78081
            ],
            [
              54.01196,
              81.74763
            ],
            [
              53.781,
              81.72342
            ],
            [
              54.11533,
              81.65703
            ],
            [
              53.88658,
              81.63289
            ],
            [
              54.37948,
              81.53309
            ],
            [
              54.15333,
              81.5091
            ],
            [
              54.63598,
              81.409
            ],
            [
              54.41238,
              81.38516
            ],
            [
              54.88513,
              81.28476
            ],
            [
              54.66404,
              81.26107
            ],
            [
              55.12726,
              81.16038
            ],
            [
              54.90863,
              81.13684
            ],
            [
              55.21244,
              81.06959
            ],
            [
              54.99582,
              81.0461
            ],
            [
              55.29591,
              80.97879
            ],
            [
              55.08125,
              80.95535
            ],
            [
              55.3777,
              80.88798
            ],
            [
              55.16498,
              80.86459
            ],
            [
              55.45788,
              80.79716
            ],
            [
              55.66978,
              80.82037
            ],
            [
              56.09986,
              80.71853
            ],
            [
              55.88922,
              80.69558
            ],
            [
              56.17155,
              80.62758
            ],
            [
              55.96277,
              80.60468
            ],
            [
              56.24185,
              80.53663
            ],
            [
              56.03492,
              80.51378
            ],
            [
              56.17336,
              80.47976
            ],
            [
              55.96783,
              80.45686
            ],
            [
              56.10568,
              80.42287
            ],
            [
              55.90154,
              80.39994
            ],
            [
              56.17511,
              80.33196
            ],
            [
              55.97272,
              80.30907
            ],
            [
              56.24324,
              80.24105
            ],
            [
              56.04258,
              80.21821
            ],
            [
              56.3101,
              80.15014
            ],
            [
              56.11115,
              80.12734
            ],
            [
              56.37574,
              80.05923
            ],
            [
              56.17846,
              80.03647
            ],
            [
              56.44018,
              79.96831
            ],
            [
              57.03244,
              80.03576
            ],
            [
              57.1608,
              80.00138
            ],
            [
              57.3596,
              80.02355
            ],
            [
              57.23164,
              80.05801
            ],
            [
              57.43174,
              80.08014
            ],
            [
              57.17396,
              80.14908
            ],
            [
              57.37579,
              80.17125
            ],
            [
              57.11519,
              80.24016
            ],
            [
              57.31879,
              80.26236
            ],
            [
              57.18752,
              80.29682
            ],
            [
              57.39249,
              80.31898
            ],
            [
              57.26071,
              80.35347
            ],
            [
              57.46705,
              80.37559
            ],
            [
              57.20151,
              80.44459
            ],
            [
              57.4097,
              80.46675
            ],
            [
              57.14117,
              80.53571
            ],
            [
              57.35123,
              80.5579
            ],
            [
              57.07965,
              80.62683
            ],
            [
              57.29162,
              80.64906
            ],
            [
              57.01692,
              80.71795
            ],
            [
              57.23083,
              80.74022
            ],
            [
              56.52817,
              80.91194
            ],
            [
              56.31195,
              80.88924
            ],
            [
              56.02247,
              80.95737
            ],
            [
              56.2396,
              80.98024
            ],
            [
              55.94661,
              81.04833
            ],
            [
              56.16577,
              81.07125
            ],
            [
              55.86919,
              81.13928
            ],
            [
              56.09041,
              81.16225
            ],
            [
              55.79016,
              81.23023
            ],
            [
              56.01347,
              81.25325
            ],
            [
              55.55565,
              81.35504
            ],
            [
              55.78159,
              81.3782
            ],
            [
              55.31426,
              81.47972
            ],
            [
              55.54286,
              81.50303
            ],
            [
              55.06567,
              81.60427
            ],
            [
              55.29699,
              81.62773
            ],
            [
              54.80957,
              81.72868
            ],
            [
              55.04366,
              81.75229
            ],
            [
              54.71301,
              81.81946
            ],
            [
              54.94943,
              81.84313
            ],
            [
              54.61427,
              81.91022
            ],
            [
              54.85307,
              81.93395
            ],
            [
              54.51328,
              82.00097
            ],
            [
              54.75451,
              82.02476
            ],
            [
              53.88207,
              82.19158
            ],
            [
              54.12728,
              82.21574
            ],
            [
              53.76876,
              82.28216
            ],
            [
              54.01651,
              82.3064
            ],
            [
              53.65275,
              82.37273
            ],
            [
              53.90309,
              82.39703
            ],
            [
              53.53395,
              82.46328
            ],
            [
              53.78693,
              82.48765
            ],
            [
              53.03084,
              82.61963
            ],
            [
              53.28754,
              82.6443
            ],
            [
              52.70399,
              82.74277
            ],
            [
              52.96395,
              82.76762
            ],
            [
              52.56702,
              82.83308
            ],
            [
              52.8298,
              82.85801
            ],
            [
              52.22213,
              82.95589
            ],
            [
              53.29827,
              83.05551
            ],
            [
              53.09406,
              83.08843
            ],
            [
              53.64491,
              83.13754
            ],
            [
              53.43991,
              83.17061
            ],
            [
              53.71893,
              83.19505
            ],
            [
              53.09367,
              83.29411
            ],
            [
              53.37658,
              83.31875
            ],
            [
              52.9506,
              83.38458
            ],
            [
              53.23687,
              83.4093
            ],
            [
              52.80355,
              83.47502
            ],
            [
              53.09326,
              83.49983
            ],
            [
              52.65237,
              83.56543
            ],
            [
              52.36143,
              83.54037
            ],
            [
              51.44988,
              83.66988
            ],
            [
              51.74315,
              83.69546
            ],
            [
              51.27435,
              83.75987
            ],
            [
              51.57116,
              83.78555
            ],
            [
              51.09369,
              83.84981
            ],
            [
              51.3941,
              83.87559
            ],
            [
              50.90765,
              83.93969
            ],
            [
              51.21175,
              83.96558
            ],
            [
              50.716,
              84.02952
            ],
            [
              51.02387,
              84.05551
            ],
            [
              50.51849,
              84.11928
            ],
            [
              50.83021,
              84.14539
            ],
            [
              50.31484,
              84.20898
            ],
            [
              50.6305,
              84.2352
            ],
            [
              50.10478,
              84.29861
            ],
            [
              50.42446,
              84.32495
            ],
            [
              49.888,
              84.38816
            ]
          ]
        ]
      },
      "properties": {
        "filename": "ch2_sar_ndxl_20250630mpcpnpwest_d_cpr_xx_fp_xx_xxx.tif",
        "pole": "north"
      }
    },
    {
      "type": "Feature",
      "geometry": {
        "type": "Polygon",
        "coordinates": [
          [
            [
              43.03587,
              84.37583
            ],
            [
              42.75047,
              84.34565
            ],
            [
              42.44212,
              84.37351
            ],
            [
              41.88098,
              84.31243
            ],
            [
              41.5702,
              84.33983
            ],
            [
              41.2945,
              84.30893
            ],
            [
              41.91238,
              84.25427
            ],
            [
              41.63895,
              84.22354
            ],
            [
              41.94316,
              84.19611
            ],
            [
              41.67229,
              84.1654
            ],
            [
              42.27154,
              84.11035
            ],
            [
              42.00289,
              84.0798
            ],
            [
              42.59047,
              84.0244
            ],
            [
              42.32405,
              83.99401
            ],
            [
              42.90033,
              83.93828
            ],
            [
              42.63613,
              83.90805
            ],
            [
              42.9201,
              83.8801
            ],
            [
              42.65831,
              83.84987
            ],
            [
              42.93951,
              83.82192
            ],
            [
              42.68008,
              83.7917
            ],
            [
              42.95855,
              83.76374
            ],
            [
              42.70144,
              83.73353
            ],
            [
              43.25057,
              83.67744
            ],
            [
              42.99558,
              83.64738
            ],
            [
              43.53471,
              83.59099
            ],
            [
              43.28182,
              83.56108
            ],
            [
              44.07252,
              83.47585
            ],
            [
              43.82163,
              83.44621
            ],
            [
              44.33717,
              83.38898
            ],
            [
              44.08839,
              83.35947
            ],
            [
              44.59494,
              83.30198
            ],
            [
              44.34824,
              83.2726
            ],
            [
              44.84608,
              83.21485
            ],
            [
              44.60146,
              83.18561
            ],
            [
              44.84718,
              83.15667
            ],
            [
              44.60463,
              83.12743
            ],
            [
              45.08986,
              83.06943
            ],
            [
              44.84933,
              83.04032
            ],
            [
              45.32648,
              82.98208
            ],
            [
              45.08797,
              82.95309
            ],
            [
              45.55727,
              82.89462
            ],
            [
              45.32075,
              82.86575
            ],
            [
              45.55253,
              82.83646
            ],
            [
              45.31795,
              82.80759
            ],
            [
              45.77594,
              82.74891
            ],
            [
              45.54329,
              82.72016
            ],
            [
              45.994,
              82.66126
            ],
            [
              45.76327,
              82.63262
            ],
            [
              46.20689,
              82.57351
            ],
            [
              45.97807,
              82.54498
            ],
            [
              46.4148,
              82.48567
            ],
            [
              46.18786,
              82.45726
            ],
            [
              46.61788,
              82.39774
            ],
            [
              46.39281,
              82.36944
            ],
            [
              46.81631,
              82.30973
            ],
            [
              46.59307,
              82.28153
            ],
            [
              47.01022,
              82.22164
            ],
            [
              46.78882,
              82.19355
            ],
            [
              46.99509,
              82.16356
            ],
            [
              46.77538,
              82.13546
            ],
            [
              47.18343,
              82.0754
            ],
            [
              46.96549,
              82.04741
            ],
            [
              47.16731,
              82.01734
            ],
            [
              46.95101,
              81.98934
            ],
            [
              47.35033,
              81.92912
            ],
            [
              47.13577,
              81.90122
            ],
            [
              47.52939,
              81.84083
            ],
            [
              47.31653,
              81.81303
            ],
            [
              47.70459,
              81.75248
            ],
            [
              47.49342,
              81.72477
            ],
            [
              47.68545,
              81.69446
            ],
            [
              47.47582,
              81.66674
            ],
            [
              47.85594,
              81.60605
            ],
            [
              47.64795,
              81.57843
            ],
            [
              48.02286,
              81.51759
            ],
            [
              47.8165,
              81.49006
            ],
            [
              48.18632,
              81.42906
            ],
            [
              47.98157,
              81.40162
            ],
            [
              48.34643,
              81.34047
            ],
            [
              48.14327,
              81.31312
            ],
            [
              48.32391,
              81.28252
            ],
            [
              48.12217,
              81.25516
            ],
            [
              48.30169,
              81.22457
            ],
            [
              48.10135,
              81.1972
            ],
            [
              48.27976,
              81.16662
            ],
            [
              48.0808,
              81.13924
            ],
            [
              48.4342,
              81.07803
            ],
            [
              48.23675,
              81.05074
            ],
            [
              48.5856,
              80.98938
            ],
            [
              48.38964,
              80.96218
            ],
            [
              48.56242,
              80.93147
            ],
            [
              48.36778,
              80.90426
            ],
            [
              48.71014,
              80.84279
            ],
            [
              48.51695,
              80.81566
            ],
            [
              49.02235,
              80.72315
            ],
            [
              48.83074,
              80.69619
            ],
            [
              49.16239,
              80.63431
            ],
            [
              48.9722,
              80.60743
            ],
            [
              49.29979,
              80.54543
            ],
            [
              49.11099,
              80.51863
            ],
            [
              49.27333,
              80.48761
            ],
            [
              49.08576,
              80.4608
            ],
            [
              50.65386,
              80.14749
            ],
            [
              50.46906,
              80.12144
            ],
            [
              50.77106,
              80.05812
            ],
            [
              50.95547,
              80.08399
            ],
            [
              51.10483,
              80.05215
            ],
            [
              51.29,
              80.07784
            ],
            [
              51.14085,
              80.10977
            ],
            [
              51.3272,
              80.13544
            ],
            [
              50.87455,
              80.23109
            ],
            [
              51.06253,
              80.25691
            ],
            [
              50.28909,
              80.4154
            ],
            [
              50.47911,
              80.44156
            ],
            [
              50.1629,
              80.50464
            ],
            [
              50.35437,
              80.53087
            ],
            [
              50.03431,
              80.59385
            ],
            [
              50.22725,
              80.62015
            ],
            [
              49.90324,
              80.68301
            ],
            [
              50.09767,
              80.70939
            ],
            [
              49.76964,
              80.77214
            ],
            [
              49.96557,
              80.7986
            ],
            [
              49.63341,
              80.86123
            ],
            [
              49.83087,
              80.88776
            ],
            [
              49.49449,
              80.95028
            ],
            [
              49.6935,
              80.97689
            ],
            [
              49.3528,
              81.03929
            ],
            [
              49.55338,
              81.06598
            ],
            [
              49.38142,
              81.09715
            ],
            [
              49.5834,
              81.12383
            ],
            [
              49.41042,
              81.15502
            ],
            [
              49.61381,
              81.18168
            ],
            [
              49.4398,
              81.21289
            ],
            [
              49.64463,
              81.23953
            ],
            [
              49.29325,
              81.3019
            ],
            [
              49.49974,
              81.32863
            ],
            [
              49.32235,
              81.35979
            ],
            [
              49.53032,
              81.3865
            ],
            [
              48.99094,
              81.47979
            ],
            [
              49.20082,
              81.50669
            ],
            [
              48.83498,
              81.56866
            ],
            [
              49.04659,
              81.59564
            ],
            [
              48.86183,
              81.6266
            ],
            [
              49.07499,
              81.65357
            ],
            [
              48.70171,
              81.71543
            ],
            [
              48.91665,
              81.74249
            ],
            [
              48.5381,
              81.8042
            ],
            [
              48.75484,
              81.83135
            ],
            [
              48.17674,
              81.92357
            ],
            [
              48.39548,
              81.95092
            ],
            [
              48.00301,
              82.01214
            ],
            [
              48.2236,
              82.03959
            ],
            [
              48.02526,
              82.07017
            ],
            [
              48.24755,
              82.0976
            ],
            [
              48.04783,
              82.1282
            ],
            [
              48.27185,
              82.15562
            ],
            [
              48.07074,
              82.18623
            ],
            [
              48.29652,
              82.21364
            ],
            [
              47.88987,
              82.27479
            ],
            [
              48.1176,
              82.3023
            ],
            [
              47.7048,
              82.36328
            ],
            [
              47.93451,
              82.39089
            ],
            [
              47.72578,
              82.42134
            ],
            [
              47.95735,
              82.44894
            ],
            [
              47.53513,
              82.50977
            ],
            [
              47.76874,
              82.53748
            ],
            [
              47.33991,
              82.59813
            ],
            [
              47.5756,
              82.62594
            ],
            [
              46.91944,
              82.71648
            ],
            [
              47.15736,
              82.74452
            ],
            [
              46.71103,
              82.80458
            ],
            [
              46.95106,
              82.83273
            ],
            [
              46.49744,
              82.89259
            ],
            [
              46.73962,
              82.92085
            ],
            [
              46.51003,
              82.95073
            ],
            [
              46.75426,
              82.97899
            ],
            [
              46.2894,
              83.03866
            ],
            [
              46.53584,
              83.06703
            ],
            [
              46.3005,
              83.09682
            ],
            [
              46.54907,
              83.12518
            ],
            [
              46.07242,
              83.18466
            ],
            [
              46.32327,
              83.21314
            ],
            [
              45.83838,
              83.27239
            ],
            [
              46.09152,
              83.301
            ],
            [
              45.59814,
              83.36002
            ],
            [
              45.8536,
              83.38876
            ],
            [
              45.35147,
              83.44754
            ],
            [
              45.60927,
              83.47641
            ],
            [
              45.0981,
              83.53494
            ],
            [
              45.35828,
              83.56394
            ],
            [
              44.83778,
              83.62222
            ],
            [
              45.10035,
              83.65135
            ],
            [
              44.83651,
              83.68043
            ],
            [
              45.10151,
              83.70956
            ],
            [
              44.56644,
              83.76758
            ],
            [
              44.8339,
              83.79686
            ],
            [
              44.56257,
              83.8258
            ],
            [
              44.83255,
              83.85507
            ],
            [
              44.28211,
              83.91282
            ],
            [
              44.55462,
              83.94224
            ],
            [
              43.99351,
              83.9997
            ],
            [
              44.26856,
              84.02926
            ],
            [
              43.69642,
              84.08643
            ],
            [
              43.97403,
              84.11614
            ],
            [
              43.68367,
              84.14465
            ],
            [
              43.96401,
              84.17437
            ],
            [
              43.37444,
              84.23122
            ],
            [
              43.65741,
              84.26109
            ],
            [
              43.35809,
              84.28944
            ],
            [
              43.64387,
              84.31932
            ],
            [
              43.03587,
              84.37583
            ]
          ]
        ]
      },
      "properties": {
        "filename": "ch2_sar_ndxl_20250630mpcpnpwest_d_cpr_xx_fp_xx_xxx.tif",
        "pole": "north"
      }
    },
    {
      "type": "Feature",
      "geometry": {
        "type": "Polygon",
        "coordinates": [
          [
            [
              -8.0566,
              84.1396
            ],
            [
              -8.00044,
              84.09881
            ],
            [
              -8.79173,
              84.08679
            ],
            [
              -8.67116,
              84.00536
            ],
            [
              -8.28118,
              84.01142
            ],
            [
              -8.16898,
              83.92989
            ],
            [
              -7.78339,
              83.9356
            ],
            [
              -7.73094,
              83.89479
            ],
            [
              -7.34719,
              83.90019
            ],
            [
              -7.1541,
              83.73677
            ],
            [
              -6.77958,
              83.74176
            ],
            [
              -6.64837,
              83.61907
            ],
            [
              -6.28041,
              83.6237
            ],
            [
              -6.16104,
              83.50091
            ],
            [
              -5.79946,
              83.5052
            ],
            [
              -5.55291,
              83.21845
            ],
            [
              -5.20608,
              83.2223
            ],
            [
              -5.11284,
              83.09933
            ],
            [
              -4.77178,
              83.10288
            ],
            [
              -4.71544,
              83.02085
            ],
            [
              -4.37804,
              83.02411
            ],
            [
              -4.30179,
              82.90102
            ],
            [
              -3.96994,
              82.90398
            ],
            [
              -3.94701,
              82.86294
            ],
            [
              -3.61679,
              82.86565
            ],
            [
              -3.63781,
              82.90671
            ],
            [
              -2.97285,
              82.91145
            ],
            [
              -3.02564,
              83.03473
            ],
            [
              -3.36412,
              83.03244
            ],
            [
              -3.40441,
              83.1146
            ],
            [
              -3.74668,
              83.11204
            ],
            [
              -3.79207,
              83.19417
            ],
            [
              -4.13819,
              83.19133
            ],
            [
              -4.16339,
              83.23238
            ],
            [
              -3.81518,
              83.23524
            ],
            [
              -3.83857,
              83.27631
            ],
            [
              -4.1889,
              83.27343
            ],
            [
              -4.26735,
              83.39659
            ],
            [
              -4.62387,
              83.3934
            ],
            [
              -4.80365,
              83.6396
            ],
            [
              -5.17352,
              83.63602
            ],
            [
              -5.276,
              83.75905
            ],
            [
              -5.65266,
              83.75513
            ],
            [
              -5.84545,
              83.96002
            ],
            [
              -6.23425,
              83.95569
            ],
            [
              -6.32038,
              84.03758
            ],
            [
              -6.71388,
              84.03291
            ],
            [
              -6.85578,
              84.15562
            ],
            [
              -8.0566,
              84.1396
            ]
          ]
        ]
      },
      "properties": {
        "filename": "ch2_sar_ndxl_20250630mpcpnpwest_d_cpr_xx_fp_xx_xxx.tif",
        "pole": "north"
      }
    },
    {
      "type": "Feature",
      "geometry": {
        "type": "Polygon",
        "coordinates": [
          [
            [
              37.13822,
              84.32564
            ],
            [
              36.88808,
              84.29274
            ],
            [
              36.55555,
              84.31735
            ],
            [
              36.06561,
              84.25095
            ],
            [
              35.73202,
              84.27509
            ],
            [
              35.25519,
              84.208
            ],
            [
              35.9159,
              84.16009
            ],
            [
              35.67974,
              84.12668
            ],
            [
              36.32787,
              84.07829
            ],
            [
              36.09266,
              84.04505
            ],
            [
              36.41192,
              84.02071
            ],
            [
              36.1785,
              83.98751
            ],
            [
              36.80768,
              83.93856
            ],
            [
              36.57525,
              83.90553
            ],
            [
              37.19281,
              83.85613
            ],
            [
              36.96143,
              83.82328
            ],
            [
              37.26579,
              83.79845
            ],
            [
              37.03617,
              83.76562
            ],
            [
              37.63628,
              83.71571
            ],
            [
              37.40774,
              83.68305
            ],
            [
              37.7036,
              83.65797
            ],
            [
              37.47679,
              83.62534
            ],
            [
              38.0603,
              83.57495
            ],
            [
              37.83461,
              83.54248
            ],
            [
              38.12237,
              83.51717
            ],
            [
              37.89837,
              83.48473
            ],
            [
              38.46609,
              83.43387
            ],
            [
              38.24323,
              83.40159
            ],
            [
              38.52328,
              83.37605
            ],
            [
              38.30209,
              83.34379
            ],
            [
              38.57948,
              83.31822
            ],
            [
              38.35992,
              83.28599
            ],
            [
              38.90741,
              83.23464
            ],
            [
              38.689,
              83.20256
            ],
            [
              38.95918,
              83.17678
            ],
            [
              38.74238,
              83.14473
            ],
            [
              39.27576,
              83.09296
            ],
            [
              39.06012,
              83.06105
            ],
            [
              39.32341,
              83.03507
            ],
            [
              39.10934,
              83.00319
            ],
            [
              39.62926,
              82.95103
            ],
            [
              39.41636,
              82.91929
            ],
            [
              39.67306,
              82.89312
            ],
            [
              39.4617,
              82.8614
            ],
            [
              39.96875,
              82.80886
            ],
            [
              39.75856,
              82.77729
            ],
            [
              40.00898,
              82.75093
            ],
            [
              39.80028,
              82.71937
            ],
            [
              40.04856,
              82.69299
            ],
            [
              39.84135,
              82.66145
            ],
            [
              40.08752,
              82.63506
            ],
            [
              39.88177,
              82.60354
            ],
            [
              40.36823,
              82.55057
            ],
            [
              40.16362,
              82.51919
            ],
            [
              40.40397,
              82.49262
            ],
            [
              40.20079,
              82.46125
            ],
            [
              40.43917,
              82.43466
            ],
            [
              40.2374,
              82.40332
            ],
            [
              40.7086,
              82.34998
            ],
            [
              40.50796,
              82.31876
            ],
            [
              40.74085,
              82.29201
            ],
            [
              40.54158,
              82.26081
            ],
            [
              40.77261,
              82.23405
            ],
            [
              40.37838,
              82.17159
            ],
            [
              40.60733,
              82.14492
            ],
            [
              40.41232,
              82.11366
            ],
            [
              40.8651,
              82.06016
            ],
            [
              40.67116,
              82.02903
            ],
            [
              41.33828,
              81.9482
            ],
            [
              41.14521,
              81.91729
            ],
            [
              41.58213,
              81.86302
            ],
            [
              41.39016,
              81.83223
            ],
            [
              42.03415,
              81.75028
            ],
            [
              41.84311,
              81.71971
            ],
            [
              42.68139,
              81.60928
            ],
            [
              42.49121,
              81.57903
            ],
            [
              42.90185,
              81.52336
            ],
            [
              42.71281,
              81.49323
            ],
            [
              42.916,
              81.46533
            ],
            [
              42.72821,
              81.43521
            ],
            [
              43.13042,
              81.37931
            ],
            [
              42.94375,
              81.34929
            ],
            [
              43.14281,
              81.32128
            ],
            [
              42.95734,
              81.29127
            ],
            [
              43.15503,
              81.26326
            ],
            [
              42.97075,
              81.23326
            ],
            [
              43.16709,
              81.20524
            ],
            [
              42.98399,
              81.17525
            ],
            [
              43.17899,
              81.14723
            ],
            [
              42.99705,
              81.11724
            ],
            [
              43.19074,
              81.08922
            ],
            [
              43.00994,
              81.05924
            ],
            [
              43.39352,
              81.00308
            ],
            [
              43.21378,
              80.97321
            ],
            [
              43.4037,
              80.94508
            ],
            [
              43.22508,
              80.91521
            ],
            [
              43.41375,
              80.88708
            ],
            [
              43.23623,
              80.85722
            ],
            [
              43.42367,
              80.82908
            ],
            [
              43.24724,
              80.79923
            ],
            [
              43.43346,
              80.77109
            ],
            [
              43.25812,
              80.74125
            ],
            [
              43.44314,
              80.7131
            ],
            [
              43.26886,
              80.68327
            ],
            [
              43.45269,
              80.65512
            ],
            [
              43.27946,
              80.62529
            ],
            [
              43.46212,
              80.59714
            ],
            [
              43.28993,
              80.56732
            ],
            [
              43.65187,
              80.51092
            ],
            [
              43.48065,
              80.4812
            ],
            [
              43.65994,
              80.45295
            ],
            [
              43.48974,
              80.42324
            ],
            [
              43.84505,
              80.36665
            ],
            [
              43.6758,
              80.33703
            ],
            [
              43.85185,
              80.30868
            ],
            [
              43.68359,
              80.27907
            ],
            [
              44.03251,
              80.22229
            ],
            [
              43.8652,
              80.19277
            ],
            [
              44.0381,
              80.16434
            ],
            [
              43.87175,
              80.13483
            ],
            [
              44.04361,
              80.10639
            ],
            [
              43.87823,
              80.07688
            ],
            [
              44.21893,
              80.01993
            ],
            [
              44.05446,
              79.99051
            ],
            [
              44.22332,
              79.96199
            ],
            [
              44.38781,
              79.99132
            ],
            [
              44.55573,
              79.96263
            ],
            [
              44.72121,
              79.9918
            ],
            [
              44.55328,
              80.02057
            ],
            [
              44.71972,
              80.04974
            ],
            [
              44.5508,
              80.07852
            ],
            [
              44.71821,
              80.10769
            ],
            [
              44.54829,
              80.13647
            ],
            [
              44.88609,
              80.19474
            ],
            [
              44.54318,
              80.25239
            ],
            [
              44.71358,
              80.28158
            ],
            [
              44.36655,
              80.33906
            ],
            [
              44.53795,
              80.36833
            ],
            [
              44.36285,
              80.39703
            ],
            [
              44.53529,
              80.42631
            ],
            [
              44.18187,
              80.48362
            ],
            [
              44.35533,
              80.51299
            ],
            [
              44.17698,
              80.5416
            ],
            [
              44.35149,
              80.57098
            ],
            [
              44.17203,
              80.59959
            ],
            [
              44.34761,
              80.62897
            ],
            [
              44.16702,
              80.65758
            ],
            [
              44.34369,
              80.68697
            ],
            [
              44.16195,
              80.71558
            ],
            [
              44.33971,
              80.74497
            ],
            [
              44.15681,
              80.77358
            ],
            [
              44.33568,
              80.80298
            ],
            [
              44.15161,
              80.83159
            ],
            [
              44.3316,
              80.86099
            ],
            [
              44.14634,
              80.8896
            ],
            [
              44.32747,
              80.919
            ],
            [
              43.95335,
              80.97613
            ],
            [
              44.13559,
              81.00563
            ],
            [
              43.94671,
              81.03415
            ],
            [
              44.13012,
              81.06366
            ],
            [
              43.93998,
              81.09217
            ],
            [
              44.12457,
              81.12169
            ],
            [
              43.93316,
              81.1502
            ],
            [
              44.30599,
              81.20915
            ],
            [
              44.11325,
              81.23776
            ],
            [
              44.30152,
              81.2672
            ],
            [
              44.10748,
              81.2958
            ],
            [
              44.29699,
              81.32524
            ],
            [
              44.10162,
              81.35385
            ],
            [
              44.2924,
              81.3833
            ],
            [
              43.89767,
              81.44041
            ],
            [
              44.08968,
              81.46996
            ],
            [
              43.48744,
              81.55516
            ],
            [
              43.68063,
              81.58492
            ],
            [
              42.64907,
              81.72534
            ],
            [
              42.84321,
              81.75552
            ],
            [
              42.4205,
              81.81113
            ],
            [
              42.61584,
              81.84142
            ],
            [
              42.18707,
              81.8968
            ],
            [
              42.38361,
              81.9272
            ],
            [
              41.7289,
              82.00973
            ],
            [
              41.92648,
              82.04036
            ],
            [
              41.70505,
              82.06774
            ],
            [
              42.30655,
              82.15939
            ],
            [
              42.08308,
              82.18698
            ],
            [
              42.49165,
              82.24781
            ],
            [
              42.03928,
              82.30307
            ],
            [
              42.24568,
              82.33356
            ],
            [
              41.78641,
              82.38856
            ],
            [
              41.99413,
              82.41917
            ],
            [
              41.76181,
              82.4466
            ],
            [
              41.97103,
              82.47723
            ],
            [
              41.50089,
              82.53194
            ],
            [
              41.71144,
              82.56269
            ],
            [
              41.47357,
              82.58997
            ],
            [
              41.68567,
              82.62074
            ],
            [
              40.96072,
              82.70216
            ],
            [
              41.38896,
              82.76409
            ],
            [
              41.1432,
              82.7912
            ],
            [
              41.35984,
              82.82213
            ],
            [
              40.86221,
              82.87619
            ],
            [
              41.08023,
              82.90726
            ],
            [
              40.82829,
              82.9342
            ],
            [
              41.04796,
              82.96529
            ],
            [
              40.5377,
              83.01901
            ],
            [
              40.75875,
              83.05023
            ],
            [
              40.50036,
              83.07701
            ],
            [
              40.7231,
              83.10825
            ],
            [
              40.19961,
              83.16162
            ],
            [
              40.42375,
              83.193
            ],
            [
              40.15858,
              83.2196
            ],
            [
              40.38446,
              83.251
            ],
            [
              39.8471,
              83.304
            ],
            [
              40.07437,
              83.33555
            ],
            [
              39.8021,
              83.36196
            ],
            [
              40.03115,
              83.39353
            ],
            [
              39.19996,
              83.47222
            ],
            [
              39.42997,
              83.50407
            ],
            [
              39.14798,
              83.53012
            ],
            [
              39.3798,
              83.562
            ],
            [
              39.09506,
              83.58802
            ],
            [
              39.32873,
              83.61992
            ],
            [
              39.04117,
              83.64592
            ],
            [
              39.27671,
              83.67785
            ],
            [
              38.98629,
              83.70381
            ],
            [
              39.22374,
              83.73577
            ],
            [
              38.6346,
              83.78748
            ],
            [
              38.87344,
              83.8196
            ],
            [
              38.57463,
              83.84534
            ],
            [
              38.81541,
              83.87748
            ],
            [
              38.51351,
              83.90319
            ],
            [
              38.75628,
              83.93537
            ],
            [
              38.45122,
              83.96104
            ],
            [
              38.69599,
              83.99325
            ],
            [
              38.07681,
              84.04436
            ],
            [
              38.32299,
              84.07673
            ],
            [
              37.69176,
              84.12742
            ],
            [
              37.93931,
              84.15997
            ],
            [
              37.61888,
              84.18518
            ],
            [
              37.8685,
              84.21776
            ],
            [
              37.21774,
              84.26793
            ],
            [
              37.46868,
              84.30069
            ],
            [
              37.13822,
              84.32564
            ]
          ]
        ]
      },
      "properties": {
        "filename": "ch2_sar_ndxl_20250630mpcpnpwest_d_cpr_xx_fp_xx_xxx.tif",
        "pole": "north"
      }
    },
    {
      "type": "Feature",
      "geometry": {
        "type": "Polygon",
        "coordinates": [
          [
            [
              34.01241,
              84.24429
            ],
            [
              33.78396,
              84.21009
            ],
            [
              33.44348,
              84.23288
            ],
            [
              32.77756,
              84.12935
            ],
            [
              33.11462,
              84.10697
            ],
            [
              32.8967,
              84.07242
            ],
            [
              33.23008,
              84.04997
            ],
            [
              33.01357,
              84.01547
            ],
            [
              33.67064,
              83.97022
            ],
            [
              33.45447,
              83.9359
            ],
            [
              33.77827,
              83.91312
            ],
            [
              33.56353,
              83.87884
            ],
            [
              34.2019,
              83.83296
            ],
            [
              33.98759,
              83.79885
            ],
            [
              34.61462,
              83.75248
            ],
            [
              34.40081,
              83.71854
            ],
            [
              34.70995,
              83.6952
            ],
            [
              34.49757,
              83.66131
            ],
            [
              34.80356,
              83.63792
            ],
            [
              34.59259,
              83.60406
            ],
            [
              35.19619,
              83.55699
            ],
            [
              34.98581,
              83.5233
            ],
            [
              35.57904,
              83.47578
            ],
            [
              35.3693,
              83.44226
            ],
            [
              35.66194,
              83.41836
            ],
            [
              35.4536,
              83.38487
            ],
            [
              35.7434,
              83.36093
            ],
            [
              35.53645,
              83.32747
            ],
            [
              36.1084,
              83.27933
            ],
            [
              35.90215,
              83.24603
            ],
            [
              36.18439,
              83.22183
            ],
            [
              35.97951,
              83.18857
            ],
            [
              36.5367,
              83.13993
            ],
            [
              36.33256,
              83.10682
            ],
            [
              36.60759,
              83.08237
            ],
            [
              36.4048,
              83.0493
            ],
            [
              36.6773,
              83.02481
            ],
            [
              36.47585,
              82.99177
            ],
            [
              37.014,
              82.94257
            ],
            [
              36.81332,
              82.90968
            ],
            [
              37.07904,
              82.88497
            ],
            [
              36.87968,
              82.8521
            ],
            [
              37.40456,
              82.80246
            ],
            [
              37.20601,
              82.76973
            ],
            [
              37.46524,
              82.7448
            ],
            [
              37.26798,
              82.71211
            ],
            [
              37.52495,
              82.68715
            ],
            [
              37.32898,
              82.65448
            ],
            [
              37.58372,
              82.62948
            ],
            [
              37.38902,
              82.59685
            ],
            [
              37.89244,
              82.54665
            ],
            [
              37.69855,
              82.51415
            ],
            [
              37.94728,
              82.48895
            ],
            [
              37.75464,
              82.45648
            ],
            [
              38.00129,
              82.43125
            ],
            [
              37.62011,
              82.36627
            ],
            [
              37.86429,
              82.34112
            ],
            [
              37.67571,
              82.30862
            ],
            [
              38.15846,
              82.25813
            ],
            [
              37.97067,
              82.22576
            ],
            [
              38.20929,
              82.20041
            ],
            [
              38.02268,
              82.16807
            ],
            [
              38.72818,
              82.09157
            ],
            [
              38.54202,
              82.05946
            ],
            [
              39.00409,
              82.00802
            ],
            [
              38.81877,
              81.97604
            ],
            [
              39.27427,
              81.9243
            ],
            [
              39.0898,
              81.89244
            ],
            [
              39.53889,
              81.84041
            ],
            [
              39.35528,
              81.80868
            ],
            [
              39.79809,
              81.75636
            ],
            [
              39.61536,
              81.72475
            ],
            [
              40.05204,
              81.67215
            ],
            [
              39.87019,
              81.64066
            ],
            [
              40.30089,
              81.5878
            ],
            [
              40.11993,
              81.55642
            ],
            [
              40.33302,
              81.52992
            ],
            [
              40.15318,
              81.49856
            ],
            [
              40.57492,
              81.4454
            ],
            [
              40.39597,
              81.41416
            ],
            [
              40.60467,
              81.38751
            ],
            [
              40.42682,
              81.35629
            ],
            [
              40.83995,
              81.30285
            ],
            [
              40.66298,
              81.27174
            ],
            [
              40.86745,
              81.24495
            ],
            [
              40.69156,
              81.21385
            ],
            [
              40.89459,
              81.18705
            ],
            [
              40.71976,
              81.15597
            ],
            [
              40.92138,
              81.12915
            ],
            [
              40.74759,
              81.09809
            ],
            [
              40.94781,
              81.07126
            ],
            [
              40.77506,
              81.04021
            ],
            [
              40.97391,
              81.01337
            ],
            [
              40.80218,
              80.98234
            ],
            [
              40.99967,
              80.95548
            ],
            [
              40.82895,
              80.92447
            ],
            [
              41.22008,
              80.87063
            ],
            [
              41.0502,
              80.83972
            ],
            [
              41.24388,
              80.81274
            ],
            [
              41.07499,
              80.78184
            ],
            [
              41.26738,
              80.75485
            ],
            [
              41.09947,
              80.72397
            ],
            [
              41.29059,
              80.69696
            ],
            [
              41.12365,
              80.66609
            ],
            [
              41.68992,
              80.58475
            ],
            [
              41.52367,
              80.55408
            ],
            [
              41.71012,
              80.52686
            ],
            [
              41.54481,
              80.49619
            ],
            [
              41.91425,
              80.44163
            ],
            [
              41.74977,
              80.41107
            ],
            [
              42.11476,
              80.3563
            ],
            [
              41.9511,
              80.32584
            ],
            [
              42.13193,
              80.2984
            ],
            [
              41.96919,
              80.26795
            ],
            [
              42.32758,
              80.21297
            ],
            [
              42.16566,
              80.18261
            ],
            [
              42.34324,
              80.15507
            ],
            [
              42.18223,
              80.12472
            ],
            [
              42.35872,
              80.09717
            ],
            [
              42.1986,
              80.06684
            ],
            [
              42.54846,
              80.01163
            ],
            [
              42.38913,
              79.9814
            ],
            [
              42.56252,
              79.95374
            ],
            [
              42.72193,
              79.98389
            ],
            [
              42.89444,
              79.95606
            ],
            [
              43.2163,
              80.01596
            ],
            [
              43.04365,
              80.04396
            ],
            [
              43.20598,
              80.07388
            ],
            [
              43.03229,
              80.10188
            ],
            [
              43.19554,
              80.13181
            ],
            [
              42.84504,
              80.18771
            ],
            [
              43.00915,
              80.21773
            ],
            [
              42.83232,
              80.24563
            ],
            [
              42.99737,
              80.27566
            ],
            [
              42.64049,
              80.33136
            ],
            [
              42.80642,
              80.36149
            ],
            [
              42.62634,
              80.38929
            ],
            [
              42.79323,
              80.41943
            ],
            [
              42.61202,
              80.44722
            ],
            [
              42.77988,
              80.47737
            ],
            [
              42.41408,
              80.53285
            ],
            [
              42.58284,
              80.5631
            ],
            [
              42.21252,
              80.61838
            ],
            [
              42.38218,
              80.64872
            ],
            [
              42.00723,
              80.7038
            ],
            [
              42.17778,
              80.73424
            ],
            [
              41.98852,
              80.76172
            ],
            [
              42.16009,
              80.79218
            ],
            [
              41.96957,
              80.81966
            ],
            [
              42.14217,
              80.85013
            ],
            [
              41.95038,
              80.87759
            ],
            [
              42.12402,
              80.90808
            ],
            [
              41.93094,
              80.93553
            ],
            [
              42.10563,
              80.96603
            ],
            [
              41.91125,
              80.99347
            ],
            [
              42.08701,
              81.02398
            ],
            [
              41.89131,
              81.05142
            ],
            [
              42.06814,
              81.08194
            ],
            [
              41.8711,
              81.10937
            ],
            [
              42.04903,
              81.1399
            ],
            [
              41.651,
              81.19464
            ],
            [
              41.82989,
              81.22528
            ],
            [
              41.62886,
              81.25259
            ],
            [
              41.80887,
              81.28324
            ],
            [
              41.60643,
              81.31054
            ],
            [
              41.78757,
              81.34121
            ],
            [
              41.37853,
              81.39568
            ],
            [
              41.56065,
              81.42645
            ],
            [
              41.35402,
              81.45362
            ],
            [
              41.5373,
              81.48441
            ],
            [
              41.32917,
              81.51157
            ],
            [
              41.51362,
              81.54238
            ],
            [
              41.30398,
              81.56953
            ],
            [
              41.48961,
              81.60034
            ],
            [
              41.27843,
              81.62748
            ],
            [
              41.46527,
              81.65831
            ],
            [
              40.60594,
              81.76613
            ],
            [
              40.79339,
              81.79728
            ],
            [
              40.13334,
              81.87722
            ],
            [
              40.32155,
              81.9086
            ],
            [
              39.87374,
              81.9615
            ],
            [
              40.06292,
              81.993
            ],
            [
              39.37923,
              82.07174
            ],
            [
              39.56907,
              82.10347
            ],
            [
              39.10507,
              82.15554
            ],
            [
              39.29584,
              82.1874
            ],
            [
              39.0612,
              82.21335
            ],
            [
              39.25321,
              82.24523
            ],
            [
              39.01666,
              82.27116
            ],
            [
              39.20994,
              82.30306
            ],
            [
              38.97146,
              82.32897
            ],
            [
              39.16601,
              82.36089
            ],
            [
              38.92556,
              82.38677
            ],
            [
              39.12141,
              82.41872
            ],
            [
              38.87896,
              82.44458
            ],
            [
              39.07612,
              82.47655
            ],
            [
              38.83164,
              82.50239
            ],
            [
              39.03013,
              82.53438
            ],
            [
              38.78358,
              82.56019
            ],
            [
              38.98341,
              82.59221
            ],
            [
              38.48438,
              82.64364
            ],
            [
              38.88776,
              82.70786
            ],
            [
              38.63481,
              82.73359
            ],
            [
              38.83878,
              82.76568
            ],
            [
              38.32664,
              82.81695
            ],
            [
              38.53161,
              82.84918
            ],
            [
              38.27234,
              82.87472
            ],
            [
              38.47874,
              82.90697
            ],
            [
              38.21716,
              82.93248
            ],
            [
              38.425,
              82.96476
            ],
            [
              37.89521,
              83.01557
            ],
            [
              38.10404,
              83.048
            ],
            [
              37.83575,
              83.0733
            ],
            [
              38.04605,
              83.10575
            ],
            [
              37.50252,
              83.15613
            ],
            [
              37.7138,
              83.18874
            ],
            [
              37.43848,
              83.21381
            ],
            [
              37.65126,
              83.24645
            ],
            [
              37.37334,
              83.27149
            ],
            [
              37.58763,
              83.30416
            ],
            [
              37.02439,
              83.35401
            ],
            [
              37.23964,
              83.38683
            ],
            [
              36.95423,
              83.41164
            ],
            [
              37.17102,
              83.44449
            ],
            [
              36.88283,
              83.46926
            ],
            [
              37.10118,
              83.50215
            ],
            [
              36.51689,
              83.55144
            ],
            [
              36.73617,
              83.58449
            ],
            [
              36.43997,
              83.60901
            ],
            [
              36.66084,
              83.64209
            ],
            [
              36.36165,
              83.66657
            ],
            [
              36.58413,
              83.69968
            ],
            [
              35.9773,
              83.74838
            ],
            [
              36.20065,
              83.78166
            ],
            [
              35.89291,
              83.80587
            ],
            [
              36.1179,
              83.83919
            ],
            [
              35.80693,
              83.86335
            ],
            [
              36.03357,
              83.89671
            ],
            [
              35.40259,
              83.94476
            ],
            [
              35.63005,
              83.97828
            ],
            [
              34.98722,
              84.02586
            ],
            [
              35.21544,
              84.05956
            ],
            [
              34.88924,
              84.0832
            ],
            [
              35.11913,
              84.11694
            ],
            [
              34.45688,
              84.16391
            ],
            [
              34.68745,
              84.19783
            ],
            [
              34.01241,
              84.24429
            ]
          ]
        ]
      },
      "properties": {
        "filename": "ch2_sar_ndxl_20250630mpcpnpwest_d_cpr_xx_fp_xx_xxx.tif",
        "pole": "north"
      }
    },
    {
      "type": "Feature",
      "geometry": {
        "type": "Polygon",
        "coordinates": [
          [
            [
              31.4822,
              84.30861
            ],
            [
              31.26656,
              84.27343
            ],
            [
              30.9126,
              84.29469
            ],
            [
              30.701,
              84.2593
            ],
            [
              30.34583,
              84.28021
            ],
            [
              30.13827,
              84.24461
            ],
            [
              30.49199,
              84.22383
            ],
            [
              30.28555,
              84.1883
            ],
            [
              30.63532,
              84.16743
            ],
            [
              30.42999,
              84.13194
            ],
            [
              30.7759,
              84.11099
            ],
            [
              30.57168,
              84.07556
            ],
            [
              30.9138,
              84.05452
            ],
            [
              30.7107,
              84.01914
            ],
            [
              31.0491,
              83.99802
            ],
            [
              30.84711,
              83.96269
            ],
            [
              31.18187,
              83.94149
            ],
            [
              30.98099,
              83.90621
            ],
            [
              31.31219,
              83.88493
            ],
            [
              31.1124,
              83.8497
            ],
            [
              31.76553,
              83.80678
            ],
            [
              31.5657,
              83.77172
            ],
            [
              32.20753,
              83.72825
            ],
            [
              32.00773,
              83.69337
            ],
            [
              32.32424,
              83.67147
            ],
            [
              32.12558,
              83.63663
            ],
            [
              32.74999,
              83.5925
            ],
            [
              32.55147,
              83.55783
            ],
            [
              32.85946,
              83.5356
            ],
            [
              32.6621,
              83.50098
            ],
            [
              33.26985,
              83.45621
            ],
            [
              33.07271,
              83.42175
            ],
            [
              33.37256,
              83.39921
            ],
            [
              33.17659,
              83.3648
            ],
            [
              33.47351,
              83.3422
            ],
            [
              33.27869,
              83.30783
            ],
            [
              33.57274,
              83.28517
            ],
            [
              33.37906,
              83.25084
            ],
            [
              33.95958,
              83.20524
            ],
            [
              33.76622,
              83.17106
            ],
            [
              34.05276,
              83.14812
            ],
            [
              33.86055,
              83.11398
            ],
            [
              34.1444,
              83.09099
            ],
            [
              33.95332,
              83.05689
            ],
            [
              34.23453,
              83.03384
            ],
            [
              34.04458,
              82.99978
            ],
            [
              34.32319,
              82.97668
            ],
            [
              34.13435,
              82.94266
            ],
            [
              34.68468,
              82.89619
            ],
            [
              34.49625,
              82.86232
            ],
            [
              34.76803,
              82.83896
            ],
            [
              34.5807,
              82.80512
            ],
            [
              34.85005,
              82.78171
            ],
            [
              34.66383,
              82.74791
            ],
            [
              35.19601,
              82.70084
            ],
            [
              35.01024,
              82.66719
            ],
            [
              35.27315,
              82.64353
            ],
            [
              35.08847,
              82.60991
            ],
            [
              35.34909,
              82.58621
            ],
            [
              35.1655,
              82.55263
            ],
            [
              35.42386,
              82.52888
            ],
            [
              35.24134,
              82.49533
            ],
            [
              35.49749,
              82.47154
            ],
            [
              35.31603,
              82.43803
            ],
            [
              35.57001,
              82.4142
            ],
            [
              35.21077,
              82.34715
            ],
            [
              35.46206,
              82.32339
            ],
            [
              35.28425,
              82.28986
            ],
            [
              35.7811,
              82.24211
            ],
            [
              35.60378,
              82.20872
            ],
            [
              36.33609,
              82.13634
            ],
            [
              36.1588,
              82.10318
            ],
            [
              36.39943,
              82.07888
            ],
            [
              36.22316,
              82.04576
            ],
            [
              36.93487,
              81.97233
            ],
            [
              36.75873,
              81.93944
            ],
            [
              37.22513,
              81.89002
            ],
            [
              37.04961,
              81.85726
            ],
            [
              37.7374,
              81.78246
            ],
            [
              37.56214,
              81.74992
            ],
            [
              37.78825,
              81.72483
            ],
            [
              37.614,
              81.69232
            ],
            [
              37.83839,
              81.6672
            ],
            [
              37.66515,
              81.63472
            ],
            [
              37.88784,
              81.60957
            ],
            [
              37.7156,
              81.57711
            ],
            [
              38.1563,
              81.52664
            ],
            [
              37.98472,
              81.4943
            ],
            [
              38.20277,
              81.46898
            ],
            [
              38.03218,
              81.43667
            ],
            [
              38.24863,
              81.41132
            ],
            [
              38.079,
              81.37903
            ],
            [
              38.50746,
              81.32817
            ],
            [
              38.3385,
              81.296
            ],
            [
              38.55054,
              81.27049
            ],
            [
              38.38254,
              81.23834
            ],
            [
              38.59306,
              81.2128
            ],
            [
              38.42601,
              81.18067
            ],
            [
              38.63503,
              81.15512
            ],
            [
              38.46891,
              81.12301
            ],
            [
              38.67644,
              81.09743
            ],
            [
              38.51125,
              81.06534
            ],
            [
              38.71732,
              81.03975
            ],
            [
              38.55305,
              81.00768
            ],
            [
              38.75768,
              80.98206
            ],
            [
              38.59431,
              80.95002
            ],
            [
              38.79752,
              80.92438
            ],
            [
              38.63505,
              80.89235
            ],
            [
              38.83686,
              80.86669
            ],
            [
              38.67528,
              80.83469
            ],
            [
              39.07499,
              80.78321
            ],
            [
              38.91405,
              80.75132
            ],
            [
              39.30883,
              80.69959
            ],
            [
              39.14853,
              80.66781
            ],
            [
              39.53847,
              80.61583
            ],
            [
              39.37883,
              80.58415
            ],
            [
              39.57197,
              80.55809
            ],
            [
              39.41319,
              80.52644
            ],
            [
              39.60506,
              80.50036
            ],
            [
              39.44714,
              80.46872
            ],
            [
              39.63774,
              80.44263
            ],
            [
              39.48067,
              80.41101
            ],
            [
              39.85837,
              80.35869
            ],
            [
              39.70194,
              80.32717
            ],
            [
              39.88906,
              80.30094
            ],
            [
              39.73346,
              80.26944
            ],
            [
              39.91938,
              80.2432
            ],
            [
              39.76461,
              80.21172
            ],
            [
              40.1331,
              80.15911
            ],
            [
              39.97897,
              80.12773
            ],
            [
              40.16156,
              80.10136
            ],
            [
              40.00824,
              80.06999
            ],
            [
              40.18968,
              80.04361
            ],
            [
              40.03717,
              80.01226
            ],
            [
              40.21749,
              79.98587
            ],
            [
              40.52381,
              80.04833
            ],
            [
              40.70348,
              80.02166
            ],
            [
              40.85824,
              80.0527
            ],
            [
              41.03709,
              80.02586
            ],
            [
              41.19296,
              80.05675
            ],
            [
              41.01398,
              80.08367
            ],
            [
              41.17069,
              80.11457
            ],
            [
              40.8095,
              80.16831
            ],
            [
              40.96693,
              80.19931
            ],
            [
              40.7847,
              80.22612
            ],
            [
              40.94298,
              80.25713
            ],
            [
              40.75959,
              80.28393
            ],
            [
              40.91875,
              80.31495
            ],
            [
              40.73419,
              80.34174
            ],
            [
              40.89422,
              80.37278
            ],
            [
              40.70848,
              80.39956
            ],
            [
              40.8694,
              80.43061
            ],
            [
              40.49445,
              80.48404
            ],
            [
              40.65611,
              80.5152
            ],
            [
              40.46688,
              80.54186
            ],
            [
              40.62944,
              80.57303
            ],
            [
              40.24741,
              80.62621
            ],
            [
              40.41071,
              80.65748
            ],
            [
              39.82889,
              80.73674
            ],
            [
              39.99273,
              80.76822
            ],
            [
              39.79636,
              80.79451
            ],
            [
              39.96112,
              80.82601
            ],
            [
              39.76342,
              80.85229
            ],
            [
              39.92911,
              80.8838
            ],
            [
              39.73006,
              80.91007
            ],
            [
              39.89669,
              80.9416
            ],
            [
              39.69626,
              80.96785
            ],
            [
              39.86386,
              80.99939
            ],
            [
              39.66203,
              81.02563
            ],
            [
              39.83059,
              81.05719
            ],
            [
              39.62736,
              81.08341
            ],
            [
              39.7969,
              81.11499
            ],
            [
              39.59223,
              81.14119
            ],
            [
              39.76276,
              81.17279
            ],
            [
              39.55664,
              81.19898
            ],
            [
              39.72816,
              81.2306
            ],
            [
              39.52057,
              81.25676
            ],
            [
              39.69311,
              81.2884
            ],
            [
              39.48403,
              81.31455
            ],
            [
              39.65759,
              81.3462
            ],
            [
              39.44699,
              81.37233
            ],
            [
              39.62158,
              81.40401
            ],
            [
              39.19602,
              81.45612
            ],
            [
              39.3714,
              81.48791
            ],
            [
              38.94007,
              81.53974
            ],
            [
              39.11622,
              81.57166
            ],
            [
              38.89828,
              81.59749
            ],
            [
              39.0755,
              81.62943
            ],
            [
              38.85591,
              81.65524
            ],
            [
              39.0342,
              81.68719
            ],
            [
              38.81295,
              81.71299
            ],
            [
              38.99233,
              81.74496
            ],
            [
              38.54504,
              81.79638
            ],
            [
              38.7252,
              81.82848
            ],
            [
              38.27162,
              81.8796
            ],
            [
              38.45255,
              81.91183
            ],
            [
              37.99252,
              81.96264
            ],
            [
              38.1742,
              81.99499
            ],
            [
              37.23501,
              82.09547
            ],
            [
              37.41663,
              82.12816
            ],
            [
              36.9372,
              82.1778
            ],
            [
              37.11949,
              82.21063
            ],
            [
              36.87704,
              82.23535
            ],
            [
              37.06044,
              82.2682
            ],
            [
              36.56995,
              82.31743
            ],
            [
              36.754,
              82.35042
            ],
            [
              36.50591,
              82.37493
            ],
            [
              36.69108,
              82.40795
            ],
            [
              36.4409,
              82.43242
            ],
            [
              36.6272,
              82.46547
            ],
            [
              36.37488,
              82.48991
            ],
            [
              36.75144,
              82.55598
            ],
            [
              36.23977,
              82.60487
            ],
            [
              36.42954,
              82.638
            ],
            [
              36.17062,
              82.66233
            ],
            [
              36.36157,
              82.6955
            ],
            [
              36.10037,
              82.71979
            ],
            [
              36.48645,
              82.78611
            ],
            [
              35.9565,
              82.83469
            ],
            [
              36.15108,
              82.86795
            ],
            [
              35.88281,
              82.89213
            ],
            [
              36.07863,
              82.92542
            ],
            [
              35.80792,
              82.94956
            ],
            [
              36.00499,
              82.98289
            ],
            [
              35.73179,
              83.00698
            ],
            [
              35.93013,
              83.04034
            ],
            [
              35.37676,
              83.08827
            ],
            [
              35.57572,
              83.12179
            ],
            [
              35.01328,
              83.16931
            ],
            [
              35.21281,
              83.20297
            ],
            [
              34.92793,
              83.2266
            ],
            [
              35.12874,
              83.26031
            ],
            [
              34.84113,
              83.28389
            ],
            [
              35.04322,
              83.31763
            ],
            [
              34.75282,
              83.34116
            ],
            [
              34.95622,
              83.37494
            ],
            [
              34.66299,
              83.39842
            ],
            [
              34.8677,
              83.43224
            ],
            [
              34.27332,
              83.47893
            ],
            [
              34.47854,
              83.51291
            ],
            [
              34.17731,
              83.5361
            ],
            [
              34.38385,
              83.57013
            ],
            [
              34.07959,
              83.59327
            ],
            [
              34.28746,
              83.62733
            ],
            [
              33.67049,
              83.67332
            ],
            [
              33.87879,
              83.70755
            ],
            [
              33.56599,
              83.73039
            ],
            [
              33.77563,
              83.76466
            ],
            [
              33.45957,
              83.78745
            ],
            [
              33.67056,
              83.82176
            ],
            [
              32.70532,
              83.88934
            ],
            [
              32.91557,
              83.92396
            ],
            [
              32.58799,
              83.94622
            ],
            [
              32.79955,
              83.98088
            ],
            [
              32.13484,
              84.02507
            ],
            [
              32.34657,
              84.05991
            ],
            [
              32.00933,
              84.08183
            ],
            [
              32.43793,
              84.15153
            ],
            [
              32.09571,
              84.17351
            ],
            [
              32.31264,
              84.20837
            ],
            [
              31.96658,
              84.23027
            ],
            [
              32.18487,
              84.26518
            ],
            [
              31.4822,
              84.30861
            ]
          ]
        ]
      },
      "properties": {
        "filename": "ch2_sar_ndxl_20250630mpcpnpwest_d_cpr_xx_fp_xx_xxx.tif",
        "pole": "north"
      }
    },
    {
      "type": "Feature",
      "geometry": {
        "type": "Polygon",
        "coordinates": [
          [
            [
              27.01696,
              84.27392
            ],
            [
              26.83058,
              84.23719
            ],
            [
              26.46357,
              84.25565
            ],
            [
              26.2813,
              84.21874
            ],
            [
              25.91374,
              84.23684
            ],
            [
              25.73558,
              84.19976
            ],
            [
              26.10136,
              84.18177
            ],
            [
              25.92369,
              84.14474
            ],
            [
              26.28546,
              84.12663
            ],
            [
              26.10829,
              84.08967
            ],
            [
              26.46612,
              84.07144
            ],
            [
              26.28948,
              84.03454
            ],
            [
              26.64344,
              84.01619
            ],
            [
              26.46734,
              83.97935
            ],
            [
              26.81751,
              83.96089
            ],
            [
              26.12785,
              83.81342
            ],
            [
              26.80945,
              83.77674
            ],
            [
              26.63911,
              83.73995
            ],
            [
              26.97541,
              83.7214
            ],
            [
              26.8056,
              83.68467
            ],
            [
              27.46934,
              83.64714
            ],
            [
              27.29867,
              83.61058
            ],
            [
              27.9518,
              83.57242
            ],
            [
              27.78037,
              83.53602
            ],
            [
              28.10271,
              83.51675
            ],
            [
              27.93191,
              83.4804
            ],
            [
              28.56828,
              83.44146
            ],
            [
              28.39686,
              83.40528
            ],
            [
              28.71098,
              83.38562
            ],
            [
              28.54023,
              83.34948
            ],
            [
              28.85129,
              83.32973
            ],
            [
              28.68121,
              83.29365
            ],
            [
              28.98926,
              83.27381
            ],
            [
              28.81985,
              83.23778
            ],
            [
              29.12495,
              83.21786
            ],
            [
              28.95622,
              83.18187
            ],
            [
              29.25842,
              83.16187
            ],
            [
              29.09036,
              83.12594
            ],
            [
              29.68731,
              83.08558
            ],
            [
              29.51888,
              83.0498
            ],
            [
              29.8137,
              83.02944
            ],
            [
              29.64597,
              82.99371
            ],
            [
              29.93806,
              82.97328
            ],
            [
              29.77104,
              82.9376
            ],
            [
              30.06045,
              82.91709
            ],
            [
              29.89414,
              82.88145
            ],
            [
              30.18091,
              82.86087
            ],
            [
              29.85133,
              82.78962
            ],
            [
              30.13458,
              82.76907
            ],
            [
              29.80961,
              82.6978
            ],
            [
              30.08941,
              82.67728
            ],
            [
              29.92839,
              82.64166
            ],
            [
              30.20572,
              82.62107
            ],
            [
              30.04536,
              82.58549
            ],
            [
              30.32026,
              82.56483
            ],
            [
              30.16057,
              82.5293
            ],
            [
              30.43308,
              82.50857
            ],
            [
              30.11652,
              82.43753
            ],
            [
              30.38585,
              82.41683
            ],
            [
              30.22896,
              82.38133
            ],
            [
              30.49599,
              82.36056
            ],
            [
              30.33975,
              82.3251
            ],
            [
              30.60452,
              82.30427
            ],
            [
              30.44892,
              82.26885
            ],
            [
              30.71147,
              82.24795
            ],
            [
              30.55651,
              82.21257
            ],
            [
              31.07583,
              82.17049
            ],
            [
              30.92075,
              82.13525
            ],
            [
              31.17758,
              82.11406
            ],
            [
              31.02316,
              82.07886
            ],
            [
              31.27787,
              82.05762
            ],
            [
              31.1241,
              82.02246
            ],
            [
              31.37675,
              82.00115
            ],
            [
              31.22363,
              81.96603
            ],
            [
              31.97144,
              81.90148
            ],
            [
              31.81764,
              81.86659
            ],
            [
              32.30824,
              81.823
            ],
            [
              32.15447,
              81.78824
            ],
            [
              32.6386,
              81.74424
            ],
            [
              32.48491,
              81.70961
            ],
            [
              33.19965,
              81.64282
            ],
            [
              33.04551,
              81.60841
            ],
            [
              33.51453,
              81.56336
            ],
            [
              33.36056,
              81.52908
            ],
            [
              33.59265,
              81.50644
            ],
            [
              33.43939,
              81.4722
            ],
            [
              33.89884,
              81.42669
            ],
            [
              33.74578,
              81.39257
            ],
            [
              33.97317,
              81.36971
            ],
            [
              33.82083,
              81.33562
            ],
            [
              34.04652,
              81.31271
            ],
            [
              33.89489,
              81.27865
            ],
            [
              34.11892,
              81.25571
            ],
            [
              33.968,
              81.22168
            ],
            [
              34.19037,
              81.19869
            ],
            [
              34.04015,
              81.1647
            ],
            [
              34.2609,
              81.14167
            ],
            [
              34.11137,
              81.10771
            ],
            [
              34.33052,
              81.08464
            ],
            [
              34.18169,
              81.0507
            ],
            [
              34.39925,
              81.0276
            ],
            [
              34.25111,
              80.99369
            ],
            [
              34.46712,
              80.97055
            ],
            [
              34.31965,
              80.93668
            ],
            [
              34.53412,
              80.91349
            ],
            [
              34.38734,
              80.87965
            ],
            [
              34.60029,
              80.85643
            ],
            [
              34.30914,
              80.78874
            ],
            [
              34.52018,
              80.76557
            ],
            [
              34.3758,
              80.73173
            ],
            [
              34.58538,
              80.70852
            ],
            [
              34.44164,
              80.67471
            ],
            [
              34.85686,
              80.6281
            ],
            [
              34.71338,
              80.5944
            ],
            [
              35.12371,
              80.54747
            ],
            [
              34.9805,
              80.51389
            ],
            [
              35.18376,
              80.49033
            ],
            [
              35.0412,
              80.45678
            ],
            [
              35.24309,
              80.43319
            ],
            [
              35.10118,
              80.39966
            ],
            [
              35.30172,
              80.37604
            ],
            [
              35.16044,
              80.34254
            ],
            [
              35.55787,
              80.29511
            ],
            [
              35.41689,
              80.26172
            ],
            [
              35.61381,
              80.23792
            ],
            [
              35.47347,
              80.20456
            ],
            [
              35.66909,
              80.18073
            ],
            [
              35.52938,
              80.14739
            ],
            [
              35.72374,
              80.12353
            ],
            [
              35.58465,
              80.09022
            ],
            [
              35.77774,
              80.06632
            ],
            [
              35.63928,
              80.03304
            ],
            [
              35.83113,
              80.00912
            ],
            [
              35.69328,
              79.97586
            ],
            [
              35.88391,
              79.95191
            ],
            [
              36.02206,
              79.98509
            ],
            [
              36.21207,
              79.96095
            ],
            [
              36.49174,
              80.02697
            ],
            [
              36.6814,
              80.00256
            ],
            [
              36.82292,
              80.03541
            ],
            [
              36.63298,
              80.0599
            ],
            [
              36.77515,
              80.09277
            ],
            [
              36.58398,
              80.11723
            ],
            [
              36.72683,
              80.15013
            ],
            [
              36.53442,
              80.17457
            ],
            [
              36.67793,
              80.20748
            ],
            [
              36.48426,
              80.2319
            ],
            [
              36.62846,
              80.26484
            ],
            [
              36.43352,
              80.28923
            ],
            [
              36.5784,
              80.32219
            ],
            [
              36.38216,
              80.34655
            ],
            [
              36.52773,
              80.37954
            ],
            [
              36.13165,
              80.4281
            ],
            [
              36.2776,
              80.46119
            ],
            [
              36.07771,
              80.48539
            ],
            [
              36.22436,
              80.51851
            ],
            [
              36.02312,
              80.54267
            ],
            [
              36.17047,
              80.57582
            ],
            [
              35.96787,
              80.59995
            ],
            [
              36.11592,
              80.63313
            ],
            [
              35.50076,
              80.70509
            ],
            [
              35.64882,
              80.73846
            ],
            [
              35.44127,
              80.7623
            ],
            [
              35.59004,
              80.7957
            ],
            [
              35.38104,
              80.8195
            ],
            [
              35.53053,
              80.85293
            ],
            [
              35.32005,
              80.8767
            ],
            [
              35.47026,
              80.91016
            ],
            [
              35.25829,
              80.9339
            ],
            [
              35.40922,
              80.96738
            ],
            [
              35.19574,
              80.99108
            ],
            [
              35.50021,
              81.05805
            ],
            [
              35.28479,
              81.08181
            ],
            [
              35.43834,
              81.11529
            ],
            [
              35.22137,
              81.13901
            ],
            [
              35.37568,
              81.17252
            ],
            [
              35.15711,
              81.19621
            ],
            [
              35.31219,
              81.22975
            ],
            [
              35.09202,
              81.2534
            ],
            [
              35.24786,
              81.28697
            ],
            [
              35.02606,
              81.31058
            ],
            [
              35.18268,
              81.34418
            ],
            [
              34.95923,
              81.36776
            ],
            [
              35.11663,
              81.40139
            ],
            [
              34.8915,
              81.42493
            ],
            [
              35.04969,
              81.45859
            ],
            [
              34.82286,
              81.48209
            ],
            [
              34.98185,
              81.51578
            ],
            [
              34.52345,
              81.56257
            ],
            [
              34.68276,
              81.59639
            ],
            [
              34.45116,
              81.61968
            ],
            [
              34.61127,
              81.65352
            ],
            [
              34.37787,
              81.67677
            ],
            [
              34.53879,
              81.71065
            ],
            [
              33.58994,
              81.80264
            ],
            [
              33.75005,
              81.83684
            ],
            [
              33.02267,
              81.90462
            ],
            [
              33.1824,
              81.93905
            ],
            [
              32.68946,
              81.98371
            ],
            [
              32.84934,
              82.01827
            ],
            [
              32.34961,
              82.06253
            ],
            [
              32.50959,
              82.09722
            ],
            [
              32.25696,
              82.11922
            ],
            [
              32.41769,
              82.15395
            ],
            [
              32.16297,
              82.1759
            ],
            [
              32.48739,
              82.24538
            ],
            [
              32.22985,
              82.26737
            ],
            [
              32.39356,
              82.30212
            ],
            [
              32.13384,
              82.32405
            ],
            [
              32.29833,
              82.35884
            ],
            [
              32.0364,
              82.38071
            ],
            [
              32.36847,
              82.45031
            ],
            [
              32.10355,
              82.47223
            ],
            [
              32.27116,
              82.50703
            ],
            [
              32.00394,
              82.52889
            ],
            [
              32.17237,
              82.56374
            ],
            [
              31.63165,
              82.60718
            ],
            [
              31.8001,
              82.64217
            ],
            [
              31.52655,
              82.66374
            ],
            [
              31.6958,
              82.69877
            ],
            [
              31.41981,
              82.72028
            ],
            [
              31.58987,
              82.75536
            ],
            [
              31.31139,
              82.77681
            ],
            [
              31.48227,
              82.81192
            ],
            [
              31.20127,
              82.83331
            ],
            [
              31.54635,
              82.90356
            ],
            [
              31.26189,
              82.92498
            ],
            [
              31.43612,
              82.96013
            ],
            [
              31.14903,
              82.98148
            ],
            [
              31.32411,
              83.01667
            ],
            [
              30.74279,
              83.05906
            ],
            [
              30.91776,
              83.0944
            ],
            [
              30.62346,
              83.11544
            ],
            [
              30.79926,
              83.15082
            ],
            [
              30.50216,
              83.17178
            ],
            [
              30.67879,
              83.20721
            ],
            [
              30.37884,
              83.2281
            ],
            [
              30.55629,
              83.26358
            ],
            [
              30.25344,
              83.2844
            ],
            [
              30.43173,
              83.31992
            ],
            [
              30.12592,
              83.34066
            ],
            [
              30.30504,
              83.37623
            ],
            [
              29.99622,
              83.39689
            ],
            [
              30.17617,
              83.43251
            ],
            [
              29.86428,
              83.45309
            ],
            [
              30.04507,
              83.48876
            ],
            [
              29.41306,
              83.52956
            ],
            [
              29.59349,
              83.5654
            ],
            [
              29.27328,
              83.58561
            ],
            [
              29.45452,
              83.6215
            ],
            [
              29.13104,
              83.64163
            ],
            [
              29.31307,
              83.67757
            ],
            [
              28.98626,
              83.69761
            ],
            [
              29.16909,
              83.7336
            ],
            [
              28.50656,
              83.77329
            ],
            [
              28.68883,
              83.80945
            ],
            [
              28.35301,
              83.8291
            ],
            [
              28.53604,
              83.86531
            ],
            [
              28.19667,
              83.88486
            ],
            [
              28.56642,
              83.95734
            ],
            [
              28.22195,
              83.97691
            ],
            [
              28.40871,
              84.01317
            ],
            [
              28.0605,
              84.03264
            ],
            [
              28.24803,
              84.06896
            ],
            [
              27.89599,
              84.08833
            ],
            [
              28.08428,
              84.1247
            ],
            [
              27.72836,
              84.14397
            ],
            [
              27.9174,
              84.1804
            ],
            [
              27.5575,
              84.19956
            ],
            [
              27.74729,
              84.23605
            ],
            [
              27.01696,
              84.27392
            ]
          ]
        ]
      },
      "properties": {
        "filename": "ch2_sar_ndxl_20250630mpcpnpwest_d_cpr_xx_fp_xx_xxx.tif",
        "pole": "north"
      }
    },
    {
      "type": "Feature",
      "geometry": {
        "type": "Polygon",
        "coordinates": [
          [
            [
              -47.06429,
              84.14723
            ],
            [
              -45.33988,
              83.97615
            ],
            [
              -45.6142,
              83.94681
            ],
            [
              -44.78866,
              83.85974
            ],
            [
              -45.06041,
              83.83068
            ],
            [
              -44.25802,
              83.7428
            ],
            [
              -44.52716,
              83.71401
            ],
            [
              -43.74694,
              83.62535
            ],
            [
              -44.01343,
              83.59684
            ],
            [
              -43.25443,
              83.50744
            ],
            [
              -43.51824,
              83.47918
            ],
            [
              -43.02352,
              83.41923
            ],
            [
              -43.2848,
              83.39109
            ],
            [
              -42.55901,
              83.30066
            ],
            [
              -42.81762,
              83.27277
            ],
            [
              -42.11072,
              83.18168
            ],
            [
              -42.36665,
              83.15404
            ],
            [
              -41.90542,
              83.093
            ],
            [
              -42.15889,
              83.06547
            ],
            [
              -41.48155,
              82.97346
            ],
            [
              -41.73236,
              82.94616
            ],
            [
              -41.07191,
              82.85357
            ],
            [
              -41.32009,
              82.8265
            ],
            [
              -40.88874,
              82.7645
            ],
            [
              -41.13455,
              82.73752
            ],
            [
              -40.50049,
              82.64413
            ],
            [
              -40.7437,
              82.61737
            ],
            [
              -40.32936,
              82.55485
            ],
            [
              -40.57026,
              82.52819
            ],
            [
              -39.76108,
              82.40247
            ],
            [
              -39.99914,
              82.37613
            ],
            [
              -39.60396,
              82.31295
            ],
            [
              -39.8398,
              82.28669
            ],
            [
              -39.2582,
              82.19158
            ],
            [
              -39.49153,
              82.16552
            ],
            [
              -39.11101,
              82.1019
            ],
            [
              -39.34218,
              82.07593
            ],
            [
              -38.78187,
              81.98018
            ],
            [
              -39.0106,
              81.95439
            ],
            [
              -38.46262,
              81.85822
            ],
            [
              -38.68893,
              81.83261
            ],
            [
              -38.33012,
              81.7683
            ],
            [
              -38.55437,
              81.74278
            ],
            [
              -38.02562,
              81.64603
            ],
            [
              -38.24752,
              81.62068
            ],
            [
              -37.56007,
              81.49102
            ],
            [
              -37.7793,
              81.46594
            ],
            [
              -37.44273,
              81.40086
            ],
            [
              -37.66001,
              81.37585
            ],
            [
              -37.4933,
              81.3433
            ],
            [
              -37.70898,
              81.31827
            ],
            [
              -37.21532,
              81.22048
            ],
            [
              -37.42878,
              81.19561
            ],
            [
              -36.94506,
              81.09748
            ],
            [
              -37.15631,
              81.07276
            ],
            [
              -36.83907,
              81.00719
            ],
            [
              -37.0485,
              80.98254
            ],
            [
              -36.58026,
              80.88395
            ],
            [
              -36.78755,
              80.85946
            ],
            [
              -36.48034,
              80.79359
            ],
            [
              -36.68586,
              80.76915
            ],
            [
              -36.38236,
              80.70321
            ],
            [
              -36.58614,
              80.67883
            ],
            [
              -35.99065,
              80.54655
            ],
            [
              -36.19205,
              80.5224
            ],
            [
              -35.75533,
              80.42281
            ],
            [
              -35.95472,
              80.39881
            ],
            [
              -35.52605,
              80.29895
            ],
            [
              -35.72345,
              80.27508
            ],
            [
              -35.30257,
              80.17495
            ],
            [
              -35.49802,
              80.15122
            ],
            [
              -35.22154,
              80.08435
            ],
            [
              -35.4154,
              80.06067
            ],
            [
              -35.00665,
              79.96019
            ],
            [
              -35.19861,
              79.93664
            ],
            [
              -34.79704,
              79.83593
            ],
            [
              -34.4142,
              79.88244
            ],
            [
              -34.28279,
              79.8486
            ],
            [
              -34.0904,
              79.87161
            ],
            [
              -34.22146,
              79.90552
            ],
            [
              -34.02783,
              79.9285
            ],
            [
              -34.42532,
              80.03017
            ],
            [
              -34.22973,
              80.05326
            ],
            [
              -34.49856,
              80.12095
            ],
            [
              -34.30133,
              80.14409
            ],
            [
              -34.84881,
              80.27914
            ],
            [
              -34.64918,
              80.30249
            ],
            [
              -35.06882,
              80.40345
            ],
            [
              -34.86713,
              80.42694
            ],
            [
              -35.29464,
              80.52764
            ],
            [
              -35.09085,
              80.55127
            ],
            [
              -35.52648,
              80.65171
            ],
            [
              -35.32056,
              80.67547
            ],
            [
              -35.6155,
              80.74231
            ],
            [
              -35.40778,
              80.76612
            ],
            [
              -35.70629,
              80.83289
            ],
            [
              -35.49674,
              80.85677
            ],
            [
              -35.95166,
              80.95673
            ],
            [
              -35.73987,
              80.98075
            ],
            [
              -36.519,
              81.14654
            ],
            [
              -36.3042,
              81.1709
            ],
            [
              -36.46318,
              81.20395
            ],
            [
              -36.24681,
              81.22827
            ],
            [
              -36.56765,
              81.29437
            ],
            [
              -36.34931,
              81.31875
            ],
            [
              -36.67433,
              81.38477
            ],
            [
              -36.45399,
              81.40922
            ],
            [
              -36.78327,
              81.47515
            ],
            [
              -36.56089,
              81.49966
            ],
            [
              -36.89456,
              81.56551
            ],
            [
              -36.67011,
              81.59009
            ],
            [
              -37.00827,
              81.65585
            ],
            [
              -36.78171,
              81.6805
            ],
            [
              -37.29792,
              81.77889
            ],
            [
              -37.06882,
              81.80371
            ],
            [
              -37.7751,
              81.93426
            ],
            [
              -37.54304,
              81.95935
            ],
            [
              -37.90408,
              82.02437
            ],
            [
              -37.66979,
              82.04954
            ],
            [
              -38.03601,
              82.11445
            ],
            [
              -37.79945,
              82.13969
            ],
            [
              -38.35911,
              82.23678
            ],
            [
              -38.11986,
              82.26221
            ],
            [
              -38.50007,
              82.32674
            ],
            [
              -38.25846,
              82.35224
            ],
            [
              -38.8398,
              82.44873
            ],
            [
              -38.59542,
              82.47443
            ],
            [
              -39.19071,
              82.57046
            ],
            [
              -38.94353,
              82.59636
            ],
            [
              -39.3483,
              82.66017
            ],
            [
              -39.09863,
              82.68616
            ],
            [
              -39.7181,
              82.78151
            ],
            [
              -39.46555,
              82.80771
            ],
            [
              -39.88701,
              82.87104
            ],
            [
              -39.63189,
              82.89734
            ],
            [
              -40.49631,
              83.02331
            ],
            [
              -40.23791,
              83.04994
            ],
            [
              -40.68129,
              83.11256
            ],
            [
              -40.42024,
              83.1393
            ],
            [
              -41.09971,
              83.23282
            ],
            [
              -40.83565,
              83.25979
            ],
            [
              -41.29858,
              83.32186
            ],
            [
              -41.03179,
              83.34893
            ],
            [
              -41.74168,
              83.44159
            ],
            [
              -41.47183,
              83.4689
            ],
            [
              -42.20128,
              83.56093
            ],
            [
              -41.92836,
              83.58849
            ],
            [
              -42.67824,
              83.67986
            ],
            [
              -42.40225,
              83.70768
            ],
            [
              -42.91391,
              83.76825
            ],
            [
              -42.63505,
              83.79619
            ],
            [
              -43.42091,
              83.88651
            ],
            [
              -43.13895,
              83.91472
            ],
            [
              -44.50072,
              84.06333
            ],
            [
              -44.21551,
              84.09211
            ],
            [
              -45.64653,
              84.23795
            ],
            [
              -46.21397,
              84.1788
            ],
            [
              -46.50866,
              84.20723
            ],
            [
              -47.06429,
              84.14723
            ]
          ]
        ]
      },
      "properties": {
        "filename": "ch2_sar_ndxl_20250630mpcpnpwest_d_cpr_xx_fp_xx_xxx.tif",
        "pole": "north"
      }
    },
    {
      "type": "Feature",
      "geometry": {
        "type": "Polygon",
        "coordinates": [
          [
            [
              20.77873,
              84.41127
            ],
            [
              20.62966,
              84.37273
            ],
            [
              20.23571,
              84.3871
            ],
            [
              20.09099,
              84.34842
            ],
            [
              19.69741,
              84.36243
            ],
            [
              19.557,
              84.32362
            ],
            [
              19.94825,
              84.30971
            ],
            [
              19.80743,
              84.27096
            ],
            [
              20.19447,
              84.25688
            ],
            [
              20.05329,
              84.2182
            ],
            [
              20.43619,
              84.20395
            ],
            [
              20.15506,
              84.12668
            ],
            [
              20.53175,
              84.11237
            ],
            [
              20.2537,
              84.03514
            ],
            [
              20.62437,
              84.02077
            ],
            [
              20.21446,
              83.90497
            ],
            [
              20.57731,
              83.89062
            ],
            [
              20.44215,
              83.85205
            ],
            [
              20.80134,
              83.83755
            ],
            [
              20.53222,
              83.76049
            ],
            [
              20.88593,
              83.74594
            ],
            [
              20.75199,
              83.70745
            ],
            [
              21.1022,
              83.69275
            ],
            [
              20.96807,
              83.65432
            ],
            [
              21.31485,
              83.63948
            ],
            [
              21.18056,
              83.6011
            ],
            [
              21.52396,
              83.58612
            ],
            [
              21.25669,
              83.50945
            ],
            [
              21.93186,
              83.47917
            ],
            [
              21.79725,
              83.44096
            ],
            [
              22.13083,
              83.42557
            ],
            [
              21.99615,
              83.38742
            ],
            [
              22.32656,
              83.37191
            ],
            [
              22.19185,
              83.33381
            ],
            [
              22.51914,
              83.31816
            ],
            [
              22.38442,
              83.28012
            ],
            [
              22.70864,
              83.26435
            ],
            [
              22.57393,
              83.22636
            ],
            [
              22.89513,
              83.21047
            ],
            [
              22.76044,
              83.17254
            ],
            [
              23.07867,
              83.15652
            ],
            [
              22.94403,
              83.11864
            ],
            [
              23.57316,
              83.08616
            ],
            [
              23.30267,
              83.01065
            ],
            [
              23.61227,
              82.99428
            ],
            [
              23.47786,
              82.95656
            ],
            [
              23.78467,
              82.94008
            ],
            [
              23.65037,
              82.90241
            ],
            [
              23.95444,
              82.88582
            ],
            [
              23.82026,
              82.8482
            ],
            [
              24.12162,
              82.8315
            ],
            [
              23.98758,
              82.79393
            ],
            [
              24.28628,
              82.77712
            ],
            [
              24.1524,
              82.7396
            ],
            [
              24.44848,
              82.72268
            ],
            [
              24.31476,
              82.68522
            ],
            [
              24.60826,
              82.6682
            ],
            [
              24.47471,
              82.63078
            ],
            [
              24.76567,
              82.61366
            ],
            [
              24.63232,
              82.57629
            ],
            [
              24.92077,
              82.55907
            ],
            [
              24.78761,
              82.52175
            ],
            [
              25.35826,
              82.48692
            ],
            [
              25.22421,
              82.44973
            ],
            [
              25.50645,
              82.43213
            ],
            [
              25.37265,
              82.395
            ],
            [
              25.65251,
              82.3773
            ],
            [
              25.51896,
              82.34021
            ],
            [
              25.79648,
              82.32242
            ],
            [
              25.53117,
              82.2483
            ],
            [
              25.80537,
              82.23051
            ],
            [
              25.67361,
              82.19347
            ],
            [
              25.94555,
              82.17559
            ],
            [
              25.81405,
              82.1386
            ],
            [
              26.08377,
              82.12063
            ],
            [
              25.95254,
              82.08368
            ],
            [
              26.22007,
              82.06562
            ],
            [
              26.08911,
              82.02873
            ],
            [
              26.35449,
              82.01058
            ],
            [
              26.22381,
              81.97373
            ],
            [
              26.48706,
              81.9555
            ],
            [
              26.35667,
              81.91869
            ],
            [
              26.61782,
              81.90038
            ],
            [
              26.3588,
              81.82681
            ],
            [
              26.617,
              81.8085
            ],
            [
              26.48837,
              81.77174
            ],
            [
              26.74455,
              81.75335
            ],
            [
              26.61621,
              81.71663
            ],
            [
              27.12345,
              81.67952
            ],
            [
              26.99458,
              81.64294
            ],
            [
              27.24568,
              81.62422
            ],
            [
              27.11712,
              81.58768
            ],
            [
              27.3663,
              81.56889
            ],
            [
              27.23806,
              81.53238
            ],
            [
              27.48534,
              81.51352
            ],
            [
              27.2306,
              81.44056
            ],
            [
              27.47524,
              81.4217
            ],
            [
              27.2233,
              81.34874
            ],
            [
              27.46536,
              81.32989
            ],
            [
              27.21616,
              81.25693
            ],
            [
              27.45568,
              81.23809
            ],
            [
              27.33191,
              81.20164
            ],
            [
              27.56967,
              81.18272
            ],
            [
              27.44621,
              81.14631
            ],
            [
              27.68224,
              81.12732
            ],
            [
              27.43693,
              81.05453
            ],
            [
              27.90318,
              81.01644
            ],
            [
              27.78065,
              80.98014
            ],
            [
              28.24158,
              80.94161
            ],
            [
              28.11871,
              80.90543
            ],
            [
              28.34705,
              80.88603
            ],
            [
              28.10293,
              80.81371
            ],
            [
              28.32902,
              80.79433
            ],
            [
              28.20777,
              80.75818
            ],
            [
              28.43227,
              80.73873
            ],
            [
              28.31135,
              80.70263
            ],
            [
              28.53429,
              80.68311
            ],
            [
              28.41369,
              80.64705
            ],
            [
              28.63509,
              80.62747
            ],
            [
              28.51482,
              80.59144
            ],
            [
              28.73469,
              80.5718
            ],
            [
              28.61475,
              80.53581
            ],
            [
              28.83312,
              80.51611
            ],
            [
              28.71351,
              80.48016
            ],
            [
              28.93039,
              80.4604
            ],
            [
              28.81112,
              80.42448
            ],
            [
              29.24106,
              80.38471
            ],
            [
              29.12156,
              80.3489
            ],
            [
              29.33464,
              80.32889
            ],
            [
              29.09721,
              80.25731
            ],
            [
              29.30833,
              80.23732
            ],
            [
              29.19039,
              80.20154
            ],
            [
              29.40012,
              80.1815
            ],
            [
              29.28251,
              80.14576
            ],
            [
              29.49086,
              80.12566
            ],
            [
              29.3736,
              80.08995
            ],
            [
              29.58058,
              80.0698
            ],
            [
              29.69836,
              80.10543
            ],
            [
              29.905,
              80.08507
            ],
            [
              30.14412,
              80.15606
            ],
            [
              29.93648,
              80.17657
            ],
            [
              30.05685,
              80.21208
            ],
            [
              29.84782,
              80.23254
            ],
            [
              29.96856,
              80.26808
            ],
            [
              29.75814,
              80.28848
            ],
            [
              29.87925,
              80.32406
            ],
            [
              29.66741,
              80.34441
            ],
            [
              29.78889,
              80.38002
            ],
            [
              29.57562,
              80.40032
            ],
            [
              30.19411,
              80.57815
            ],
            [
              29.9772,
              80.5987
            ],
            [
              30.10318,
              80.63421
            ],
            [
              29.00153,
              80.73532
            ],
            [
              29.12559,
              80.77119
            ],
            [
              28.90177,
              80.79108
            ],
            [
              29.02619,
              80.82698
            ],
            [
              28.80079,
              80.84681
            ],
            [
              28.92558,
              80.88275
            ],
            [
              28.69857,
              80.90251
            ],
            [
              28.94987,
              80.97444
            ],
            [
              28.72059,
              80.99422
            ],
            [
              28.84712,
              81.0302
            ],
            [
              28.61618,
              81.04991
            ],
            [
              28.871,
              81.1219
            ],
            [
              28.63772,
              81.14164
            ],
            [
              28.76603,
              81.17765
            ],
            [
              28.53102,
              81.19732
            ],
            [
              28.65971,
              81.23338
            ],
            [
              28.42296,
              81.25298
            ],
            [
              28.55202,
              81.28907
            ],
            [
              28.31351,
              81.30861
            ],
            [
              28.44295,
              81.34474
            ],
            [
              28.20265,
              81.36421
            ],
            [
              28.46337,
              81.43651
            ],
            [
              28.22052,
              81.45599
            ],
            [
              28.35182,
              81.49217
            ],
            [
              28.10712,
              81.51158
            ],
            [
              28.23879,
              81.54779
            ],
            [
              27.99221,
              81.56713
            ],
            [
              28.12426,
              81.60339
            ],
            [
              27.87577,
              81.62266
            ],
            [
              28.0082,
              81.65895
            ],
            [
              27.75778,
              81.67815
            ],
            [
              27.89057,
              81.71449
            ],
            [
              27.63819,
              81.73361
            ],
            [
              27.77135,
              81.76999
            ],
            [
              27.51699,
              81.78904
            ],
            [
              27.78524,
              81.86184
            ],
            [
              27.52802,
              81.8809
            ],
            [
              27.66312,
              81.91733
            ],
            [
              27.40383,
              81.93631
            ],
            [
              27.5393,
              81.97278
            ],
            [
              27.27792,
              81.99168
            ],
            [
              27.41376,
              82.02819
            ],
            [
              27.15025,
              82.04702
            ],
            [
              27.28645,
              82.08357
            ],
            [
              27.02079,
              82.10232
            ],
            [
              27.29518,
              82.17547
            ],
            [
              27.0264,
              82.19422
            ],
            [
              27.1646,
              82.23082
            ],
            [
              26.89359,
              82.24949
            ],
            [
              27.03215,
              82.28614
            ],
            [
              26.48425,
              82.32313
            ],
            [
              26.62218,
              82.35992
            ],
            [
              26.34524,
              82.37824
            ],
            [
              26.4835,
              82.41507
            ],
            [
              26.20421,
              82.4333
            ],
            [
              26.34279,
              82.47018
            ],
            [
              26.0611,
              82.48832
            ],
            [
              26.19999,
              82.52525
            ],
            [
              25.63037,
              82.56117
            ],
            [
              25.90799,
              82.63525
            ],
            [
              25.61889,
              82.65311
            ],
            [
              25.75868,
              82.69018
            ],
            [
              25.46703,
              82.70795
            ],
            [
              25.60711,
              82.74507
            ],
            [
              25.31287,
              82.76274
            ],
            [
              25.45322,
              82.79991
            ],
            [
              25.15636,
              82.81748
            ],
            [
              25.29696,
              82.8547
            ],
            [
              24.99743,
              82.87217
            ],
            [
              25.13829,
              82.90944
            ],
            [
              24.83604,
              82.9268
            ],
            [
              25.11975,
              83.0014
            ],
            [
              24.81346,
              83.01876
            ],
            [
              24.95631,
              83.05609
            ],
            [
              24.64719,
              83.07334
            ],
            [
              24.79027,
              83.11072
            ],
            [
              24.47828,
              83.12786
            ],
            [
              24.62158,
              83.1653
            ],
            [
              24.30666,
              83.18233
            ],
            [
              24.45016,
              83.21982
            ],
            [
              23.81278,
              83.25344
            ],
            [
              23.95504,
              83.29108
            ],
            [
              23.63252,
              83.30767
            ],
            [
              23.77492,
              83.34536
            ],
            [
              23.44931,
              83.36184
            ],
            [
              23.59183,
              83.39959
            ],
            [
              23.26308,
              83.41594
            ],
            [
              23.4057,
              83.45374
            ],
            [
              22.74016,
              83.48598
            ],
            [
              22.88127,
              83.52393
            ],
            [
              22.5444,
              83.53982
            ],
            [
              22.68554,
              83.57783
            ],
            [
              22.34536,
              83.59358
            ],
            [
              22.48649,
              83.63164
            ],
            [
              22.14294,
              83.64727
            ],
            [
              22.42688,
              83.72347
            ],
            [
              22.07813,
              83.73905
            ],
            [
              22.22093,
              83.7772
            ],
            [
              21.86864,
              83.79264
            ],
            [
              22.01139,
              83.83084
            ],
            [
              21.6555,
              83.84615
            ],
            [
              22.38715,
              84.03707
            ],
            [
              22.01986,
              84.05262
            ],
            [
              22.32186,
              84.12892
            ],
            [
              21.94863,
              84.14443
            ],
            [
              22.25449,
              84.22077
            ],
            [
              21.87512,
              84.23623
            ],
            [
              22.029,
              84.27445
            ],
            [
              21.64545,
              84.28976
            ],
            [
              21.79923,
              84.32804
            ],
            [
              21.41144,
              84.34319
            ],
            [
              21.56508,
              84.38154
            ],
            [
              20.77873,
              84.41127
            ]
          ]
        ]
      },
      "properties": {
        "filename": "ch2_sar_ndxl_20250630mpcpnpwest_d_cpr_xx_fp_xx_xxx.tif",
        "pole": "north"
      }
    },
    {
      "type": "Feature",
      "geometry": {
        "type": "Polygon",
        "coordinates": [
          [
            [
              17.70077,
              84.42844
            ],
            [
              17.57263,
              84.38917
            ],
            [
              17.17031,
              84.40146
            ],
            [
              17.04649,
              84.36208
            ],
            [
              16.64499,
              84.37401
            ],
            [
              16.29127,
              84.25547
            ],
            [
              16.68523,
              84.24379
            ],
            [
              16.56809,
              84.20431
            ],
            [
              16.95801,
              84.19244
            ],
            [
              16.84006,
              84.15302
            ],
            [
              17.22599,
              84.14097
            ],
            [
              17.10727,
              84.10161
            ],
            [
              17.48929,
              84.08937
            ],
            [
              17.25201,
              84.01074
            ],
            [
              17.62792,
              83.9984
            ],
            [
              17.3924,
              83.91984
            ],
            [
              17.76241,
              83.90741
            ],
            [
              17.52865,
              83.82892
            ],
            [
              17.89294,
              83.8164
            ],
            [
              17.77621,
              83.77719
            ],
            [
              18.49622,
              83.75158
            ],
            [
              18.37693,
              83.71251
            ],
            [
              18.73273,
              83.69942
            ],
            [
              18.49467,
              83.62137
            ],
            [
              18.84513,
              83.6082
            ],
            [
              18.60908,
              83.53021
            ],
            [
              18.95437,
              83.51697
            ],
            [
              18.7203,
              83.43904
            ],
            [
              19.06057,
              83.42572
            ],
            [
              18.94383,
              83.38679
            ],
            [
              19.28095,
              83.37333
            ],
            [
              19.04811,
              83.29556
            ],
            [
              19.38043,
              83.28203
            ],
            [
              19.26434,
              83.24318
            ],
            [
              19.59364,
              83.2295
            ],
            [
              19.36214,
              83.1519
            ],
            [
              19.68686,
              83.13815
            ],
            [
              19.57146,
              83.09939
            ],
            [
              19.89329,
              83.08551
            ],
            [
              19.77762,
              83.0468
            ],
            [
              20.09659,
              83.03277
            ],
            [
              19.98066,
              82.99412
            ],
            [
              20.29682,
              82.97996
            ],
            [
              20.18067,
              82.94135
            ],
            [
              20.49405,
              82.92706
            ],
            [
              20.3777,
              82.88851
            ],
            [
              20.68835,
              82.87409
            ],
            [
              20.57181,
              82.83558
            ],
            [
              20.87977,
              82.82103
            ],
            [
              20.76306,
              82.78258
            ],
            [
              21.06837,
              82.76791
            ],
            [
              20.95152,
              82.7295
            ],
            [
              21.25422,
              82.7147
            ],
            [
              21.13724,
              82.67635
            ],
            [
              21.43735,
              82.66143
            ],
            [
              21.32027,
              82.62312
            ],
            [
              21.61784,
              82.60808
            ],
            [
              21.38469,
              82.53155
            ],
            [
              22.26249,
              82.48572
            ],
            [
              22.14395,
              82.44764
            ],
            [
              22.43293,
              82.43205
            ],
            [
              22.31437,
              82.39403
            ],
            [
              22.60095,
              82.37833
            ],
            [
              22.48239,
              82.34035
            ],
            [
              22.76662,
              82.32455
            ],
            [
              22.53068,
              82.24865
            ],
            [
              22.81144,
              82.23282
            ],
            [
              22.57784,
              82.15696
            ],
            [
              22.85522,
              82.1411
            ],
            [
              22.739,
              82.1032
            ],
            [
              23.01417,
              82.08723
            ],
            [
              22.89798,
              82.04938
            ],
            [
              23.17096,
              82.03331
            ],
            [
              23.05481,
              81.99551
            ],
            [
              23.32563,
              81.97934
            ],
            [
              23.20954,
              81.94158
            ],
            [
              23.47823,
              81.92531
            ],
            [
              23.3622,
              81.88759
            ],
            [
              23.62879,
              81.87122
            ],
            [
              23.39795,
              81.79586
            ],
            [
              23.66149,
              81.77947
            ],
            [
              23.54668,
              81.74181
            ],
            [
              23.80818,
              81.72533
            ],
            [
              23.4671,
              81.61241
            ],
            [
              23.98134,
              81.57938
            ],
            [
              23.86782,
              81.54183
            ],
            [
              24.12251,
              81.52514
            ],
            [
              24.00909,
              81.48763
            ],
            [
              24.26187,
              81.47085
            ],
            [
              24.14857,
              81.43339
            ],
            [
              24.39947,
              81.41651
            ],
            [
              24.17408,
              81.34164
            ],
            [
              24.42226,
              81.32476
            ],
            [
              24.31017,
              81.28735
            ],
            [
              24.55654,
              81.27038
            ],
            [
              24.44458,
              81.23301
            ],
            [
              24.68915,
              81.21595
            ],
            [
              24.57732,
              81.17863
            ],
            [
              24.82012,
              81.16149
            ],
            [
              24.70843,
              81.12421
            ],
            [
              24.94948,
              81.10698
            ],
            [
              24.83793,
              81.06974
            ],
            [
              25.07726,
              81.05243
            ],
            [
              24.96585,
              81.01523
            ],
            [
              25.20348,
              80.99784
            ],
            [
              25.09223,
              80.96069
            ],
            [
              25.32818,
              80.94322
            ],
            [
              25.10689,
              80.86895
            ],
            [
              25.34044,
              80.85148
            ],
            [
              25.23041,
              80.81437
            ],
            [
              25.46232,
              80.79682
            ],
            [
              25.35245,
              80.75975
            ],
            [
              25.58276,
              80.74212
            ],
            [
              25.47306,
              80.70509
            ],
            [
              25.92962,
              80.66953
            ],
            [
              25.8194,
              80.63261
            ],
            [
              26.94209,
              80.54154
            ],
            [
              26.82942,
              80.50495
            ],
            [
              27.0507,
              80.48638
            ],
            [
              26.6061,
              80.33998
            ],
            [
              26.82402,
              80.32156
            ],
            [
              26.71436,
              80.28494
            ],
            [
              26.93083,
              80.26646
            ],
            [
              26.82139,
              80.22988
            ],
            [
              27.03644,
              80.21132
            ],
            [
              26.92722,
              80.17479
            ],
            [
              27.14086,
              80.15617
            ],
            [
              27.03186,
              80.11966
            ],
            [
              27.2441,
              80.10098
            ],
            [
              27.35368,
              80.13741
            ],
            [
              27.56569,
              80.11852
            ],
            [
              27.67665,
              80.15485
            ],
            [
              27.88841,
              80.13575
            ],
            [
              28.11396,
              80.20816
            ],
            [
              27.90107,
              80.22739
            ],
            [
              28.01453,
              80.26361
            ],
            [
              27.80022,
              80.28279
            ],
            [
              27.91396,
              80.31905
            ],
            [
              27.69822,
              80.33816
            ],
            [
              27.81223,
              80.37446
            ],
            [
              27.59503,
              80.39351
            ],
            [
              27.82447,
              80.46613
            ],
            [
              27.6052,
              80.48519
            ],
            [
              27.72063,
              80.52153
            ],
            [
              27.49985,
              80.54052
            ],
            [
              27.61556,
              80.57689
            ],
            [
              26.94599,
              80.63326
            ],
            [
              27.06068,
              80.66982
            ],
            [
              26.6085,
              80.70683
            ],
            [
              26.72276,
              80.7435
            ],
            [
              26.26561,
              80.78008
            ],
            [
              26.37941,
              80.81686
            ],
            [
              26.14877,
              80.83501
            ],
            [
              26.26278,
              80.87183
            ],
            [
              26.03051,
              80.8899
            ],
            [
              26.14474,
              80.92677
            ],
            [
              25.91082,
              80.94476
            ],
            [
              26.02525,
              80.98167
            ],
            [
              25.78966,
              80.99959
            ],
            [
              26.01988,
              81.07344
            ],
            [
              25.78184,
              81.09136
            ],
            [
              25.89763,
              81.12831
            ],
            [
              25.65787,
              81.14615
            ],
            [
              25.89083,
              81.2201
            ],
            [
              25.64853,
              81.23794
            ],
            [
              25.88389,
              81.3119
            ],
            [
              25.639,
              81.32974
            ],
            [
              25.75738,
              81.36674
            ],
            [
              25.51067,
              81.3845
            ],
            [
              25.62926,
              81.42155
            ],
            [
              25.38069,
              81.43922
            ],
            [
              25.6193,
              81.51337
            ],
            [
              25.36801,
              81.53103
            ],
            [
              25.48804,
              81.56813
            ],
            [
              25.23483,
              81.58571
            ],
            [
              25.35506,
              81.62286
            ],
            [
              25.0999,
              81.64035
            ],
            [
              25.22031,
              81.67754
            ],
            [
              24.96319,
              81.69495
            ],
            [
              25.08379,
              81.73218
            ],
            [
              24.82467,
              81.7495
            ],
            [
              24.94544,
              81.78678
            ],
            [
              24.6843,
              81.80401
            ],
            [
              24.80523,
              81.84133
            ],
            [
              24.54204,
              81.85847
            ],
            [
              24.78534,
              81.93317
            ],
            [
              24.5191,
              81.9503
            ],
            [
              24.64147,
              81.98767
            ],
            [
              24.3731,
              82.00471
            ],
            [
              24.49562,
              82.04213
            ],
            [
              24.22509,
              82.05907
            ],
            [
              24.34776,
              82.09654
            ],
            [
              24.07504,
              82.11339
            ],
            [
              24.19784,
              82.1509
            ],
            [
              23.9229,
              82.16765
            ],
            [
              24.04583,
              82.20521
            ],
            [
              23.76864,
              82.22186
            ],
            [
              23.89167,
              82.25947
            ],
            [
              23.6122,
              82.27601
            ],
            [
              23.73534,
              82.31367
            ],
            [
              23.45355,
              82.33012
            ],
            [
              23.57678,
              82.36782
            ],
            [
              23.29263,
              82.38416
            ],
            [
              23.41594,
              82.42192
            ],
            [
              23.12942,
              82.43815
            ],
            [
              23.25279,
              82.47595
            ],
            [
              22.96385,
              82.49208
            ],
            [
              23.08727,
              82.52993
            ],
            [
              22.79587,
              82.54595
            ],
            [
              23.04408,
              82.62172
            ],
            [
              22.74894,
              82.63771
            ],
            [
              22.87371,
              82.67563
            ],
            [
              22.57603,
              82.6915
            ],
            [
              22.70082,
              82.72947
            ],
            [
              22.40054,
              82.74523
            ],
            [
              22.52534,
              82.78325
            ],
            [
              22.22243,
              82.7989
            ],
            [
              22.34722,
              82.83697
            ],
            [
              22.04164,
              82.8525
            ],
            [
              22.1664,
              82.89062
            ],
            [
              21.85812,
              82.90603
            ],
            [
              21.98283,
              82.9442
            ],
            [
              21.67179,
              82.95948
            ],
            [
              21.79645,
              82.99771
            ],
            [
              21.48261,
              83.01287
            ],
            [
              21.60718,
              83.05115
            ],
            [
              21.29052,
              83.06618
            ],
            [
              21.41498,
              83.10451
            ],
            [
              21.09544,
              83.11942
            ],
            [
              21.21978,
              83.1578
            ],
            [
              20.89731,
              83.17258
            ],
            [
              21.0215,
              83.21101
            ],
            [
              20.69607,
              83.22565
            ],
            [
              20.82009,
              83.26414
            ],
            [
              20.49164,
              83.27865
            ],
            [
              20.61547,
              83.31719
            ],
            [
              20.28397,
              83.33156
            ],
            [
              20.53263,
              83.40873
            ],
            [
              20.19632,
              83.42304
            ],
            [
              20.32115,
              83.46166
            ],
            [
              19.98164,
              83.47584
            ],
            [
              20.23226,
              83.55316
            ],
            [
              19.88772,
              83.56727
            ],
            [
              20.01349,
              83.60598
            ],
            [
              19.66562,
              83.61994
            ],
            [
              19.79108,
              83.6587
            ],
            [
              19.43982,
              83.67251
            ],
            [
              19.69161,
              83.75011
            ],
            [
              19.33497,
              83.76386
            ],
            [
              19.58919,
              83.84152
            ],
            [
              19.227,
              83.85519
            ],
            [
              19.48367,
              83.93291
            ],
            [
              19.11577,
              83.94651
            ],
            [
              19.2445,
              83.98542
            ],
            [
              18.87284,
              83.99886
            ],
            [
              19.26278,
              84.11566
            ],
            [
              18.8829,
              84.12911
            ],
            [
              19.01412,
              84.16807
            ],
            [
              18.63024,
              84.18135
            ],
            [
              18.76094,
              84.22037
            ],
            [
              18.373,
              84.23348
            ],
            [
              18.50314,
              84.27257
            ],
            [
              18.11107,
              84.2855
            ],
            [
              18.37191,
              84.36376
            ],
            [
              17.97318,
              84.3766
            ],
            [
              18.10384,
              84.41578
            ],
            [
              17.70077,
              84.42844
            ]
          ]
        ]
      },
      "properties": {
        "filename": "ch2_sar_ndxl_20250630mpcpnpwest_d_cpr_xx_fp_xx_xxx.tif",
        "pole": "north"
      }
    },
    {
      "type": "Feature",
      "geometry": {
        "type": "Polygon",
        "coordinates": [
          [
            [
              -43.06573,
              84.14752
            ],
            [
              -41.20246,
              83.93366
            ],
            [
              -41.49415,
              83.90647
            ],
            [
              -40.48642,
              83.78212
            ],
            [
              -40.77412,
              83.75532
            ],
            [
              -40.04337,
              83.66125
            ],
            [
              -40.32746,
              83.63471
            ],
            [
              -39.61696,
              83.54004
            ],
            [
              -39.89748,
              83.51373
            ],
            [
              -38.7566,
              83.3545
            ],
            [
              -39.03268,
              83.32867
            ],
            [
              -38.15699,
              83.19998
            ],
            [
              -38.42907,
              83.1745
            ],
            [
              -37.7924,
              83.07735
            ],
            [
              -38.06101,
              83.05208
            ],
            [
              -37.23754,
              82.92175
            ],
            [
              -37.50222,
              82.8968
            ],
            [
              -36.90282,
              82.79849
            ],
            [
              -37.16413,
              82.77373
            ],
            [
              -36.5794,
              82.675
            ],
            [
              -36.83741,
              82.65043
            ],
            [
              -36.07991,
              82.5181
            ],
            [
              -36.33414,
              82.49383
            ],
            [
              -35.60102,
              82.36069
            ],
            [
              -35.85153,
              82.3367
            ],
            [
              -35.31674,
              82.23638
            ],
            [
              -35.56412,
              82.21256
            ],
            [
              -34.87021,
              82.07822
            ],
            [
              -35.11398,
              82.05466
            ],
            [
              -34.44123,
              81.91962
            ],
            [
              -34.68146,
              81.89633
            ],
            [
              -34.51626,
              81.8625
            ],
            [
              -34.7546,
              81.83916
            ],
            [
              -34.42725,
              81.7715
            ],
            [
              -34.6632,
              81.74822
            ],
            [
              -34.18067,
              81.64654
            ],
            [
              -34.41378,
              81.62341
            ],
            [
              -34.25503,
              81.58948
            ],
            [
              -34.48635,
              81.56631
            ],
            [
              -32.96219,
              81.22468
            ],
            [
              -33.18725,
              81.20229
            ],
            [
              -32.75153,
              81.09895
            ],
            [
              -32.97393,
              81.07669
            ],
            [
              -32.54676,
              80.97313
            ],
            [
              -32.76657,
              80.951
            ],
            [
              -32.21012,
              80.81252
            ],
            [
              -32.42689,
              80.79059
            ],
            [
              -31.8851,
              80.65164
            ],
            [
              -32.0989,
              80.62992
            ],
            [
              -31.70162,
              80.52543
            ],
            [
              -31.91298,
              80.50383
            ],
            [
              -31.52298,
              80.39915
            ],
            [
              -31.73196,
              80.37766
            ],
            [
              -31.349,
              80.2728
            ],
            [
              -31.55565,
              80.25143
            ],
            [
              -31.42936,
              80.21646
            ],
            [
              -31.63464,
              80.19503
            ],
            [
              -31.38386,
              80.12512
            ],
            [
              -31.58733,
              80.10373
            ],
            [
              -30.97351,
              79.92856
            ],
            [
              -31.17386,
              79.90743
            ],
            [
              -31.05322,
              79.87234
            ],
            [
              -30.85331,
              79.8934
            ],
            [
              -30.73395,
              79.8582
            ],
            [
              -30.33254,
              79.8998
            ],
            [
              -29.98217,
              79.7935
            ],
            [
              -29.37813,
              79.85432
            ],
            [
              -29.49267,
              79.89002
            ],
            [
              -29.28922,
              79.91011
            ],
            [
              -29.06194,
              79.83855
            ],
            [
              -28.85867,
              79.85837
            ],
            [
              -28.74674,
              79.82246
            ],
            [
              -27.72108,
              79.91932
            ],
            [
              -27.61255,
              79.88302
            ],
            [
              -27.19787,
              79.92072
            ],
            [
              -26.88022,
              79.81121
            ],
            [
              -26.04839,
              79.8842
            ],
            [
              -26.25483,
              79.95778
            ],
            [
              -26.04382,
              79.97583
            ],
            [
              -26.57049,
              80.15958
            ],
            [
              -26.3557,
              80.17783
            ],
            [
              -26.57072,
              80.25125
            ],
            [
              -26.35391,
              80.2695
            ],
            [
              -26.68074,
              80.37959
            ],
            [
              -26.46122,
              80.39792
            ],
            [
              -26.68204,
              80.47129
            ],
            [
              -26.4604,
              80.48962
            ],
            [
              -27.02444,
              80.67281
            ],
            [
              -26.79865,
              80.69137
            ],
            [
              -27.38201,
              80.87405
            ],
            [
              -27.15195,
              80.89284
            ],
            [
              -27.63303,
              81.03862
            ],
            [
              -27.39925,
              81.05757
            ],
            [
              -28.01961,
              81.23932
            ],
            [
              -27.78128,
              81.25852
            ],
            [
              -28.42437,
              81.43966
            ],
            [
              -28.18135,
              81.45912
            ],
            [
              -28.84859,
              81.6396
            ],
            [
              -28.60072,
              81.65933
            ],
            [
              -29.57946,
              81.9107
            ],
            [
              -29.32503,
              81.93089
            ],
            [
              -29.76106,
              82.03817
            ],
            [
              -29.503,
              82.05847
            ],
            [
              -29.94859,
              82.16557
            ],
            [
              -29.6868,
              82.186
            ],
            [
              -30.29701,
              82.32844
            ],
            [
              -30.03057,
              82.34908
            ],
            [
              -30.50085,
              82.45564
            ],
            [
              -30.76976,
              82.4347
            ],
            [
              -31.09238,
              82.50525
            ],
            [
              -30.82184,
              82.52639
            ],
            [
              -31.31488,
              82.63209
            ],
            [
              -31.04029,
              82.65336
            ],
            [
              -31.71677,
              82.79385
            ],
            [
              -31.43717,
              82.81538
            ],
            [
              -32.68064,
              83.0595
            ],
            [
              -32.39331,
              83.08161
            ],
            [
              -32.7631,
              83.15097
            ],
            [
              -32.47218,
              83.17314
            ],
            [
              -33.23119,
              83.31145
            ],
            [
              -32.93482,
              83.3339
            ],
            [
              -34.33505,
              83.57386
            ],
            [
              -34.03043,
              83.59698
            ],
            [
              -35.09177,
              83.76654
            ],
            [
              -34.78052,
              83.7901
            ],
            [
              -36.12744,
              83.99142
            ],
            [
              -35.80859,
              84.01559
            ],
            [
              -37.24341,
              84.21423
            ],
            [
              -37.88795,
              84.16404
            ],
            [
              -38.64706,
              84.26108
            ],
            [
              -39.91026,
              84.15683
            ],
            [
              -40.1713,
              84.18837
            ],
            [
              -40.48051,
              84.16173
            ],
            [
              -40.74485,
              84.19301
            ],
            [
              -41.35562,
              84.13894
            ],
            [
              -41.62359,
              84.1698
            ],
            [
              -41.31926,
              84.19706
            ],
            [
              -41.86312,
              84.25869
            ],
            [
              -43.06573,
              84.14752
            ]
          ],
          [
            [
              -30.6455,
              80.15331
            ],
            [
              -30.43897,
              80.17413
            ],
            [
              -30.31769,
              80.13876
            ],
            [
              -30.52373,
              80.11801
            ],
            [
              -30.6455,
              80.15331
            ]
          ],
          [
            [
              -29.48482,
              80.22045
            ],
            [
              -29.27442,
              80.24055
            ],
            [
              -29.15657,
              80.20476
            ],
            [
              -29.36643,
              80.18473
            ],
            [
              -29.48482,
              80.22045
            ]
          ],
          [
            [
              -30.60753,
              80.06188
            ],
            [
              -30.40283,
              80.08268
            ],
            [
              -30.2828,
              80.0473
            ],
            [
              -30.48702,
              80.02658
            ],
            [
              -30.60753,
              80.06188
            ]
          ],
          [
            [
              -29.4574,
              80.1289
            ],
            [
              -29.24892,
              80.14898
            ],
            [
              -29.13225,
              80.11319
            ],
            [
              -29.34022,
              80.09318
            ],
            [
              -29.4574,
              80.1289
            ]
          ],
          [
            [
              -27.65287,
              80.24956
            ],
            [
              -27.43816,
              80.26851
            ],
            [
              -27.32679,
              80.2321
            ],
            [
              -27.54091,
              80.21322
            ],
            [
              -27.65287,
              80.24956
            ]
          ],
          [
            [
              -30.45098,
              79.93516
            ],
            [
              -30.24855,
              79.95585
            ],
            [
              -30.13059,
              79.92042
            ],
            [
              -30.33254,
              79.8998
            ],
            [
              -30.45098,
              79.93516
            ]
          ],
          [
            [
              -29.43049,
              80.03736
            ],
            [
              -29.22388,
              80.05742
            ],
            [
              -29.10838,
              80.02163
            ],
            [
              -29.31448,
              80.00164
            ],
            [
              -29.43049,
              80.03736
            ]
          ],
          [
            [
              -29.51975,
              79.98153
            ],
            [
              -29.31448,
              80.00164
            ],
            [
              -29.1993,
              79.96588
            ],
            [
              -29.40407,
              79.94584
            ],
            [
              -29.51975,
              79.98153
            ]
          ],
          [
            [
              -27.64251,
              80.15791
            ],
            [
              -27.42979,
              80.17685
            ],
            [
              -27.31949,
              80.14044
            ],
            [
              -27.53163,
              80.12157
            ],
            [
              -27.64251,
              80.15791
            ]
          ],
          [
            [
              -27.52252,
              80.02993
            ],
            [
              -27.31233,
              80.04879
            ],
            [
              -27.09623,
              79.97588
            ],
            [
              -27.3053,
              79.95716
            ],
            [
              -27.52252,
              80.02993
            ]
          ]
        ]
      },
      "properties": {
        "filename": "ch2_sar_ndxl_20250630mpcpnpwest_d_cpr_xx_fp_xx_xxx.tif",
        "pole": "north"
      }
    },
    {
      "type": "Feature",
      "geometry": {
        "type": "Polygon",
        "coordinates": [
          [
            [
              14.99287,
              84.2491
            ],
            [
              14.88723,
              84.20929
            ],
            [
              14.49222,
              84.21973
            ],
            [
              14.39056,
              84.17983
            ],
            [
              13.60147,
              84.19974
            ],
            [
              13.50626,
              84.15969
            ],
            [
              13.89893,
              84.14994
            ],
            [
              13.8025,
              84.10994
            ],
            [
              14.19136,
              84.09999
            ],
            [
              14.09377,
              84.06004
            ],
            [
              14.47886,
              84.04989
            ],
            [
              14.28279,
              83.97009
            ],
            [
              14.6618,
              83.9598
            ],
            [
              14.56338,
              83.91994
            ],
            [
              14.93878,
              83.90947
            ],
            [
              14.74123,
              83.82984
            ],
            [
              15.11084,
              83.81924
            ],
            [
              15.01176,
              83.77947
            ],
            [
              15.37791,
              83.76869
            ],
            [
              15.17923,
              83.68924
            ],
            [
              15.53985,
              83.67834
            ],
            [
              15.44028,
              83.63866
            ],
            [
              15.79758,
              83.62758
            ],
            [
              15.69721,
              83.58795
            ],
            [
              16.05123,
              83.5767
            ],
            [
              15.95009,
              83.53712
            ],
            [
              16.30088,
              83.52569
            ],
            [
              16.19901,
              83.48617
            ],
            [
              16.54661,
              83.47457
            ],
            [
              16.34274,
              83.3956
            ],
            [
              16.68531,
              83.38391
            ],
            [
              16.48256,
              83.30501
            ],
            [
              16.82025,
              83.29322
            ],
            [
              16.71885,
              83.25381
            ],
            [
              17.05356,
              83.24186
            ],
            [
              16.95158,
              83.2025
            ],
            [
              17.28334,
              83.1904
            ],
            [
              17.1808,
              83.15109
            ],
            [
              17.50966,
              83.13883
            ],
            [
              17.30471,
              83.06029
            ],
            [
              17.62903,
              83.04795
            ],
            [
              17.52665,
              83.00872
            ],
            [
              17.84818,
              82.99623
            ],
            [
              17.74532,
              82.95705
            ],
            [
              18.06411,
              82.94441
            ],
            [
              17.85864,
              82.86612
            ],
            [
              18.17316,
              82.85341
            ],
            [
              18.07057,
              82.81431
            ],
            [
              18.38244,
              82.80145
            ],
            [
              18.07681,
              82.68423
            ],
            [
              18.38311,
              82.67137
            ],
            [
              18.28195,
              82.63232
            ],
            [
              18.58573,
              82.61933
            ],
            [
              18.48421,
              82.58033
            ],
            [
              18.7855,
              82.5672
            ],
            [
              18.68365,
              82.52825
            ],
            [
              18.98248,
              82.51498
            ],
            [
              18.88031,
              82.47608
            ],
            [
              19.17672,
              82.46268
            ],
            [
              19.07426,
              82.42383
            ],
            [
              19.36827,
              82.4103
            ],
            [
              19.26554,
              82.37149
            ],
            [
              19.55719,
              82.35784
            ],
            [
              19.35226,
              82.2803
            ],
            [
              19.6403,
              82.26659
            ],
            [
              19.53812,
              82.22785
            ],
            [
              19.82388,
              82.21402
            ],
            [
              19.72147,
              82.17533
            ],
            [
              20.00499,
              82.16137
            ],
            [
              19.80076,
              82.08406
            ],
            [
              20.08087,
              82.07005
            ],
            [
              19.97906,
              82.03143
            ],
            [
              20.25699,
              82.01731
            ],
            [
              20.15501,
              81.97874
            ],
            [
              20.4308,
              81.96449
            ],
            [
              20.32865,
              81.92596
            ],
            [
              20.60233,
              81.91161
            ],
            [
              20.3987,
              81.83462
            ],
            [
              20.66919,
              81.82022
            ],
            [
              20.56772,
              81.78176
            ],
            [
              20.83616,
              81.76724
            ],
            [
              20.73456,
              81.72883
            ],
            [
              21.00099,
              81.7142
            ],
            [
              20.89928,
              81.67583
            ],
            [
              21.16371,
              81.6611
            ],
            [
              20.96102,
              81.58442
            ],
            [
              21.22247,
              81.56965
            ],
            [
              21.02144,
              81.49301
            ],
            [
              21.53758,
              81.46322
            ],
            [
              21.63962,
              81.50142
            ],
            [
              22.66476,
              81.43951
            ],
            [
              22.34997,
              81.32569
            ],
            [
              22.09789,
              81.3412
            ],
            [
              21.99572,
              81.30314
            ],
            [
              21.74366,
              81.31842
            ],
            [
              21.54384,
              81.24208
            ],
            [
              21.79405,
              81.22694
            ],
            [
              21.69453,
              81.1888
            ],
            [
              21.94295,
              81.17355
            ],
            [
              21.84339,
              81.13545
            ],
            [
              22.09006,
              81.1201
            ],
            [
              21.99046,
              81.08205
            ],
            [
              22.23539,
              81.06661
            ],
            [
              22.13578,
              81.0286
            ],
            [
              22.37899,
              81.01306
            ],
            [
              22.27936,
              80.97509
            ],
            [
              22.52088,
              80.95946
            ],
            [
              22.42125,
              80.92153
            ],
            [
              22.66109,
              80.90581
            ],
            [
              22.46266,
              80.83001
            ],
            [
              22.70003,
              80.81426
            ],
            [
              22.60123,
              80.77639
            ],
            [
              22.83698,
              80.76055
            ],
            [
              22.7382,
              80.72272
            ],
            [
              22.97234,
              80.7068
            ],
            [
              22.77561,
              80.63119
            ],
            [
              23.0074,
              80.61524
            ],
            [
              22.8123,
              80.53966
            ],
            [
              23.04178,
              80.5237
            ],
            [
              22.94464,
              80.48593
            ],
            [
              23.1726,
              80.46988
            ],
            [
              23.0755,
              80.43216
            ],
            [
              23.30194,
              80.41602
            ],
            [
              23.20488,
              80.37834
            ],
            [
              23.42984,
              80.36212
            ],
            [
              23.33281,
              80.32447
            ],
            [
              23.5563,
              80.30817
            ],
            [
              23.45932,
              80.27057
            ],
            [
              23.68135,
              80.25418
            ],
            [
              23.58443,
              80.21662
            ],
            [
              23.80502,
              80.20015
            ],
            [
              23.70816,
              80.16263
            ],
            [
              23.92733,
              80.14608
            ],
            [
              23.83053,
              80.10859
            ],
            [
              24.04829,
              80.09197
            ],
            [
              23.85557,
              80.01705
            ],
            [
              24.07129,
              80.00041
            ],
            [
              23.97536,
              79.96297
            ],
            [
              24.18971,
              79.94626
            ],
            [
              24.28628,
              79.98364
            ],
            [
              24.50054,
              79.96672
            ],
            [
              24.59847,
              80.00401
            ],
            [
              25.02607,
              79.96963
            ],
            [
              25.126,
              80.00676
            ],
            [
              25.3393,
              79.9893
            ],
            [
              25.54265,
              80.06334
            ],
            [
              25.3281,
              80.08093
            ],
            [
              25.53327,
              80.15498
            ],
            [
              25.31669,
              80.17257
            ],
            [
              25.4198,
              80.20961
            ],
            [
              25.20181,
              80.22713
            ],
            [
              25.30506,
              80.26422
            ],
            [
              25.08563,
              80.28166
            ],
            [
              25.18902,
              80.31878
            ],
            [
              24.96814,
              80.33615
            ],
            [
              25.17599,
              80.41045
            ],
            [
              24.72911,
              80.44503
            ],
            [
              24.83289,
              80.48227
            ],
            [
              23.92659,
              80.54995
            ],
            [
              24.02833,
              80.58743
            ],
            [
              23.799,
              80.60405
            ],
            [
              23.90082,
              80.64157
            ],
            [
              23.66992,
              80.65811
            ],
            [
              23.87453,
              80.73321
            ],
            [
              23.64129,
              80.74972
            ],
            [
              23.84772,
              80.82485
            ],
            [
              23.61209,
              80.84135
            ],
            [
              23.71579,
              80.87895
            ],
            [
              23.47852,
              80.89536
            ],
            [
              23.58228,
              80.93299
            ],
            [
              23.34335,
              80.94932
            ],
            [
              23.44717,
              80.987
            ],
            [
              23.20655,
              81.00324
            ],
            [
              23.31042,
              81.04095
            ],
            [
              23.06809,
              81.0571
            ],
            [
              23.17201,
              81.09486
            ],
            [
              22.92796,
              81.11092
            ],
            [
              23.03191,
              81.14872
            ],
            [
              22.78611,
              81.16469
            ],
            [
              23.64381,
              81.46663
            ],
            [
              23.13513,
              81.49922
            ],
            [
              23.24479,
              81.53698
            ],
            [
              22.47163,
              81.58481
            ],
            [
              22.57942,
              81.62276
            ],
            [
              21.79455,
              81.66927
            ],
            [
              22.11482,
              81.7836
            ],
            [
              21.84816,
              81.79896
            ],
            [
              21.95587,
              81.83709
            ],
            [
              21.68716,
              81.85236
            ],
            [
              21.79482,
              81.89053
            ],
            [
              21.52403,
              81.90568
            ],
            [
              21.63163,
              81.9439
            ],
            [
              21.35873,
              81.95895
            ],
            [
              21.46626,
              81.99722
            ],
            [
              21.19122,
              82.01215
            ],
            [
              21.29866,
              82.05046
            ],
            [
              21.02146,
              82.06529
            ],
            [
              21.12879,
              82.10365
            ],
            [
              20.8494,
              82.11836
            ],
            [
              20.95662,
              82.15676
            ],
            [
              20.675,
              82.17136
            ],
            [
              20.89025,
              82.24824
            ],
            [
              20.60516,
              82.26279
            ],
            [
              20.71318,
              82.30126
            ],
            [
              20.42579,
              82.3157
            ],
            [
              20.64261,
              82.39271
            ],
            [
              20.05952,
              82.42129
            ],
            [
              20.16702,
              82.45991
            ],
            [
              19.87252,
              82.47398
            ],
            [
              20.08822,
              82.55128
            ],
            [
              19.78994,
              82.5653
            ],
            [
              19.89813,
              82.60399
            ],
            [
              19.59736,
              82.61787
            ],
            [
              19.7053,
              82.65661
            ],
            [
              19.40201,
              82.67037
            ],
            [
              19.61853,
              82.74792
            ],
            [
              19.31123,
              82.76161
            ],
            [
              19.41979,
              82.80043
            ],
            [
              19.10987,
              82.81399
            ],
            [
              19.32758,
              82.89169
            ],
            [
              18.6982,
              82.91848
            ],
            [
              18.80579,
              82.95744
            ],
            [
              18.48777,
              82.97059
            ],
            [
              18.59499,
              83.0096
            ],
            [
              18.27419,
              83.0226
            ],
            [
              18.48904,
              83.10071
            ],
            [
              18.16379,
              83.11364
            ],
            [
              18.27141,
              83.15273
            ],
            [
              17.94327,
              83.16551
            ],
            [
              18.15884,
              83.24378
            ],
            [
              17.82605,
              83.25648
            ],
            [
              17.93398,
              83.29565
            ],
            [
              17.59818,
              83.3082
            ],
            [
              18.03566,
              83.46497
            ],
            [
              17.69132,
              83.47759
            ],
            [
              17.80213,
              83.51681
            ],
            [
              17.45457,
              83.52926
            ],
            [
              17.56483,
              83.56853
            ],
            [
              17.21401,
              83.58082
            ],
            [
              17.4347,
              83.65944
            ],
            [
              17.07859,
              83.67165
            ],
            [
              17.18899,
              83.711
            ],
            [
              16.82947,
              83.72303
            ],
            [
              16.93921,
              83.76244
            ],
            [
              16.57624,
              83.7743
            ],
            [
              16.79571,
              83.8532
            ],
            [
              16.42708,
              83.86497
            ],
            [
              16.53677,
              83.90446
            ],
            [
              16.16454,
              83.91605
            ],
            [
              16.38378,
              83.99512
            ],
            [
              16.00562,
              84.0066
            ],
            [
              16.33855,
              84.12529
            ],
            [
              15.95189,
              84.13674
            ],
            [
              16.06348,
              84.17634
            ],
            [
              15.67289,
              84.18759
            ],
            [
              15.78354,
              84.22725
            ],
            [
              14.99287,
              84.2491
            ]
          ]
        ]
      },
      "properties": {
        "filename": "ch2_sar_ndxl_20250630mpcpnpwest_d_cpr_xx_fp_xx_xxx.tif",
        "pole": "north"
      }
    },
    {
      "type": "Feature",
      "geometry": {
        "type": "Polygon",
        "coordinates": [
          [
            [
              -33.72937,
              84.21377
            ],
            [
              -32.41492,
              84.00663
            ],
            [
              -32.74644,
              83.98447
            ],
            [
              -30.73718,
              83.63418
            ],
            [
              -31.05505,
              83.61305
            ],
            [
              -29.24635,
              83.25702
            ],
            [
              -29.55105,
              83.23683
            ],
            [
              -28.38778,
              82.98478
            ],
            [
              -28.68311,
              82.96514
            ],
            [
              -27.74461,
              82.7476
            ],
            [
              -28.03201,
              82.72837
            ],
            [
              -27.14235,
              82.50963
            ],
            [
              -27.42215,
              82.49079
            ],
            [
              -26.99363,
              82.38107
            ],
            [
              -27.26908,
              82.36233
            ],
            [
              -27.128,
              82.32576
            ],
            [
              -26.85353,
              82.34441
            ],
            [
              -25.39714,
              81.93836
            ],
            [
              -25.66109,
              81.92067
            ],
            [
              -25.16371,
              81.77219
            ],
            [
              -25.42282,
              81.75465
            ],
            [
              -24.35917,
              81.41924
            ],
            [
              -24.60923,
              81.40223
            ],
            [
              -23.61854,
              81.0649
            ],
            [
              -23.86007,
              81.04839
            ],
            [
              -23.03418,
              80.74714
            ],
            [
              -23.26843,
              80.73103
            ],
            [
              -22.30161,
              80.35279
            ],
            [
              -22.52747,
              80.33717
            ],
            [
              -21.62692,
              79.95722
            ],
            [
              -20.74844,
              80.01643
            ],
            [
              -21.17549,
              80.20785
            ],
            [
              -20.95053,
              80.22258
            ],
            [
              -22.42439,
              80.83252
            ],
            [
              -22.18607,
              80.84809
            ],
            [
              -22.68362,
              81.03779
            ],
            [
              -22.44026,
              81.05353
            ],
            [
              -23.27478,
              81.35623
            ],
            [
              -23.0235,
              81.37236
            ],
            [
              -23.57091,
              81.561
            ],
            [
              -23.31406,
              81.57733
            ],
            [
              -23.42556,
              81.61504
            ],
            [
              -23.16676,
              81.63127
            ],
            [
              -23.50451,
              81.74445
            ],
            [
              -23.76618,
              81.72799
            ],
            [
              -24.35507,
              81.91561
            ],
            [
              -24.0885,
              81.93246
            ],
            [
              -25.21128,
              82.26873
            ],
            [
              -24.93437,
              82.28614
            ],
            [
              -26.00906,
              82.58317
            ],
            [
              -25.72225,
              82.6011
            ],
            [
              -27.02871,
              82.93284
            ],
            [
              -26.73026,
              82.95142
            ],
            [
              -28.15442,
              83.28017
            ],
            [
              -27.84364,
              83.29948
            ],
            [
              -29.22158,
              83.58885
            ],
            [
              -28.89903,
              83.60883
            ],
            [
              -30.99482,
              84.00143
            ],
            [
              -30.65603,
              84.02252
            ],
            [
              -32.3495,
              84.30355
            ],
            [
              -33.72937,
              84.21377
            ]
          ]
        ]
      },
      "properties": {
        "filename": "ch2_sar_ndxl_20250630mpcpnpwest_d_cpr_xx_fp_xx_xxx.tif",
        "pole": "north"
      }
    },
    {
      "type": "Feature",
      "geometry": {
        "type": "Polygon",
        "coordinates": [
          [
            [
              14.75516,
              82.38249
            ],
            [
              14.67657,
              82.34271
            ],
            [
              14.37789,
              82.35302
            ],
            [
              14.30155,
              82.31318
            ],
            [
              14.00353,
              82.32323
            ],
            [
              13.92943,
              82.28333
            ],
            [
              14.22601,
              82.27333
            ],
            [
              14.07724,
              82.1936
            ],
            [
              14.37021,
              82.18351
            ],
            [
              14.29556,
              82.14367
            ],
            [
              14.58638,
              82.13343
            ],
            [
              14.51112,
              82.09364
            ],
            [
              14.79981,
              82.08325
            ],
            [
              14.64885,
              82.00374
            ],
            [
              14.9341,
              81.99325
            ],
            [
              14.78351,
              81.9138
            ],
            [
              15.06541,
              81.90322
            ],
            [
              14.98994,
              81.86353
            ],
            [
              15.26982,
              81.85281
            ],
            [
              15.11855,
              81.7735
            ],
            [
              15.39519,
              81.7627
            ],
            [
              15.31942,
              81.72307
            ],
            [
              15.5941,
              81.71213
            ],
            [
              15.51784,
              81.67255
            ],
            [
              15.79059,
              81.66147
            ],
            [
              15.63786,
              81.58238
            ],
            [
              15.90752,
              81.57122
            ],
            [
              15.75532,
              81.49218
            ],
            [
              16.02196,
              81.48094
            ],
            [
              15.94578,
              81.44145
            ],
            [
              16.21058,
              81.43009
            ],
            [
              16.13399,
              81.39064
            ],
            [
              16.39697,
              81.37915
            ],
            [
              16.24368,
              81.30032
            ],
            [
              16.50378,
              81.28875
            ],
            [
              16.4271,
              81.24937
            ],
            [
              16.68544,
              81.23768
            ],
            [
              16.53203,
              81.15899
            ],
            [
              16.78758,
              81.14723
            ],
            [
              16.71086,
              81.10791
            ],
            [
              16.9647,
              81.09603
            ],
            [
              16.88764,
              81.05675
            ],
            [
              17.13978,
              81.04475
            ],
            [
              16.98569,
              80.96626
            ],
            [
              17.23517,
              80.9542
            ],
            [
              17.15815,
              80.91499
            ],
            [
              17.40598,
              80.9028
            ],
            [
              17.252,
              80.82444
            ],
            [
              17.49725,
              80.8122
            ],
            [
              17.34401,
              80.73389
            ],
            [
              17.58673,
              80.72159
            ],
            [
              17.51016,
              80.68246
            ],
            [
              17.75132,
              80.67004
            ],
            [
              17.67448,
              80.63096
            ],
            [
              17.91409,
              80.61843
            ],
            [
              17.76053,
              80.54033
            ],
            [
              17.99772,
              80.52774
            ],
            [
              17.92102,
              80.48872
            ],
            [
              18.1567,
              80.47603
            ],
            [
              18.00346,
              80.39804
            ],
            [
              18.2368,
              80.3853
            ],
            [
              18.16026,
              80.34634
            ],
            [
              18.39214,
              80.33349
            ],
            [
              18.23925,
              80.25563
            ],
            [
              18.46886,
              80.24272
            ],
            [
              18.39251,
              80.20382
            ],
            [
              18.62069,
              80.19082
            ],
            [
              18.46822,
              80.11308
            ],
            [
              18.6942,
              80.10003
            ],
            [
              18.61807,
              80.06118
            ],
            [
              18.84266,
              80.04803
            ],
            [
              18.69064,
              79.97041
            ],
            [
              18.9131,
              79.95721
            ],
            [
              18.83721,
              79.91843
            ],
            [
              19.05832,
              79.90513
            ],
            [
              19.13497,
              79.94386
            ],
            [
              19.35624,
              79.93036
            ],
            [
              19.43423,
              79.96902
            ],
            [
              19.65566,
              79.95532
            ],
            [
              19.81498,
              80.03249
            ],
            [
              19.59205,
              80.0463
            ],
            [
              19.75235,
              80.1235
            ],
            [
              19.52727,
              80.13727
            ],
            [
              19.60759,
              80.1759
            ],
            [
              19.3811,
              80.18957
            ],
            [
              19.54208,
              80.2669
            ],
            [
              19.31337,
              80.28052
            ],
            [
              19.39403,
              80.31922
            ],
            [
              19.16386,
              80.33274
            ],
            [
              19.3255,
              80.41019
            ],
            [
              19.09304,
              80.42367
            ],
            [
              19.17402,
              80.46242
            ],
            [
              18.94006,
              80.4758
            ],
            [
              19.10232,
              80.55337
            ],
            [
              18.866,
              80.5667
            ],
            [
              18.94727,
              80.60551
            ],
            [
              18.70941,
              80.61874
            ],
            [
              18.87224,
              80.69643
            ],
            [
              18.63194,
              80.70961
            ],
            [
              18.71349,
              80.74849
            ],
            [
              18.4716,
              80.76156
            ],
            [
              18.63495,
              80.83937
            ],
            [
              18.39053,
              80.85239
            ],
            [
              18.47233,
              80.89133
            ],
            [
              18.22628,
              80.90424
            ],
            [
              18.3901,
              80.98217
            ],
            [
              18.14144,
              80.99503
            ],
            [
              18.22346,
              81.03403
            ],
            [
              17.97312,
              81.04677
            ],
            [
              18.13735,
              81.12484
            ],
            [
              17.88431,
              81.13752
            ],
            [
              17.96651,
              81.17659
            ],
            [
              17.71173,
              81.18916
            ],
            [
              17.8763,
              81.26735
            ],
            [
              17.61874,
              81.27986
            ],
            [
              17.70109,
              81.31899
            ],
            [
              17.44173,
              81.33138
            ],
            [
              17.52378,
              81.37055
            ],
            [
              17.2626,
              81.38282
            ],
            [
              17.42679,
              81.46123
            ],
            [
              17.16269,
              81.47343
            ],
            [
              17.32772,
              81.55189
            ],
            [
              17.06063,
              81.56402
            ],
            [
              17.14317,
              81.60329
            ],
            [
              16.87417,
              81.6153
            ],
            [
              16.95634,
              81.6546
            ],
            [
              16.68542,
              81.66648
            ],
            [
              16.76719,
              81.70583
            ],
            [
              16.49432,
              81.71758
            ],
            [
              16.57569,
              81.75697
            ],
            [
              16.30084,
              81.76859
            ],
            [
              16.54605,
              81.88684
            ],
            [
              16.26674,
              81.89844
            ],
            [
              16.34883,
              81.93789
            ],
            [
              16.06746,
              81.94935
            ],
            [
              16.14908,
              81.98884
            ],
            [
              15.86563,
              82.00016
            ],
            [
              16.02874,
              82.07921
            ],
            [
              15.74187,
              82.09045
            ],
            [
              15.82332,
              82.13001
            ],
            [
              15.5343,
              82.14111
            ],
            [
              15.69699,
              82.2203
            ],
            [
              15.40442,
              82.23131
            ],
            [
              15.48563,
              82.27094
            ],
            [
              15.19083,
              82.28181
            ],
            [
              15.35295,
              82.36114
            ],
            [
              14.75516,
              82.38249
            ]
          ]
        ]
      },
      "properties": {
        "filename": "ch2_sar_ndxl_20250630mpcpnpwest_d_cpr_xx_fp_xx_xxx.tif",
        "pole": "north"
      }
    },
    {
      "type": "Feature",
      "geometry": {
        "type": "Polygon",
        "coordinates": [
          [
            [
              -28.92622,
              84.12478
            ],
            [
              -28.16632,
              83.98003
            ],
            [
              -28.51116,
              83.9605
            ],
            [
              -24.31617,
              83.00117
            ],
            [
              -24.62292,
              82.98414
            ],
            [
              -21.97463,
              82.19061
            ],
            [
              -22.25443,
              82.17515
            ],
            [
              -19.09215,
              80.94476
            ],
            [
              -19.33803,
              80.93126
            ],
            [
              -17.8234,
              80.19237
            ],
            [
              -18.05207,
              80.17975
            ],
            [
              -17.40488,
              79.82835
            ],
            [
              -16.5157,
              79.87613
            ],
            [
              -16.58224,
              79.91541
            ],
            [
              -13.85651,
              80.04446
            ],
            [
              -17.85925,
              82.21793
            ],
            [
              -18.14753,
              82.20523
            ],
            [
              -21.22139,
              83.29019
            ],
            [
              -20.89254,
              83.30496
            ],
            [
              -23.11044,
              83.91591
            ],
            [
              -23.4666,
              83.89964
            ],
            [
              -25.28804,
              84.31244
            ],
            [
              -28.92622,
              84.12478
            ]
          ]
        ]
      },
      "properties": {
        "filename": "ch2_sar_ndxl_20250630mpcpnpwest_d_cpr_xx_fp_xx_xxx.tif",
        "pole": "north"
      }
    },
    {
      "type": "Feature",
      "geometry": {
        "type": "Polygon",
        "coordinates": [
          [
            [
              -20.41974,
              84.33646
            ],
            [
              -20.27506,
              84.29783
            ],
            [
              -21.43218,
              84.25387
            ],
            [
              -21.28282,
              84.2155
            ],
            [
              -20.90126,
              84.23031
            ],
            [
              -19.79109,
              83.92131
            ],
            [
              -19.42459,
              83.93512
            ],
            [
              -18.20647,
              83.54529
            ],
            [
              -17.85816,
              83.55803
            ],
            [
              -16.99979,
              83.2438
            ],
            [
              -16.66489,
              83.25571
            ],
            [
              -15.89686,
              82.93967
            ],
            [
              -15.57466,
              82.95082
            ],
            [
              -14.8036,
              82.59349
            ],
            [
              -14.49494,
              82.60388
            ],
            [
              -13.88165,
              82.28491
            ],
            [
              -13.58419,
              82.29467
            ],
            [
              -12.52042,
              81.654
            ],
            [
              -12.24404,
              81.6628
            ],
            [
              -11.95066,
              81.46196
            ],
            [
              -11.67996,
              81.47037
            ],
            [
              -11.40612,
              81.26917
            ],
            [
              -11.14091,
              81.27719
            ],
            [
              -10.68889,
              80.91437
            ],
            [
              -10.43348,
              80.92189
            ],
            [
              -9.93954,
              80.47764
            ],
            [
              -9.69534,
              80.48463
            ],
            [
              -9.53099,
              80.32287
            ],
            [
              -9.29043,
              80.32957
            ],
            [
              -9.02242,
              80.04622
            ],
            [
              -8.08399,
              80.07058
            ],
            [
              -8.36053,
              80.39525
            ],
            [
              -8.60337,
              80.38921
            ],
            [
              -8.82962,
              80.63249
            ],
            [
              -9.07833,
              80.62611
            ],
            [
              -9.19914,
              80.74765
            ],
            [
              -9.45068,
              80.741
            ],
            [
              -9.75311,
              81.02428
            ],
            [
              -10.01201,
              81.01724
            ],
            [
              -10.05792,
              81.05766
            ],
            [
              -9.79789,
              81.06474
            ],
            [
              -10.3187,
              81.50952
            ],
            [
              -10.59194,
              81.50207
            ],
            [
              -10.90754,
              81.74425
            ],
            [
              -11.18803,
              81.73638
            ],
            [
              -11.59009,
              82.0184
            ],
            [
              -11.87952,
              82.01005
            ],
            [
              -12.52061,
              82.4119
            ],
            [
              -12.82401,
              82.40289
            ],
            [
              -13.47642,
              82.76337
            ],
            [
              -13.79332,
              82.75368
            ],
            [
              -14.79265,
              83.23221
            ],
            [
              -15.12953,
              83.22159
            ],
            [
              -15.89354,
              83.53894
            ],
            [
              -16.24453,
              83.52755
            ],
            [
              -16.88091,
              83.76436
            ],
            [
              -17.24271,
              83.75229
            ],
            [
              -18.43974,
              84.14439
            ],
            [
              -18.82162,
              84.13125
            ],
            [
              -19.6339,
              84.36466
            ],
            [
              -20.41974,
              84.33646
            ]
          ]
        ]
      },
      "properties": {
        "filename": "ch2_sar_ndxl_20250630mpcpnpwest_d_cpr_xx_fp_xx_xxx.tif",
        "pole": "north"
      }
    },
    {
      "type": "Feature",
      "geometry": {
        "type": "Polygon",
        "coordinates": [
          [
            [
              7.08246,
              82.28642
            ],
            [
              7.04489,
              82.24561
            ],
            [
              6.43979,
              82.25526
            ],
            [
              6.37207,
              82.17355
            ],
            [
              6.67168,
              82.16888
            ],
            [
              6.60229,
              82.08721
            ],
            [
              6.89848,
              82.08238
            ],
            [
              6.86282,
              82.04157
            ],
            [
              7.15715,
              82.03656
            ],
            [
              7.04793,
              81.9142
            ],
            [
              7.33749,
              81.90906
            ],
            [
              7.22728,
              81.78677
            ],
            [
              7.51222,
              81.7815
            ],
            [
              7.43779,
              81.70002
            ],
            [
              7.7196,
              81.69461
            ],
            [
              7.64393,
              81.61317
            ],
            [
              7.92268,
              81.60761
            ],
            [
              7.84583,
              81.52623
            ],
            [
              8.39693,
              81.51463
            ],
            [
              8.35647,
              81.47399
            ],
            [
              8.63016,
              81.46793
            ],
            [
              8.58881,
              81.42732
            ],
            [
              8.86084,
              81.4211
            ],
            [
              8.77681,
              81.33992
            ],
            [
              9.04594,
              81.33357
            ],
            [
              8.96103,
              81.25245
            ],
            [
              9.22733,
              81.24596
            ],
            [
              9.14159,
              81.16489
            ],
            [
              9.4051,
              81.15828
            ],
            [
              9.31859,
              81.07726
            ],
            [
              9.57937,
              81.07053
            ],
            [
              9.49214,
              80.98956
            ],
            [
              9.75024,
              80.98271
            ],
            [
              9.66232,
              80.90179
            ],
            [
              9.91779,
              80.89481
            ],
            [
              9.82924,
              80.81395
            ],
            [
              10.08212,
              80.80686
            ],
            [
              9.99297,
              80.72604
            ],
            [
              10.24333,
              80.71884
            ],
            [
              10.15362,
              80.63807
            ],
            [
              10.40149,
              80.63076
            ],
            [
              10.31127,
              80.55004
            ],
            [
              10.55669,
              80.54262
            ],
            [
              10.51115,
              80.50229
            ],
            [
              10.75517,
              80.49473
            ],
            [
              10.66325,
              80.41412
            ],
            [
              10.9049,
              80.40645
            ],
            [
              10.81256,
              80.32589
            ],
            [
              11.05188,
              80.31812
            ],
            [
              10.91338,
              80.19736
            ],
            [
              11.14946,
              80.18952
            ],
            [
              11.05716,
              80.10905
            ],
            [
              11.29101,
              80.10112
            ],
            [
              11.19838,
              80.0207
            ],
            [
              11.43004,
              80.01267
            ],
            [
              11.33711,
              79.9323
            ],
            [
              11.56662,
              79.92417
            ],
            [
              11.51983,
              79.88402
            ],
            [
              11.97596,
              79.86734
            ],
            [
              12.02449,
              79.90743
            ],
            [
              12.48081,
              79.89005
            ],
            [
              12.53146,
              79.93006
            ],
            [
              12.30264,
              79.93887
            ],
            [
              12.35283,
              79.97891
            ],
            [
              12.12272,
              79.98759
            ],
            [
              12.17243,
              80.02766
            ],
            [
              11.94104,
              80.03622
            ],
            [
              12.03988,
              80.11642
            ],
            [
              11.80628,
              80.12488
            ],
            [
              12.05593,
              80.32547
            ],
            [
              11.81727,
              80.33395
            ],
            [
              11.91815,
              80.41422
            ],
            [
              11.67715,
              80.4226
            ],
            [
              11.77779,
              80.50293
            ],
            [
              11.5344,
              80.51121
            ],
            [
              11.63476,
              80.59158
            ],
            [
              11.38894,
              80.59976
            ],
            [
              11.48901,
              80.68019
            ],
            [
              11.24071,
              80.68827
            ],
            [
              11.34044,
              80.76875
            ],
            [
              11.08962,
              80.77673
            ],
            [
              11.18899,
              80.85726
            ],
            [
              10.9356,
              80.86513
            ],
            [
              11.03456,
              80.94571
            ],
            [
              10.77855,
              80.95347
            ],
            [
              10.87707,
              81.03411
            ],
            [
              10.61839,
              81.04176
            ],
            [
              10.66719,
              81.08211
            ],
            [
              10.40693,
              81.08961
            ],
            [
              10.55256,
              81.21073
            ],
            [
              10.28838,
              81.21815
            ],
            [
              10.38535,
              81.29894
            ],
            [
              10.11833,
              81.30625
            ],
            [
              10.16629,
              81.34667
            ],
            [
              9.89761,
              81.35382
            ],
            [
              9.99242,
              81.43473
            ],
            [
              9.72083,
              81.44175
            ],
            [
              9.81493,
              81.52272
            ],
            [
              9.54036,
              81.52962
            ],
            [
              9.58681,
              81.57012
            ],
            [
              9.03377,
              81.58341
            ],
            [
              9.12277,
              81.66454
            ],
            [
              8.84296,
              81.67095
            ],
            [
              8.88678,
              81.71155
            ],
            [
              8.6052,
              81.71779
            ],
            [
              8.73516,
              81.83966
            ],
            [
              8.44903,
              81.84579
            ],
            [
              8.53503,
              81.92709
            ],
            [
              8.24564,
              81.93308
            ],
            [
              8.37359,
              82.05509
            ],
            [
              8.0794,
              82.06097
            ],
            [
              8.16392,
              82.14236
            ],
            [
              7.8663,
              82.14809
            ],
            [
              7.9077,
              82.18881
            ],
            [
              7.60812,
              82.19436
            ],
            [
              7.68912,
              82.27585
            ],
            [
              7.08246,
              82.28642
            ]
          ]
        ]
      },
      "properties": {
        "filename": "ch2_sar_ndxl_20250630mpcpnpwest_d_cpr_xx_fp_xx_xxx.tif",
        "pole": "north"
      }
    },
    {
      "type": "Feature",
      "geometry": {
        "type": "Polygon",
        "coordinates": [
          [
            [
              2.99157,
              82.82893
            ],
            [
              2.97447,
              82.78784
            ],
            [
              2.32015,
              82.79164
            ],
            [
              2.26824,
              82.62723
            ],
            [
              2.58818,
              82.62548
            ],
            [
              2.55956,
              82.5433
            ],
            [
              2.87582,
              82.54136
            ],
            [
              2.86001,
              82.50028
            ],
            [
              3.17436,
              82.49812
            ],
            [
              3.13985,
              82.41599
            ],
            [
              3.45061,
              82.41363
            ],
            [
              3.41352,
              82.33153
            ],
            [
              3.72076,
              82.32898
            ],
            [
              3.6812,
              82.24691
            ],
            [
              3.98498,
              82.24417
            ],
            [
              3.94308,
              82.16214
            ],
            [
              4.24347,
              82.15921
            ],
            [
              4.22129,
              82.11821
            ],
            [
              4.51988,
              82.11508
            ],
            [
              4.47314,
              82.03312
            ],
            [
              4.76843,
              82.02981
            ],
            [
              4.69563,
              81.90692
            ],
            [
              4.98621,
              81.90346
            ],
            [
              4.93599,
              81.82157
            ],
            [
              5.22342,
              81.81794
            ],
            [
              5.17137,
              81.73609
            ],
            [
              5.45571,
              81.73229
            ],
            [
              5.40191,
              81.65049
            ],
            [
              5.68321,
              81.64652
            ],
            [
              5.62775,
              81.56476
            ],
            [
              5.90608,
              81.56063
            ],
            [
              5.79306,
              81.39718
            ],
            [
              6.06587,
              81.39294
            ],
            [
              5.98009,
              81.27042
            ],
            [
              6.24883,
              81.26605
            ],
            [
              6.1905,
              81.18441
            ],
            [
              6.72222,
              81.17518
            ],
            [
              6.69103,
              81.1344
            ],
            [
              6.95525,
              81.12953
            ],
            [
              6.92316,
              81.08877
            ],
            [
              7.18589,
              81.08374
            ],
            [
              7.12022,
              81.00227
            ],
            [
              7.3803,
              80.99709
            ],
            [
              7.31351,
              80.91567
            ],
            [
              7.57099,
              80.91036
            ],
            [
              7.50314,
              80.82899
            ],
            [
              7.75806,
              80.82354
            ],
            [
              7.6892,
              80.74221
            ],
            [
              7.94161,
              80.73664
            ],
            [
              7.83733,
              80.61471
            ],
            [
              8.08621,
              80.60903
            ],
            [
              8.01608,
              80.52779
            ],
            [
              8.26255,
              80.52198
            ],
            [
              8.15652,
              80.40019
            ],
            [
              8.39962,
              80.39429
            ],
            [
              8.32842,
              80.31314
            ],
            [
              8.56921,
              80.30712
            ],
            [
              8.49723,
              80.22601
            ],
            [
              8.73577,
              80.21987
            ],
            [
              8.66305,
              80.13881
            ],
            [
              8.89936,
              80.13256
            ],
            [
              8.82595,
              80.05155
            ],
            [
              9.06007,
              80.04518
            ],
            [
              8.98599,
              79.96421
            ],
            [
              9.21797,
              79.95774
            ],
            [
              9.18047,
              79.91728
            ],
            [
              9.64168,
              79.90388
            ],
            [
              9.681,
              79.94429
            ],
            [
              10.14275,
              79.93019
            ],
            [
              10.1842,
              79.97053
            ],
            [
              9.95258,
              79.97769
            ],
            [
              10.03465,
              80.05843
            ],
            [
              9.80087,
              80.06549
            ],
            [
              9.88243,
              80.14627
            ],
            [
              9.64645,
              80.15322
            ],
            [
              9.76848,
              80.27447
            ],
            [
              9.52928,
              80.28134
            ],
            [
              9.61039,
              80.36222
            ],
            [
              9.36889,
              80.36897
            ],
            [
              9.44939,
              80.4499
            ],
            [
              9.20555,
              80.45654
            ],
            [
              9.32582,
              80.578
            ],
            [
              9.07856,
              80.58456
            ],
            [
              9.1584,
              80.66558
            ],
            [
              8.90869,
              80.67202
            ],
            [
              8.98778,
              80.75308
            ],
            [
              8.73559,
              80.7594
            ],
            [
              8.8139,
              80.84052
            ],
            [
              8.55917,
              80.84671
            ],
            [
              8.63665,
              80.92787
            ],
            [
              8.37934,
              80.93394
            ],
            [
              8.45595,
              81.01515
            ],
            [
              8.196,
              81.02109
            ],
            [
              8.27168,
              81.10235
            ],
            [
              8.00905,
              81.10816
            ],
            [
              8.08375,
              81.18947
            ],
            [
              7.81839,
              81.19514
            ],
            [
              7.89206,
              81.2765
            ],
            [
              7.62392,
              81.28204
            ],
            [
              7.69649,
              81.36344
            ],
            [
              7.42552,
              81.36884
            ],
            [
              7.46105,
              81.40957
            ],
            [
              6.91557,
              81.41984
            ],
            [
              6.9825,
              81.50138
            ],
            [
              6.70669,
              81.50627
            ],
            [
              6.77228,
              81.58787
            ],
            [
              6.4935,
              81.59261
            ],
            [
              6.59024,
              81.71506
            ],
            [
              6.30706,
              81.71967
            ],
            [
              6.4025,
              81.84219
            ],
            [
              6.11479,
              81.84667
            ],
            [
              6.20881,
              81.96925
            ],
            [
              5.91642,
              81.97359
            ],
            [
              5.97773,
              82.05535
            ],
            [
              5.68204,
              82.05952
            ],
            [
              5.74157,
              82.14133
            ],
            [
              5.44252,
              82.14533
            ],
            [
              5.4712,
              82.18626
            ],
            [
              5.17028,
              82.19007
            ],
            [
              5.25339,
              82.3129
            ],
            [
              4.94739,
              82.31656
            ],
            [
              5.00101,
              82.39849
            ],
            [
              4.69145,
              82.40196
            ],
            [
              4.71702,
              82.44295
            ],
            [
              4.40551,
              82.44621
            ],
            [
              4.4541,
              82.52822
            ],
            [
              4.13891,
              82.5313
            ],
            [
              4.16187,
              82.57232
            ],
            [
              3.84469,
              82.57519
            ],
            [
              3.86615,
              82.61623
            ],
            [
              3.54697,
              82.61889
            ],
            [
              3.64885,
              82.82417
            ],
            [
              2.99157,
              82.82893
            ]
          ]
        ]
      },
      "properties": {
        "filename": "ch2_sar_ndxl_20250630mpcpnpwest_d_cpr_xx_fp_xx_xxx.tif",
        "pole": "north"
      }
    },
    {
      "type": "Feature",
      "geometry": {
        "type": "Polygon",
        "coordinates": [
          [
            [
              -8.40024,
              82.96917
            ],
            [
              -8.35141,
              82.92846
            ],
            [
              -9.01108,
              82.91605
            ],
            [
              -8.85697,
              82.79412
            ],
            [
              -8.53288,
              82.80033
            ],
            [
              -8.3892,
              82.67826
            ],
            [
              -8.06989,
              82.68414
            ],
            [
              -7.89245,
              82.52121
            ],
            [
              -7.57949,
              82.52674
            ],
            [
              -7.41623,
              82.36365
            ],
            [
              -7.10942,
              82.36884
            ],
            [
              -6.9228,
              82.1648
            ],
            [
              -6.6235,
              82.16964
            ],
            [
              -6.4539,
              81.96545
            ],
            [
              -6.16179,
              81.96996
            ],
            [
              -5.97793,
              81.72477
            ],
            [
              -5.6941,
              81.72895
            ],
            [
              -5.61033,
              81.60629
            ],
            [
              -5.33034,
              81.6102
            ],
            [
              -5.253,
              81.48749
            ],
            [
              -4.97679,
              81.49114
            ],
            [
              -4.88228,
              81.32746
            ],
            [
              -4.61103,
              81.33086
            ],
            [
              -4.54624,
              81.20806
            ],
            [
              -4.27857,
              81.21121
            ],
            [
              -4.19985,
              81.04743
            ],
            [
              -3.93689,
              81.05034
            ],
            [
              -3.86572,
              80.88653
            ],
            [
              -3.60733,
              80.8892
            ],
            [
              -3.54325,
              80.72537
            ],
            [
              -3.28928,
              80.72781
            ],
            [
              -3.24602,
              80.60492
            ],
            [
              -2.99525,
              80.60715
            ],
            [
              -2.94361,
              80.44328
            ],
            [
              -2.69703,
              80.4453
            ],
            [
              -2.65131,
              80.28143
            ],
            [
              -2.40881,
              80.28324
            ],
            [
              -2.36864,
              80.11937
            ],
            [
              -2.13009,
              80.12097
            ],
            [
              -2.09514,
              79.95712
            ],
            [
              -1.15593,
              79.96176
            ],
            [
              -1.18014,
              80.16669
            ],
            [
              -1.41994,
              80.16576
            ],
            [
              -1.44414,
              80.32973
            ],
            [
              -1.68797,
              80.32861
            ],
            [
              -1.71723,
              80.4926
            ],
            [
              -1.96522,
              80.49129
            ],
            [
              -1.99989,
              80.65529
            ],
            [
              -2.25216,
              80.65377
            ],
            [
              -2.28235,
              80.77677
            ],
            [
              -2.53791,
              80.77505
            ],
            [
              -2.58408,
              80.93905
            ],
            [
              -2.84417,
              80.93711
            ],
            [
              -2.89685,
              81.10111
            ],
            [
              -3.16162,
              81.09894
            ],
            [
              -3.22126,
              81.26292
            ],
            [
              -3.49087,
              81.26052
            ],
            [
              -3.55796,
              81.42449
            ],
            [
              -3.83256,
              81.42184
            ],
            [
              -3.90762,
              81.58578
            ],
            [
              -4.18739,
              81.58288
            ],
            [
              -4.24978,
              81.7058
            ],
            [
              -4.53348,
              81.70266
            ],
            [
              -4.60201,
              81.82554
            ],
            [
              -4.88973,
              81.82214
            ],
            [
              -4.96473,
              81.94498
            ],
            [
              -5.25656,
              81.94132
            ],
            [
              -5.48057,
              82.26874
            ],
            [
              -5.7844,
              82.26471
            ],
            [
              -5.84663,
              82.34652
            ],
            [
              -6.15335,
              82.34223
            ],
            [
              -6.1866,
              82.38311
            ],
            [
              -5.87825,
              82.38743
            ],
            [
              -5.94253,
              82.46924
            ],
            [
              -6.2542,
              82.46488
            ],
            [
              -6.3939,
              82.62839
            ],
            [
              -6.71202,
              82.6237
            ],
            [
              -6.82627,
              82.74625
            ],
            [
              -7.14928,
              82.74125
            ],
            [
              -7.27293,
              82.8637
            ],
            [
              -7.60094,
              82.85838
            ],
            [
              -7.6895,
              82.93994
            ],
            [
              -8.02072,
              82.93432
            ],
            [
              -8.06767,
              82.97506
            ],
            [
              -8.40024,
              82.96917
            ]
          ]
        ]
      },
      "properties": {
        "filename": "ch2_sar_ndxl_20250630mpcpnpwest_d_cpr_xx_fp_xx_xxx.tif",
        "pole": "north"
      }
    },
    {
      "type": "Feature",
      "geometry": {
        "type": "Polygon",
        "coordinates": [
          [
            [
              -12.68192,
              83.63035
            ],
            [
              -12.60094,
              83.59017
            ],
            [
              -13.67519,
              83.56212
            ],
            [
              -13.58891,
              83.5221
            ],
            [
              -13.23397,
              83.53164
            ],
            [
              -12.98755,
              83.41135
            ],
            [
              -12.63775,
              83.42048
            ],
            [
              -12.18282,
              83.17927
            ],
            [
              -11.84393,
              83.18783
            ],
            [
              -11.56566,
              83.02663
            ],
            [
              -11.23348,
              83.03476
            ],
            [
              -10.91228,
              82.83285
            ],
            [
              -10.5884,
              82.84052
            ],
            [
              -10.29346,
              82.63823
            ],
            [
              -9.97756,
              82.64546
            ],
            [
              -9.70666,
              82.44284
            ],
            [
              -9.39842,
              82.44966
            ],
            [
              -9.24753,
              82.32792
            ],
            [
              -8.94353,
              82.33442
            ],
            [
              -8.66488,
              82.09064
            ],
            [
              -8.36958,
              82.09672
            ],
            [
              -8.19904,
              81.93402
            ],
            [
              -7.90915,
              81.93978
            ],
            [
              -7.71246,
              81.73621
            ],
            [
              -7.42923,
              81.74162
            ],
            [
              -7.28414,
              81.57863
            ],
            [
              -7.00596,
              81.58373
            ],
            [
              -6.83885,
              81.37985
            ],
            [
              -6.56686,
              81.38464
            ],
            [
              -6.38395,
              81.13982
            ],
            [
              -6.11912,
              81.14429
            ],
            [
              -6.00747,
              80.981
            ],
            [
              -5.74715,
              80.9852
            ],
            [
              -5.64409,
              80.82183
            ],
            [
              -5.38815,
              80.82577
            ],
            [
              -5.24692,
              80.58063
            ],
            [
              -4.99741,
              80.58429
            ],
            [
              -4.91152,
              80.42082
            ],
            [
              -4.66607,
              80.42424
            ],
            [
              -4.56789,
              80.21986
            ],
            [
              -4.3274,
              80.22304
            ],
            [
              -4.25572,
              80.0595
            ],
            [
              -4.01903,
              80.06245
            ],
            [
              -3.95352,
              79.89889
            ],
            [
              -3.48742,
              79.90421
            ],
            [
              -3.5017,
              79.94512
            ],
            [
              -3.03323,
              79.94979
            ],
            [
              -3.07098,
              80.07258
            ],
            [
              -3.30817,
              80.07031
            ],
            [
              -3.40707,
              80.35684
            ],
            [
              -3.6512,
              80.35432
            ],
            [
              -3.69857,
              80.47711
            ],
            [
              -3.94571,
              80.47438
            ],
            [
              -4.01513,
              80.63808
            ],
            [
              -4.26644,
              80.63512
            ],
            [
              -4.36234,
              80.83971
            ],
            [
              -4.61908,
              80.8365
            ],
            [
              -4.70361,
              81.00014
            ],
            [
              -4.96482,
              80.99668
            ],
            [
              -5.05731,
              81.16027
            ],
            [
              -5.32312,
              81.15656
            ],
            [
              -5.3985,
              81.27921
            ],
            [
              -5.66779,
              81.27525
            ],
            [
              -5.86132,
              81.56131
            ],
            [
              -6.13941,
              81.55702
            ],
            [
              -6.32433,
              81.80208
            ],
            [
              -6.61036,
              81.79746
            ],
            [
              -6.74568,
              81.96073
            ],
            [
              -7.03711,
              81.9558
            ],
            [
              -7.25981,
              82.20053
            ],
            [
              -7.55988,
              82.19523
            ],
            [
              -7.76439,
              82.39898
            ],
            [
              -8.07193,
              82.39332
            ],
            [
              -8.29606,
              82.59686
            ],
            [
              -8.61141,
              82.59082
            ],
            [
              -8.85697,
              82.79412
            ],
            [
              -9.18048,
              82.78768
            ],
            [
              -9.28623,
              82.86889
            ],
            [
              -9.61274,
              82.86215
            ],
            [
              -9.89731,
              83.06491
            ],
            [
              -10.23243,
              83.05773
            ],
            [
              -10.48015,
              83.21967
            ],
            [
              -10.82229,
              83.21207
            ],
            [
              -11.02202,
              83.33332
            ],
            [
              -10.67387,
              83.34106
            ],
            [
              -10.80699,
              83.42195
            ],
            [
              -11.15927,
              83.41411
            ],
            [
              -11.37159,
              83.53525
            ],
            [
              -11.72933,
              83.52701
            ],
            [
              -11.95631,
              83.6479
            ],
            [
              -12.68192,
              83.63035
            ]
          ]
        ]
      },
      "properties": {
        "filename": "ch2_sar_ndxl_20250630mpcpnpwest_d_cpr_xx_fp_xx_xxx.tif",
        "pole": "north"
      }
    }
  ]
}