Sample_ID,Latitude_deg_SAR,Longitude_deg_SAR,Incidence_Angle_deg_SAR,Ground_Range_m_SAR,Slant_Range_m_SAR,Sat_Pos_X_m_SAR_OAT,Sat_Pos_Y_m_SAR_OAT,Sat_Pos_Z_m_SAR_OAT,Reflectance_OHRC,Elevation_m_TMC2,Slope_deg_TMC2,CPR_DFSAR,Reflectance_IIRS_1500nm,Reflectance_IIRS_2000nm,IIRS_Band_Ratio,IIRS_H2O_Absorption_Depth,Hazard_Class_Label
sample_0001,-86.5188,-145.7955,23.93,81984.96,124717.54,-129646.35,15183.04,-1822967.84,0.1674,-1604.6,20.4,0.2879,,,,,steep_slope_hazard
sample_0002,-86.5262,-144.944,24.83,83500.05,125770.96,-129646.35,15183.04,-1822967.84,0.1674,-1608.8,20.1,0.3678,,,,,steep_slope_hazard
sample_0003,-86.5334,-143.9312,25.91,85300.11,127036.2,-129646.35,15183.04,-1822967.84,0.1674,-1614.1,19.7,0.1538,,,,,steep_slope_hazard
sample_0004,-86.533,-145.618,24.13,82247.43,124898.72,-129646.35,15183.04,-1822967.84,0.1674,-1605.9,20.3,0.2763,,,,,steep_slope_hazard
sample_0005,-86.5407,-144.658,25.15,83952.13,126086.91,-129646.35,15183.04,-1822967.84,0.1674,-1610.7,19.9,0.2187,,,,,steep_slope_hazard
sample_0006,-86.5473,-143.7346,26.11,85586.99,127239.45,-129646.35,15183.04,-1822967.84,0.1674,-1615.3,19.6,0.1328,,,,,steep_slope_hazard
sample_0007,-86.5473,-145.4238,24.35,82539.52,125101.84,-129646.35,15183.04,-1822967.84,0.1674,-1607.2,20.2,0.3484,,,,,steep_slope_hazard
sample_0008,-86.5549,-144.4393,25.39,84282.75,126319.32,-129646.35,15183.04,-1822967.84,0.1674,-1612.2,19.8,0.2666,,,,,steep_slope_hazard
sample_0009,-86.5615,-143.4151,26.46,86004.63,127530.5,-128878.84,15472.15,-1823013.4,0.1674,-1617.7,19.4,0.1279,,,,,steep_slope_hazard
sample_0010,-86.562,-145.131,24.68,82923.56,125363.64,-128878.84,15472.15,-1823013.4,0.1674,-1609.5,20.0,0.2149,,,,,steep_slope_hazard
sample_0011,-86.569,-144.213,25.64,84538.9,126495.05,-128878.84,15472.15,-1823013.4,0.1674,-1614.1,19.7,0.3219,,,,,steep_slope_hazard
sample_0012,-86.5684,-145.8682,23.92,81571.68,124427.11,-128878.84,15472.15,-1823013.4,0.1674,-1606.3,20.3,0.2491,,,,,steep_slope_hazard
sample_0013,-86.5762,-144.9262,24.9,83229.32,125577.12,-128878.84,15472.15,-1823013.4,0.1674,-1610.8,19.9,0.2476,,,,,steep_slope_hazard
sample_0014,-86.5833,-143.9004,25.97,85030.74,126841.14,-128878.84,15472.15,-1823013.4,0.1674,-1615.9,19.5,0.1836,,,,,steep_slope_hazard
sample_0015,-86.5831,-145.6004,24.22,81993.81,124718.38,-128878.84,15472.15,-1823013.4,0.1674,-1608.0,20.2,0.1644,,,,,steep_slope_hazard
sample_0016,-86.5905,-144.7012,25.15,83484.76,125751.13,-128111.31,15761.26,-1823058.6,0.1674,-1612.7,19.8,0.1963,,,,,steep_slope_hazard
sample_0017,-86.5973,-143.6678,26.22,85289.87,127019.83,-128111.31,15761.26,-1823058.6,0.1674,-1617.8,19.3,0.1066,,,,,steep_slope_hazard
sample_0018,-86.5974,-145.3858,24.46,82235.49,124881.4,-128111.31,15761.26,-1823058.6,0.1674,-1609.8,20.0,0.1908,,,,,steep_slope_hazard
sample_0019,-86.6049,-144.3953,25.48,83963.5,126085.83,-128111.31,15761.26,-1823058.6,0.1674,-1614.6,19.6,0.1444,,,,,steep_slope_hazard
sample_0020,-86.6113,-143.4362,26.47,85631.87,127261.44,-128111.31,15761.26,-1823058.6,0.1674,-1619.4,19.2,0.2057,,,,,steep_slope_hazard
sample_0021,-86.6118,-145.1718,24.7,82556.37,125104.43,-128111.31,15761.26,-1823058.6,0.1674,-1611.3,19.9,0.2822,,,,,steep_slope_hazard
sample_0022,-86.6191,-144.1503,25.75,84333.58,126346.0,-128111.31,15761.26,-1823058.6,0.1674,-1616.3,19.5,0.3534,,,,,steep_slope_hazard
sample_0023,-86.6189,-145.7534,24.13,81497.16,124371.08,-128111.31,15761.26,-1823058.6,0.1674,-1609.1,20.1,0.2008,,,,,steep_slope_hazard
sample_0024,-86.6263,-144.8725,25.02,82939.16,125365.42,-127343.75,16050.37,-1823103.44,0.1674,-1613.5,19.7,0.264,,,,,steep_slope_hazard
sample_0025,-86.6329,-144.0072,25.89,84433.35,126410.76,-127343.75,16050.37,-1823103.44,0.1674,-1617.5,19.4,0.1816,,,,,steep_slope_hazard
sample_0026,-86.6333,-145.5532,24.35,81709.34,124513.08,-127343.75,16050.37,-1823103.44,0.1674,-1610.8,19.9,0.3155,,,,,steep_slope_hazard
sample_0027,-86.6406,-144.6416,25.27,83283.86,125606.18,-127343.75,16050.37,-1823103.44,0.1674,-1615.0,19.6,0.3226,,,,,steep_slope_hazard
sample_0028,-86.6473,-143.63,26.29,85028.02,126830.16,-127343.75,16050.37,-1823103.44,0.1674,-1619.8,19.2,0.1681,,,,,steep_slope_hazard
sample_0029,-86.6477,-145.3049,24.62,82089.44,124775.53,-127343.75,16050.37,-1823103.44,0.1674,-1612.4,19.8,0.2593,,,,,steep_slope_hazard
sample_0030,-86.6548,-144.4056,25.53,83637.12,125852.65,-127343.75,16050.37,-1823103.44,0.1674,-1616.6,19.5,0.2616,,,,,steep_slope_hazard
sample_0031,-86.6613,-143.3636,26.58,85334.41,127042.35,-126576.16,16339.46,-1823147.9,0.1674,-1621.9,19.0,0.2495,,,,,steep_slope_hazard
sample_0032,-86.6619,-145.1109,24.82,82284.14,124905.94,-126576.16,16339.46,-1823147.9,0.1674,-1613.9,19.7,0.6011,,,,,steep_slope_hazard
sample_0033,-86.6691,-144.097,25.85,84021.14,126117.22,-126576.16,16339.46,-1823147.9,0.1674,-1618.7,19.3,0.3098,,,,,steep_slope_hazard
sample_0034,-86.6691,-145.7157,24.26,81199.16,124156.34,-126576.16,16339.46,-1823147.9,0.1674,-1611.9,19.8,0.1754,,,,,steep_slope_hazard
sample_0035,-86.6762,-144.898,25.05,82596.66,125122.43,-126576.16,16339.46,-1823147.9,0.1674,-1615.3,19.6,0.2946,,,,,steep_slope_hazard
sample_0036,-86.6832,-143.8688,26.09,84354.42,126351.55,-126576.16,16339.46,-1823147.9,0.1674,-1620.2,19.2,0.6094,,,,,steep_slope_hazard
sample_0037,-86.6835,-145.4893,24.49,81539.43,124391.1,-126576.16,16339.46,-1823147.9,0.1674,-1613.2,19.7,0.7193,,,,,steep_slope_hazard
sample_0038,-86.6906,-144.5947,25.37,82972.77,125379.75,-125808.54,16628.56,-1823192.0,0.1674,-1617.5,19.4,0.1551,,,,,steep_slope_hazard
sample_0039,-86.6972,-143.6237,26.34,84620.39,126533.49,-125808.54,16628.56,-1823192.0,0.1674,-1622.0,19.0,0.1982,,,,,steep_slope_hazard
sample_0040,-86.6976,-145.331,24.66,81669.72,124475.68,-125808.54,16628.56,-1823192.0,0.1674,-1614.6,19.6,0.584,,,,,steep_slope_hazard
sample_0041,-86.7048,-144.3643,25.62,83309.53,125615.04,-125808.54,16628.56,-1823192.0,0.1674,-1619.0,19.2,0.3626,,,,,steep_slope_hazard
sample_0042,-86.7113,-143.3018,26.67,85108.33,126877.86,-125808.54,16628.56,-1823192.0,0.1674,-1623.9,18.8,0.1892,,,,,steep_slope_hazard
sample_0043,-86.712,-145.0773,24.92,82051.39,124739.99,-125808.54,16628.56,-1823192.0,0.1674,-1616.1,19.5,0.4445,,,,,steep_slope_hazard
sample_0044,-86.7189,-144.1258,25.87,83659.82,125859.49,-125808.54,16628.56,-1823192.0,0.1674,-1620.5,19.1,0.3845,,,,,steep_slope_hazard
sample_0045,-86.7188,-145.7657,24.26,80840.44,123904.76,-125808.54,16628.56,-1823192.0,0.1674,-1613.5,19.7,0.5053,,,,,steep_slope_hazard
sample_0046,-86.7262,-144.8726,25.13,82254.4,124876.14,-125040.9,16917.65,-1823235.74,0.1674,-1617.7,19.4,0.6881,,,,,steep_slope_hazard
sample_0047,-86.7332,-143.8163,26.18,84031.13,126115.12,-125040.9,16917.65,-1823235.74,0.1674,-1622.6,18.9,0.3725,,,,,steep_slope_hazard
sample_0048,-86.7332,-145.5611,24.48,81047.25,124042.43,-125040.9,16917.65,-1823235.74,0.1674,-1615.2,19.6,0.2854,,,,,steep_slope_hazard
sample_0049,-86.7404,-144.6335,25.39,82605.42,125119.42,-125040.9,16917.65,-1823235.74,0.1674,-1619.3,19.2,0.241,,,,,steep_slope_hazard
sample_0050,-86.7472,-143.5745,26.43,84380.51,126360.8,-125040.9,16917.65,-1823235.74,0.1674,-1624.1,18.8,0.2474,,,,,steep_slope_hazard
sample_0051,-86.7475,-145.3455,24.7,81362.99,124260.12,-125040.9,16917.65,-1823235.74,0.1674,-1616.5,19.5,0.1269,,,,,steep_slope_hazard
sample_0052,-86.7548,-144.3318,25.69,83061.01,125436.81,-125040.9,16917.65,-1823235.74,0.1674,-1620.9,19.1,0.1418,,,,,steep_slope_hazard
sample_0053,-86.7611,-143.346,26.65,84606.65,126514.67,-124273.24,17206.73,-1823279.11,0.1674,-1625.8,18.7,0.1609,,,,,steep_slope_hazard
sample_0054,-86.7618,-145.1267,24.93,81587.11,124409.35,-124273.24,17206.73,-1823279.11,0.1674,-1618.2,19.3,0.2831,,,,,steep_slope_hazard
sample_0055,-86.7689,-144.0843,25.95,83323.55,125615.62,-124273.24,17206.73,-1823279.11,0.1674,-1622.9,18.9,0.1808,,,,,steep_slope_hazard
sample_0056,-86.7687,-145.7929,24.3,80431.37,123615.32,-124273.24,17206.73,-1823279.11,0.1674,-1615.8,19.5,0.3683,,,,,steep_slope_hazard
sample_0057,-86.7763,-144.8229,25.24,82045.31,124726.51,-124273.24,17206.73,-1823279.11,0.1674,-1619.9,19.2,0.2419,,,,,steep_slope_hazard
sample_0058,-86.783,-143.8399,26.2,83675.97,125861.6,-124273.24,17206.73,-1823279.11,0.1674,-1624.4,18.8,0.1585,,,,,steep_slope_hazard
sample_0059,-86.7829,-145.608,24.49,80694.99,123795.51,-124273.24,17206.73,-1823279.11,0.1674,-1616.9,19.4,0.2119,,,,,steep_slope_hazard
sample_0060,-86.7904,-144.6124,25.45,82247.84,124862.34,-123505.54,17495.81,-1823322.11,0.1674,-1621.5,19.0,0.3406,,,,,steep_slope_hazard
sample_0061,-86.7971,-143.5207,26.51,84050.07,126119.24,-123505.54,17495.81,-1823322.11,0.1674,-1626.4,18.6,0.1624,,,,,steep_slope_hazard
sample_0062,-86.7972,-145.404,24.7,80891.43,123925.92,-123505.54,17495.81,-1823322.11,0.1674,-1618.5,19.3,0.2413,,,,,steep_slope_hazard
sample_0063,-86.8046,-144.3655,25.71,82604.24,125109.45,-123505.54,17495.81,-1823322.11,0.1674,-1623.1,18.9,0.1385,,,,,steep_slope_hazard
sample_0064,-86.8043,-146.0105,24.15,79848.22,123211.62,-123505.54,17495.81,-1823322.11,0.1674,-1616.5,19.5,0.3012,,,,,steep_slope_hazard
sample_0065,-86.8118,-145.1038,25.01,81341.44,124235.9,-123505.54,17495.81,-1823322.11,0.1674,-1620.2,19.1,0.4807,,,,,steep_slope_hazard
sample_0066,-86.8189,-144.0396,26.03,83090.73,125448.4,-123505.54,17495.81,-1823322.11,0.1674,-1624.8,18.8,0.5179,,,,,steep_slope_hazard
sample_0067,-86.8187,-145.7867,24.39,80175.93,123435.89,-123505.54,17495.81,-1823322.11,0.1674,-1618.0,19.3,0.1482,,,,,steep_slope_hazard
sample_0068,-86.8261,-144.8606,25.26,81595.14,124405.7,-122737.82,17784.88,-1823364.75,0.1674,-1622.1,19.0,0.19,,,,,steep_slope_hazard
sample_0069,-86.833,-143.7897,26.28,83344.96,125620.63,-122737.82,17784.88,-1823364.75,0.1674,-1626.7,18.6,0.4229,,,,,steep_slope_hazard
sample_0070,-86.8335,-145.4719,24.71,80551.4,123688.39,-122737.82,17784.88,-1823364.75,0.1674,-1620.1,19.2,0.2163,,,,,steep_slope_hazard
sample_0071,-86.8405,-144.5579,25.56,82042.04,124715.0,-122737.82,17784.88,-1823364.75,0.1674,-1623.7,18.9,0.1976,,,,,steep_slope_hazard
sample_0072,-86.847,-143.5376,26.53,83702.35,125870.88,-122737.82,17784.88,-1823364.75,0.1674,-1628.2,18.5,0.6214,,,,,steep_slope_hazard
sample_0073,-86.8476,-145.2867,24.9,80809.63,123865.12,-122737.82,17784.88,-1823364.75,0.1674,-1621.2,19.1,0.1746,,,,,steep_slope_hazard
sample_0074,-86.8547,-144.3027,25.82,82409.52,124969.47,-122737.82,17784.88,-1823364.75,0.1674,-1625.2,18.7,0.1358,,,,,steep_slope_hazard
sample_0075,-86.855,-145.8507,24.4,79752.73,123137.82,-121970.08,18073.94,-1823407.02,0.1674,-1619.9,19.2,0.1717,,,,,steep_slope_hazard
sample_0076,-86.8621,-145.0103,25.17,81113.19,124069.19,-121970.08,18073.94,-1823407.02,0.1674,-1623.1,18.9,0.1552,,,,,steep_slope_hazard
sample_0077,-86.8687,-144.0697,26.05,82633.03,125120.23,-121970.08,18073.94,-1823407.02,0.1674,-1627.0,18.6,0.2271,,,,,steep_slope_hazard
sample_0078,-86.8693,-145.655,24.6,80027.38,123324.79,-121970.08,18073.94,-1823407.02,0.1674,-1621.1,19.1,0.2368,,,,,steep_slope_hazard
sample_0079,-86.8762,-144.7937,25.38,81417.41,124278.31,-121970.08,18073.94,-1823407.02,0.1674,-1624.3,18.8,0.2014,,,,,steep_slope_hazard
sample_0080,-86.8829,-143.7489,26.36,83100.75,125446.18,-121970.08,18073.94,-1823407.02,0.1674,-1628.7,18.4,0.5446,,,,,steep_slope_hazard
sample_0081,-86.8836,-145.4362,24.83,80339.45,123538.58,-121970.08,18073.94,-1823407.02,0.1674,-1622.5,19.0,0.3888,,,,,steep_slope_hazard
sample_0082,-86.8905,-144.5433,25.64,81670.33,124448.5,-121202.31,18363.0,-1823448.92,0.1674,-1626.3,18.6,0.1995,,,,,steep_slope_hazard
sample_0083,-86.897,-143.4766,26.62,83378.95,125635.19,-121202.31,18363.0,-1823448.92,0.1674,-1630.6,18.3,0.2545,,,,,steep_slope_hazard
sample_0084,-86.898,-145.1652,25.09,80629.66,123732.05,-121202.31,18363.0,-1823448.92,0.1674,-1624.3,18.8,0.2226,,,,,steep_slope_hazard
sample_0085,-86.9047,-144.2495,25.92,82093.35,124741.37,-121202.31,18363.0,-1823448.92,0.1674,-1627.8,18.5,0.3105,,,,,steep_slope_hazard
sample_0086,-86.9053,-145.7732,24.57,79615.92,123040.03,-121202.31,18363.0,-1823448.92,0.1674,-1622.6,19.0,0.287,,,,,steep_slope_hazard
sample_0087,-86.9123,-144.9257,25.33,80969.02,123965.49,-121202.31,18363.0,-1823448.92,0.1674,-1625.6,18.7,0.2928,,,,,steep_slope_hazard
sample_0088,-86.9189,-143.9698,26.19,82491.86,125017.41,-121202.31,18363.0,-1823448.92,0.1674,-1629.3,18.4,0.3303,,,,,steep_slope_hazard
sample_0089,-86.9199,-145.4929,24.85,80025.23,123318.77,-121202.31,18363.0,-1823448.92,0.1674,-1624.1,18.8,0.4827,,,,,steep_slope_hazard
sample_0090,-86.9267,-144.6142,25.63,81315.38,124199.38,-120434.52,18652.06,-1823490.46,0.1674,-1627.7,18.5,0.3188,,,,,steep_slope_hazard
sample_0091,-86.9329,-143.7222,26.43,82726.55,125176.13,-120434.52,18652.06,-1823490.46,0.1674,-1631.1,18.2,0.3255,,,,,steep_slope_hazard
sample_0092,-86.9343,-145.2364,25.11,80286.2,123492.72,-120434.52,18652.06,-1823490.46,0.1674,-1626.0,18.7,0.1857,,,,,steep_slope_hazard
sample_0093,-86.9407,-144.4225,25.81,81572.17,124375.97,-120434.52,18652.06,-1823490.46,0.1674,-1628.7,18.4,0.2064,,,,,steep_slope_hazard
sample_0094,-86.9472,-143.2803,26.86,83376.44,125628.96,-120434.52,18652.06,-1823490.46,0.1674,-1633.4,18.0,0.4612,,,,,steep_slope_hazard
sample_0095,-86.9486,-145.0112,25.33,80600.47,123708.33,-120434.52,18652.06,-1823490.46,0.1674,-1627.3,18.6,0.162,,,,,steep_slope_hazard
sample_0096,-86.955,-144.1262,26.11,81994.57,124668.45,-120434.52,18652.06,-1823490.46,0.1674,-1630.5,18.3,0.5471,,,,,steep_slope_hazard
sample_0097,-86.9561,-145.5929,24.84,79537.98,122977.52,-119666.7,18941.11,-1823531.64,0.1674,-1626.1,18.7,0.1886,,,,,steep_slope_hazard
sample_0098,-86.9629,-144.7396,25.59,80877.37,123893.13,-119666.7,18941.11,-1823531.64,0.1674,-1629.1,18.4,0.1407,,,,,steep_slope_hazard
sample_0099,-86.9693,-143.7454,26.47,82435.22,124969.54,-119666.7,18941.11,-1823531.64,0.1674,-1632.8,18.1,0.8528,,,,,steep_slope_hazard
sample_0100,-86.9704,-145.3523,25.09,79876.06,123208.42,-119666.7,18941.11,-1823531.64,0.1674,-1627.6,18.5,0.2336,,,,,steep_slope_hazard
sample_0101,-86.9771,-144.4906,25.83,81223.34,124131.44,-119666.7,18941.11,-1823531.64,0.1674,-1630.5,18.3,0.9975,,,,,steep_slope_hazard
sample_0102,-86.9834,-143.4574,26.75,82836.44,125248.19,-119666.7,18941.11,-1823531.64,0.1674,-1634.4,18.0,0.4346,,,,,steep_slope_hazard
sample_0103,-86.9849,-145.0747,25.35,80271.21,123477.92,-119666.7,18941.11,-1823531.64,0.1674,-1628.9,18.4,0.1786,,,,,steep_slope_hazard
sample_0104,-86.9914,-144.1607,26.14,81583.07,124375.0,-118898.85,19230.15,-1823572.44,0.1674,-1632.6,18.1,0.6659,,,,,steep_slope_hazard
sample_0105,-86.9974,-143.1073,27.09,83217.79,125509.68,-118898.85,19230.15,-1823572.44,0.1674,-1636.8,17.8,0.0584,,,,,steep_slope_hazard
sample_0106,-86.999,-144.8687,25.54,80439.57,123588.58,-118898.85,19230.15,-1823572.44,0.1674,-1630.4,18.3,0.3314,,,,,steep_slope_hazard
sample_0107,-87.0056,-143.8582,26.44,82005.7,124666.99,-118898.85,19230.15,-1823572.44,0.1674,-1634.3,18.0,0.7521,,,,,steep_slope_hazard
sample_0108,-87.0064,-145.4909,25.02,79435.98,122903.46,-118898.85,19230.15,-1823572.44,0.1674,-1628.7,18.4,0.3216,,,,,steep_slope_hazard
sample_0109,-87.0133,-144.5966,25.81,80819.48,123849.58,-118898.85,19230.15,-1823572.44,0.1674,-1632.0,18.2,0.9614,,,,,steep_slope_hazard
sample_0110,-87.0198,-143.4882,26.8,82531.84,125032.45,-118898.85,19230.15,-1823572.44,0.1674,-1636.3,17.8,0.2687,,,,,steep_slope_hazard
sample_0111,-87.0206,-145.3069,25.19,79682.95,123071.87,-118898.85,19230.15,-1823572.44,0.1674,-1629.6,18.4,0.3946,,,,,steep_slope_hazard
sample_0112,-87.0278,-144.2113,26.18,81258.51,124146.55,-118130.98,19519.18,-1823612.88,0.1674,-1634.5,18.0,1.2318,,,,,steep_slope_hazard
sample_0113,-87.034,-143.061,27.21,83024.69,125370.51,-118130.98,19519.18,-1823612.88,0.1674,-1639.1,17.6,0.4366,,,,,steep_slope_hazard
sample_0114,-87.0349,-145.057,25.44,79916.03,123226.37,-118130.98,19519.18,-1823612.88,0.1674,-1631.6,18.2,0.2849,,,,,steep_slope_hazard
sample_0115,-87.042,-143.8844,26.5,81715.48,124462.33,-118130.98,19519.18,-1823612.88,0.1674,-1636.3,17.8,0.9465,,,,,steep_slope_hazard
sample_0116,-87.0421,-145.7264,24.87,78852.1,122502.78,-118130.98,19519.18,-1823612.88,0.1674,-1629.5,18.4,0.4264,,,,,steep_slope_hazard
sample_0117,-87.0496,-144.6654,25.81,80478.12,123610.45,-118130.98,19519.18,-1823612.88,0.1674,-1633.5,18.0,0.2393,,,,,steep_slope_hazard
sample_0118,-87.0562,-143.5137,26.84,82237.84,124823.65,-118130.98,19519.18,-1823612.88,0.1674,-1638.1,17.7,0.9901,,,,,steep_slope_hazard
sample_0119,-87.0565,-145.4683,25.12,79098.88,122665.56,-117363.09,19808.22,-1823652.96,0.1674,-1631.4,18.2,0.4405,,,,,steep_slope_hazard
sample_0120,-87.0639,-144.339,26.13,80819.24,123840.13,-117363.09,19808.22,-1823652.96,0.1674,-1635.8,17.9,0.4892,,,,,steep_slope_hazard
sample_0121,-87.0702,-143.1809,27.16,82577.6,125055.2,-117363.09,19808.22,-1823652.96,0.1674,-1640.4,17.5,0.6975,,,,,steep_slope_hazard
sample_0122,-87.0711,-145.1291,25.44,79578.57,122991.33,-117363.09,19808.22,-1823652.96,0.1674,-1633.0,18.1,0.3598,,,,,steep_slope_hazard
sample_0123,-87.0781,-144.0398,26.42,81230.39,124122.81,-117363.09,19808.22,-1823652.96,0.1674,-1637.4,17.7,0.544,,,,,steep_slope_hazard
sample_0124,-87.0841,-142.88,27.43,82984.14,125338.44,-117363.09,19808.22,-1823652.96,0.1674,-1641.9,17.3,0.5897,,,,,steep_slope_hazard
sample_0125,-87.0851,-144.9585,25.59,79799.1,123141.8,-117363.09,19808.22,-1823652.96,0.1674,-1633.9,18.0,0.1976,,,,,steep_slope_hazard
sample_0126,-87.0924,-143.6512,26.78,81655.46,124411.62,-116595.17,20097.24,-1823692.67,0.1674,-1639.9,17.5,0.3025,,,,,steep_slope_hazard
sample_0127,-87.0925,-145.6233,25.04,78643.02,122351.53,-116595.17,20097.24,-1823692.67,0.1674,-1632.5,18.1,0.0682,,,,,steep_slope_hazard
sample_0128,-87.0999,-144.5331,26.02,80284.99,123468.95,-116595.17,20097.24,-1823692.67,0.1674,-1636.8,17.8,0.3912,,,,,steep_slope_hazard
sample_0129,-87.1063,-143.3873,27.02,82005.13,124653.69,-116595.17,20097.24,-1823692.67,0.1674,-1641.2,17.4,0.1698,,,,,steep_slope_hazard
sample_0130,-87.107,-145.331,25.33,79048.25,122626.56,-116595.17,20097.24,-1823692.67,0.1674,-1634.1,18.0,0.0513,,,,,steep_slope_hazard
sample_0131,-87.1143,-144.1495,26.37,80821.04,123836.84,-116595.17,20097.24,-1823692.67,0.1674,-1638.6,17.6,0.2886,,,,,steep_slope_hazard
sample_0132,-87.1204,-143.0096,27.35,82524.56,125013.7,-116595.17,20097.24,-1823692.67,0.1674,-1642.9,17.3,0.2217,,,,,steep_slope_hazard
sample_0133,-87.1214,-145.031,25.62,79463.7,122908.57,-116595.17,20097.24,-1823692.67,0.1674,-1635.7,17.9,0.3389,,,,,steep_slope_hazard
sample_0134,-87.1284,-143.8703,26.63,81074.52,124006.61,-115827.23,20386.26,-1823732.01,0.1674,-1640.6,17.4,0.2312,,,,,steep_slope_hazard
sample_0135,-87.1342,-142.7258,27.61,82774.39,125183.03,-115827.23,20386.26,-1823732.01,0.1674,-1644.9,17.1,0.3498,,,,,steep_slope_hazard
sample_0136,-87.136,-144.6591,25.96,79861.13,123174.87,-115827.23,20386.26,-1823732.01,0.1674,-1638.0,17.7,0.4904,,,,,steep_slope_hazard
sample_0137,-87.1426,-143.5119,26.95,81563.25,124343.27,-115827.23,20386.26,-1823732.01,0.1674,-1642.3,17.3,0.1661,,,,,steep_slope_hazard
sample_0138,-87.1427,-145.5497,25.2,78501.73,122251.4,-115827.23,20386.26,-1823732.01,0.1674,-1635.0,17.9,0.4485,,,,,steep_slope_hazard
sample_0139,-87.1503,-144.3497,26.25,80281.96,123462.88,-115827.23,20386.26,-1823732.01,0.1674,-1639.6,17.5,0.467,,,,,steep_slope_hazard
sample_0140,-87.1565,-143.2444,27.19,81914.56,124586.42,-115827.23,20386.26,-1823732.01,0.1674,-1643.6,17.2,0.1247,,,,,steep_slope_hazard
sample_0141,-87.1573,-145.2177,25.5,78840.49,122476.01,-115059.26,20675.27,-1823770.99,0.1674,-1637.0,17.7,0.4322,,,,,steep_slope_hazard
sample_0142,-87.1644,-144.0823,26.5,80513.2,123616.22,-115059.26,20675.27,-1823770.99,0.1674,-1641.5,17.4,0.3366,,,,,steep_slope_hazard
sample_0143,-87.1702,-143.0013,27.39,82099.95,124709.56,-115059.26,20675.27,-1823770.99,0.1674,-1645.2,17.1,0.1467,,,,,steep_slope_hazard
sample_0144,-87.1716,-144.97,25.73,79169.41,122699.45,-115059.26,20675.27,-1823770.99,0.1674,-1638.3,17.6,0.8253,,,,,steep_slope_hazard
sample_0145,-87.1785,-143.7649,26.77,80938.17,123908.14,-115059.26,20675.27,-1823770.99,0.1674,-1642.9,17.3,0.2278,,,,,steep_slope_hazard
sample_0146,-87.1841,-142.6863,27.65,82514.26,124997.2,-115059.26,20675.27,-1823770.99,0.1674,-1646.5,17.0,0.2937,,,,,steep_slope_hazard
sample_0147,-87.1858,-144.691,25.99,79543.87,122953.81,-115059.26,20675.27,-1823770.99,0.1674,-1639.7,17.5,0.3609,,,,,steep_slope_hazard
sample_0148,-87.1924,-143.5391,26.96,81099.4,124014.4,-114291.27,20964.28,-1823809.6,0.1674,-1644.4,17.1,0.1916,,,,,steep_slope_hazard
sample_0149,-87.1927,-145.5387,25.27,78147.17,122002.88,-114291.27,20964.28,-1823809.6,0.1674,-1637.4,17.7,0.6459,,,,,steep_slope_hazard
sample_0150,-87.2003,-144.3237,26.32,79917.73,123204.19,-114291.27,20964.28,-1823809.6,0.1674,-1642.0,17.3,0.1228,,,,,steep_slope_hazard
sample_0151,-87.2064,-143.1896,27.26,81563.59,124334.12,-114291.27,20964.28,-1823809.6,0.1674,-1646.0,17.0,0.1149,,,,,steep_slope_hazard
sample_0152,-87.2071,-145.2776,25.51,78495.07,122237.44,-114291.27,20964.28,-1823809.6,0.1674,-1638.7,17.6,0.6922,,,,,steep_slope_hazard
sample_0153,-87.2143,-144.08,26.53,80232.68,123419.7,-114291.27,20964.28,-1823809.6,0.1674,-1643.1,17.2,0.2133,,,,,steep_slope_hazard
sample_0154,-87.2202,-142.9513,27.46,81863.55,124541.68,-114291.27,20964.28,-1823809.6,0.1674,-1647.0,16.9,0.1344,,,,,steep_slope_hazard
sample_0155,-87.2217,-144.9055,25.85,79003.51,122582.05,-114291.27,20964.28,-1823809.6,0.1674,-1640.5,17.5,0.311,,,,,steep_slope_hazard
sample_0156,-87.2282,-143.84,26.74,80411.84,123537.24,-113523.26,21253.28,-1823847.84,0.1674,-1644.8,17.1,0.2823,,,,,steep_slope_hazard
sample_0157,-87.2339,-142.717,27.65,82024.06,124647.62,-113523.26,21253.28,-1823847.84,0.1674,-1648.6,16.8,0.4422,,,,,steep_slope_hazard
sample_0158,-87.236,-144.6212,26.11,79251.11,122745.61,-113523.26,21253.28,-1823847.84,0.1674,-1642.4,17.3,0.2493,,,,,steep_slope_hazard
sample_0159,-87.2423,-143.4907,27.03,80872.86,123853.75,-113523.26,21253.28,-1823847.84,0.1674,-1646.2,17.0,0.1682,,,,,steep_slope_hazard
sample_0160,-87.2428,-145.5196,25.35,77927.69,121850.12,-113523.26,21253.28,-1823847.84,0.1674,-1639.3,17.6,0.4277,,,,,steep_slope_hazard
sample_0161,-87.2501,-144.3613,26.33,79588.56,122974.85,-113523.26,21253.28,-1823847.84,0.1674,-1643.6,17.2,0.2653,,,,,steep_slope_hazard
sample_0162,-87.2562,-143.2514,27.23,81173.33,124060.18,-113523.26,21253.28,-1823847.84,0.1674,-1647.3,16.9,0.212,,,,,steep_slope_hazard
sample_0163,-87.2572,-145.2191,25.63,78201.06,122029.83,-112755.22,21542.27,-1823885.72,0.1674,-1641.4,17.4,0.156,,,,,steep_slope_hazard
sample_0164,-87.2644,-143.9991,26.65,79938.88,123209.25,-112755.22,21542.27,-1823885.72,0.1674,-1645.8,17.0,0.1673,,,,,steep_slope_hazard
sample_0165,-87.2701,-142.9056,27.51,81489.77,124273.7,-112755.22,21542.27,-1823885.72,0.1674,-1649.2,16.7,0.1673,,,,,steep_slope_hazard
sample_0166,-87.2716,-144.9221,25.9,78591.72,122293.5,-112755.22,21542.27,-1823885.72,0.1674,-1642.9,17.3,0.2211,,,,,steep_slope_hazard
sample_0167,-87.2783,-143.7514,26.85,80251.6,123422.68,-112755.22,21542.27,-1823885.72,0.1674,-1646.8,16.9,0.1654,,,,,steep_slope_hazard
sample_0168,-87.2784,-145.7728,25.2,77354.42,121460.57,-112755.22,21542.27,-1823885.72,0.1674,-1640.2,17.5,0.2221,,,,,steep_slope_hazard
sample_0169,-87.2861,-144.5488,26.22,79089.28,122630.83,-112755.22,21542.27,-1823885.72,0.1674,-1644.5,17.1,0.1826,,,,,steep_slope_hazard
sample_0170,-87.2922,-143.495,27.07,80441.64,123548.23,-111987.16,21831.26,-1823923.24,0.1674,-1648.6,16.8,0.1671,,,,,steep_slope_hazard
sample_0171,-87.2929,-145.4764,25.47,77617.08,121631.7,-111987.16,21831.26,-1823923.24,0.1674,-1642.2,17.3,0.1625,,,,,steep_slope_hazard
sample_0172,-87.3002,-144.2926,26.44,79283.27,122757.46,-111987.16,21831.26,-1823923.24,0.1674,-1646.2,17.0,0.3594,,,,,steep_slope_hazard
sample_0173,-87.3062,-143.1449,27.35,80892.12,123857.59,-111987.16,21831.26,-1823923.24,0.1674,-1649.9,16.7,0.1844,,,,,steep_slope_hazard
sample_0174,-87.3075,-145.1317,25.77,78073.12,121938.76,-111987.16,21831.26,-1823923.24,0.1674,-1643.7,17.2,0.1443,,,,,steep_slope_hazard
sample_0175,-87.3142,-144.0333,26.66,79611.27,122980.92,-111987.16,21831.26,-1823923.24,0.1674,-1647.4,16.9,0.2049,,,,,steep_slope_hazard
sample_0176,-87.32,-142.8732,27.57,81230.23,124089.98,-111987.16,21831.26,-1823923.24,0.1674,-1651.1,16.6,0.1217,,,,,steep_slope_hazard
sample_0177,-87.3217,-144.8635,26.0,78419.57,122172.24,-111987.16,21831.26,-1823923.24,0.1674,-1644.9,17.1,0.2171,,,,,steep_slope_hazard
sample_0178,-87.3283,-143.7011,26.93,79903.49,123175.56,-111219.08,22120.24,-1823960.38,0.1674,-1649.3,16.7,0.2245,,,,,steep_slope_hazard
sample_0179,-87.3286,-145.712,25.33,77074.17,121263.22,-111219.08,22120.24,-1823960.38,0.1674,-1643.0,17.3,0.2041,,,,,steep_slope_hazard
sample_0180,-87.3358,-144.6026,26.23,78616.76,122300.92,-111219.08,22120.24,-1823960.38,0.1674,-1646.7,16.9,0.3024,,,,,steep_slope_hazard
sample_0181,-87.3422,-143.4372,27.15,80230.61,123398.95,-111219.08,22120.24,-1823960.38,0.1674,-1650.5,16.6,0.205,,,,,steep_slope_hazard
sample_0182,-87.3428,-145.491,25.52,77355.01,121450.92,-111219.08,22120.24,-1823960.38,0.1674,-1643.9,17.2,0.254,,,,,steep_slope_hazard
sample_0183,-87.3501,-144.2686,26.5,79047.37,122592.82,-111219.08,22120.24,-1823960.38,0.1674,-1648.0,16.8,0.2796,,,,,steep_slope_hazard
sample_0184,-87.356,-143.1643,27.37,80569.08,123631.01,-111219.08,22120.24,-1823960.38,0.1674,-1651.6,16.5,0.1433,,,,,steep_slope_hazard
sample_0185,-87.3572,-145.1944,25.78,77604.07,121613.4,-110450.97,22409.21,-1823997.16,0.1674,-1645.9,17.0,0.1317,,,,,steep_slope_hazard
sample_0186,-87.3642,-143.9893,26.73,79260.82,122732.72,-110450.97,22409.21,-1823997.16,0.1674,-1649.7,16.7,0.189,,,,,steep_slope_hazard
sample_0187,-87.3699,-142.7833,27.67,80912.69,123861.87,-110450.97,22409.21,-1823997.16,0.1674,-1653.6,16.4,0.2014,,,,,steep_slope_hazard
sample_0188,-87.3717,-144.8323,26.08,78073.08,121929.12,-110450.97,22409.21,-1823997.16,0.1674,-1647.3,16.9,0.2495,,,,,steep_slope_hazard
sample_0189,-87.3781,-143.754,26.92,79547.33,122927.82,-110450.97,22409.21,-1823997.16,0.1674,-1650.7,16.6,0.1456,,,,,steep_slope_hazard
sample_0190,-87.3782,-145.8263,25.3,76683.92,120997.52,-110450.97,22409.21,-1823997.16,0.1674,-1644.4,17.1,0.109,,,,,steep_slope_hazard
sample_0191,-87.3858,-144.5857,26.29,78381.08,122136.72,-110450.97,22409.21,-1823997.16,0.1674,-1648.5,16.8,0.3402,,,,,steep_slope_hazard
sample_0192,-87.3922,-143.3651,27.23,79902.21,123165.17,-109682.84,22698.18,-1824033.58,0.1674,-1652.8,16.4,0.1907,,,,,steep_slope_hazard
sample_0193,-87.393,-145.4255,25.64,77071.48,121251.77,-109682.84,22698.18,-1824033.58,0.1674,-1646.6,16.9,0.1637,,,,,steep_slope_hazard
sample_0194,-87.3997,-144.3991,26.43,78464.28,122188.07,-109682.84,22698.18,-1824033.58,0.1674,-1649.7,16.7,0.2932,,,,,steep_slope_hazard
sample_0195,-87.4059,-143.1185,27.42,80197.29,123366.57,-109682.84,22698.18,-1824033.58,0.1674,-1653.8,16.4,0.2526,,,,,steep_slope_hazard
sample_0196,-87.4071,-145.2258,25.8,77316.19,121415.26,-109682.84,22698.18,-1824033.58,0.1674,-1647.4,16.9,1.1102,,,,,steep_slope_hazard
sample_0197,-87.4141,-143.9812,26.77,78998.48,122550.07,-109682.84,22698.18,-1824033.58,0.1674,-1651.4,16.6,0.0813,,,,,steep_slope_hazard
sample_0198,-87.4197,-142.8566,27.63,80511.6,123582.02,-109682.84,22698.18,-1824033.58,0.1674,-1654.9,16.3,0.2759,,,,,steep_slope_hazard
sample_0199,-87.4213,-144.9477,26.04,77666.81,121650.81,-109682.84,22698.18,-1824033.58,0.1674,-1648.7,16.8,0.257,,,,,steep_slope_hazard
sample_0200,-87.428,-143.7055,26.99,79194.21,122677.82,-108914.68,22987.14,-1824069.62,0.1674,-1653.1,16.4,0.2145,,,,,steep_slope_hazard
sample_0201,-87.4281,-145.8364,25.35,76305.99,120735.83,-108914.68,22987.14,-1824069.62,0.1674,-1646.7,16.9,0.1244,,,,,steep_slope_hazard
sample_0202,-87.4358,-144.5692,26.34,78006.15,121874.34,-108914.68,22987.14,-1824069.62,0.1674,-1650.7,16.6,0.3552,,,,,steep_slope_hazard
sample_0203,-87.4419,-143.4385,27.2,79515.66,122896.65,-108914.68,22987.14,-1824069.62,0.1674,-1654.2,16.3,0.3057,,,,,steep_slope_hazard
sample_0204,-87.4425,-145.5771,25.57,76631.55,120952.91,-108914.68,22987.14,-1824069.62,0.1674,-1647.8,16.8,0.2921,,,,,steep_slope_hazard
sample_0205,-87.4499,-144.2928,26.57,78346.26,122103.61,-108914.68,22987.14,-1824069.62,0.1674,-1651.9,16.5,0.3668,,,,,steep_slope_hazard
sample_0206,-87.4558,-143.0886,27.47,79946.66,123190.39,-108914.68,22987.14,-1824069.62,0.1674,-1655.5,16.2,0.2539,,,,,steep_slope_hazard
sample_0207,-87.4571,-145.1917,25.89,76981.57,121181.9,-108146.51,23276.09,-1824105.31,0.1674,-1650.0,16.7,0.4752,,,,,steep_slope_hazard
sample_0208,-87.4639,-144.0137,26.79,78542.38,122231.37,-108146.51,23276.09,-1824105.31,0.1674,-1653.7,16.4,0.3047,,,,,steep_slope_hazard
sample_0209,-87.4696,-142.819,27.67,80119.06,123303.47,-108146.51,23276.09,-1824105.31,0.1674,-1657.1,16.1,0.1717,,,,,steep_slope_hazard
sample_0210,-87.4713,-144.9148,26.11,77322.89,121410.12,-108146.51,23276.09,-1824105.31,0.1674,-1651.1,16.6,0.1868,,,,,steep_slope_hazard
sample_0211,-87.4779,-143.6751,27.05,78957.69,122512.46,-108146.51,23276.09,-1824105.31,0.1674,-1654.9,16.3,0.0764,,,,,steep_slope_hazard
sample_0212,-87.4783,-145.7879,25.47,76147.27,120626.0,-108146.51,23276.09,-1824105.31,0.1674,-1648.9,16.8,0.1733,,,,,steep_slope_hazard
sample_0213,-87.4855,-144.6473,26.33,77650.12,121629.98,-108146.51,23276.09,-1824105.31,0.1674,-1652.2,16.5,0.2223,,,,,steep_slope_hazard
sample_0214,-87.4918,-143.4222,27.24,79257.49,122716.13,-108146.51,23276.09,-1824105.31,0.1674,-1655.8,16.2,0.1605,,,,,steep_slope_hazard
sample_0215,-87.4927,-145.5012,25.7,76360.42,120762.52,-107378.31,23565.04,-1824140.62,0.1674,-1650.6,16.6,0.1348,,,,,steep_slope_hazard
sample_0216,-87.4998,-144.2846,26.61,77952.17,121827.99,-107378.31,23565.04,-1824140.62,0.1674,-1654.2,16.3,0.3102,,,,,steep_slope_hazard
sample_0217,-87.5056,-143.1704,27.42,79402.91,122810.2,-107378.31,23565.04,-1824140.62,0.1674,-1657.3,16.1,0.1447,,,,,steep_slope_hazard
sample_0218,-87.5069,-145.2356,25.92,76685.76,120979.48,-107378.31,23565.04,-1824140.62,0.1674,-1651.7,16.5,0.3444,,,,,steep_slope_hazard
sample_0219,-87.5137,-144.0216,26.81,78266.08,122039.73,-107378.31,23565.04,-1824140.62,0.1674,-1655.1,16.2,0.2014,,,,,steep_slope_hazard
sample_0220,-87.5137,-146.1134,25.27,75522.04,120206.37,-107378.31,23565.04,-1824140.62,0.1674,-1649.4,16.7,0.1297,,,,,steep_slope_hazard
sample_0221,-87.5214,-144.8611,26.21,77151.6,121290.54,-107378.31,23565.04,-1824140.62,0.1674,-1653.0,16.4,0.3309,,,,,steep_slope_hazard
sample_0222,-87.5277,-143.768,27.0,78415.75,122136.03,-106610.09,23853.98,-1824175.57,0.1674,-1656.7,16.1,0.1412,,,,,steep_slope_hazard
sample_0223,-87.5281,-145.8309,25.51,75725.72,120336.47,-106610.09,23853.98,-1824175.57,0.1674,-1651.3,16.6,0.1217,,,,,steep_slope_hazard
sample_0224,-87.5355,-144.5992,26.42,77316.73,121396.43,-106610.09,23853.98,-1824175.57,0.1674,-1654.8,16.3,0.3308,,,,,steep_slope_hazard
sample_0225,-87.5418,-143.3557,27.32,78915.32,122474.09,-106610.09,23853.98,-1824175.57,0.1674,-1658.3,16.0,0.1419,,,,,steep_slope_hazard
sample_0226,-87.543,-145.4025,25.85,76260.48,120691.19,-106610.09,23853.98,-1824175.57,0.1674,-1652.8,16.4,0.1437,,,,,steep_slope_hazard
sample_0227,-87.5499,-144.2043,26.74,77799.16,121720.73,-106610.09,23853.98,-1824175.57,0.1674,-1656.4,16.1,0.2173,,,,,steep_slope_hazard
sample_0228,-87.5557,-142.9758,27.61,79370.05,122783.15,-106610.09,23853.98,-1824175.57,0.1674,-1659.7,15.9,0.178,,,,,steep_slope_hazard
sample_0229,-87.5576,-144.9969,26.19,76611.71,120920.58,-105841.84,24142.91,-1824210.15,0.1674,-1655.3,16.2,0.09,,,,,steep_slope_hazard
sample_0230,-87.5642,-143.7225,27.12,78236.35,122010.39,-105841.84,24142.91,-1824210.15,0.1674,-1658.9,15.9,0.1116,,,,,steep_slope_hazard
sample_0231,-87.5642,-145.969,25.49,75349.86,120083.09,-105841.84,24142.91,-1824210.15,0.1674,-1652.8,16.4,0.1714,,,,,steep_slope_hazard
sample_0232,-87.5721,-144.5922,26.52,77104.35,121250.04,-105841.84,24142.91,-1824210.15,0.1674,-1656.9,16.1,0.164,,,,,steep_slope_hazard
sample_0233,-87.5783,-143.3444,27.41,78686.01,122314.53,-105841.84,24142.91,-1824210.15,0.1674,-1660.4,15.8,0.1741,,,,,steep_slope_hazard
sample_0234,-87.5794,-145.4425,25.93,76004.55,120517.06,-105841.84,24142.91,-1824210.15,0.1674,-1655.0,16.3,0.3739,,,,,steep_slope_hazard
sample_0235,-87.5866,-144.1072,26.9,77695.69,121646.57,-105841.84,24142.91,-1824210.15,0.1674,-1658.8,15.9,0.1972,,,,,steep_slope_hazard
sample_0236,-87.5921,-143.0062,27.67,79082.67,122583.43,-105841.84,24142.91,-1824210.15,0.1674,-1661.7,15.7,0.2425,,,,,steep_slope_hazard
sample_0237,-87.5942,-144.9747,26.31,76425.63,120792.44,-105073.58,24431.84,-1824244.37,0.1674,-1657.5,16.0,0.1685,,,,,steep_slope_hazard
sample_0238,-87.6008,-143.6792,27.24,78053.62,121883.04,-105073.58,24431.84,-1824244.37,0.1674,-1661.2,15.7,0.2557,,,,,steep_slope_hazard
sample_0239,-87.606,-142.5895,27.97,79415.9,122805.29,-105073.58,24431.84,-1824244.37,0.1674,-1663.8,15.5,0.2228,,,,,steep_slope_hazard
sample_0240,-87.6089,-144.4641,26.72,77045.63,121206.32,-105073.58,24431.84,-1824244.37,0.1674,-1659.6,15.9,0.1575,,,,,steep_slope_hazard
sample_0241,-87.6148,-143.3473,27.49,78439.84,122143.89,-105073.58,24431.84,-1824244.37,0.1674,-1662.4,15.6,0.3234,,,,,steep_slope_hazard
sample_0242,-87.6157,-145.5434,25.94,75675.05,120294.23,-105073.58,24431.84,-1824244.37,0.1674,-1656.6,16.1,0.3068,,,,,steep_slope_hazard
sample_0243,-87.6231,-144.0924,27.01,77487.18,121502.47,-105073.58,24431.84,-1824244.37,0.1674,-1661.0,15.7,0.2269,,,,,steep_slope_hazard
sample_0244,-87.6287,-142.9811,27.75,78708.23,122320.41,-104305.29,24720.76,-1824278.22,0.1674,-1664.3,15.5,0.2275,,,,,steep_slope_hazard
sample_0245,-87.63,-145.2289,26.19,75895.78,120435.44,-104305.29,24720.76,-1824278.22,0.1674,-1658.6,16.0,0.1956,,,,,steep_slope_hazard
sample_0246,-87.6372,-143.7628,27.26,77713.1,121649.53,-104305.29,24720.76,-1824278.22,0.1674,-1663.0,15.6,0.2839,,,,,steep_slope_hazard
sample_0247,-87.6424,-142.6957,27.95,79027.93,122537.27,-104305.29,24720.76,-1824278.22,0.1674,-1665.3,15.4,0.1868,,,,,steep_slope_hazard
sample_0248,-87.6443,-144.893,26.43,76293.54,120699.68,-104305.29,24720.76,-1824278.22,0.1674,-1659.6,15.9,0.2255,,,,,steep_slope_hazard
sample_0249,-87.6511,-143.41,27.5,78121.63,121924.33,-104305.29,24720.76,-1824278.22,0.1674,-1664.0,15.5,0.1941,,,,,steep_slope_hazard
sample_0250,-87.656,-142.4171,28.14,79337.74,122747.5,-104305.29,24720.76,-1824278.22,0.1674,-1666.1,15.3,0.2097,,,,,steep_slope_hazard
sample_0251,-87.6591,-144.3508,26.87,76784.09,121022.24,-103536.98,25009.67,-1824311.71,0.1674,-1662.6,15.6,0.168,,,,,steep_slope_hazard
sample_0252,-87.6649,-143.1877,27.65,78205.42,121976.0,-103536.98,25009.67,-1824311.71,0.1674,-1665.4,15.4,0.2186,,,,,steep_slope_hazard
sample_0253,-87.6664,-145.2921,26.22,75611.25,120242.45,-103536.98,25009.67,-1824311.71,0.1674,-1660.2,15.8,0.1413,,,,,steep_slope_hazard
sample_0254,-87.6733,-143.9748,27.14,77220.18,121313.71,-103536.98,25009.67,-1824311.71,0.1674,-1663.8,15.5,0.1809,,,,,steep_slope_hazard
sample_0255,-87.6785,-142.96,27.8,78452.68,122142.71,-103536.98,25009.67,-1824311.71,0.1674,-1666.0,15.3,0.1829,,,,,steep_slope_hazard
sample_0256,-87.6809,-144.8778,26.55,76100.76,120567.37,-103536.98,25009.67,-1824311.71,0.1674,-1661.9,15.7,0.2033,,,,,steep_slope_hazard
sample_0257,-87.6871,-143.7534,27.29,77465.29,121478.09,-103536.98,25009.67,-1824311.71,0.1674,-1664.4,15.5,0.1427,,,,,steep_slope_hazard
sample_0258,-87.6922,-142.6924,27.96,78747.26,122341.93,-103536.98,25009.67,-1824311.71,0.1674,-1666.6,15.3,0.2487,,,,,steep_slope_hazard
sample_0259,-87.695,-144.6296,26.73,76223.08,120643.54,-102768.65,25298.58,-1824344.82,0.1674,-1663.5,15.5,0.1895,,,,,steep_slope_hazard
sample_0260,-87.7008,-143.5473,27.42,77526.82,121514.13,-102768.65,25298.58,-1824344.82,0.1674,-1665.7,15.4,0.3074,,,,,steep_slope_hazard
sample_0261,-87.7058,-142.5014,28.07,78781.18,122359.91,-102768.65,25298.58,-1824344.82,0.1674,-1667.8,15.2,0.2798,,,,,steep_slope_hazard
sample_0262,-87.709,-144.3376,26.92,76554.81,120864.28,-102768.65,25298.58,-1824344.82,0.1674,-1664.2,15.5,0.153,,,,,steep_slope_hazard
sample_0263,-87.7146,-143.252,27.61,77855.11,121734.79,-102768.65,25298.58,-1824344.82,0.1674,-1666.5,15.3,0.5087,,,,,steep_slope_hazard
sample_0264,-87.7165,-145.2215,26.36,75477.35,120149.25,-102768.65,25298.58,-1824344.82,0.1674,-1662.5,15.6,0.2086,,,,,steep_slope_hazard
sample_0265,-87.7228,-144.1315,27.06,76781.76,121015.4,-102768.65,25298.58,-1824344.82,0.1674,-1664.8,15.4,0.3071,,,,,steep_slope_hazard
sample_0266,-87.7284,-142.9539,27.81,78019.27,121840.5,-102000.29,25587.48,-1824377.58,0.1674,-1668.1,15.2,0.2874,,,,,steep_slope_hazard
sample_0267,-87.7308,-144.9052,26.58,75677.7,120276.84,-102000.29,25587.48,-1824377.58,0.1674,-1664.2,15.5,0.1991,,,,,steep_slope_hazard
sample_0268,-87.7368,-143.8087,27.27,76979.76,121142.77,-102000.29,25587.48,-1824377.58,0.1674,-1666.4,15.3,0.1635,,,,,steep_slope_hazard
sample_0269,-87.7421,-142.6383,28.03,78363.78,122072.91,-102000.29,25587.48,-1824377.58,0.1674,-1669.2,15.1,0.2772,,,,,steep_slope_hazard
sample_0270,-87.7448,-144.6578,26.75,75954.68,120460.24,-102000.29,25587.48,-1824377.58,0.1674,-1664.9,15.4,0.2397,,,,,steep_slope_hazard
sample_0271,-87.7507,-143.5345,27.46,77280.96,121344.53,-102000.29,25587.48,-1824377.58,0.1674,-1667.3,15.2,0.2119,,,,,steep_slope_hazard
sample_0272,-87.7523,-145.4858,26.22,74962.09,119804.37,-102000.29,25587.48,-1824377.58,0.1674,-1663.2,15.6,0.2464,,,,,steep_slope_hazard
sample_0273,-87.7589,-144.3403,26.96,76147.11,120583.06,-101231.92,25876.37,-1824409.96,0.1674,-1666.5,15.3,0.2031,,,,,steep_slope_hazard
sample_0274,-87.7646,-143.2064,27.68,77475.51,121469.94,-101231.92,25876.37,-1824409.96,0.1674,-1669.0,15.1,0.234,,,,,steep_slope_hazard
sample_0275,-87.7665,-145.2214,26.41,75096.09,119887.5,-101231.92,25876.37,-1824409.96,0.1674,-1664.9,15.4,0.1912,,,,,steep_slope_hazard
sample_0276,-87.7729,-144.0552,27.15,76461.1,120791.94,-101231.92,25876.37,-1824409.96,0.1674,-1667.3,15.2,0.2613,,,,,steep_slope_hazard
sample_0277,-87.7784,-142.7766,27.97,77951.24,121789.95,-101231.92,25876.37,-1824409.96,0.1674,-1670.3,15.0,0.2301,,,,,safe_flat
sample_0278,-87.7806,-144.954,26.6,75395.88,120085.47,-101231.92,25876.37,-1824409.96,0.1674,-1665.7,15.4,0.2729,,,,,steep_slope_hazard
sample_0279,-87.7868,-143.7451,27.37,76802.69,121019.75,-101231.92,25876.37,-1824409.96,0.1674,-1668.4,15.1,0.3943,,,,,steep_slope_hazard
sample_0280,-87.7922,-142.3957,28.23,78366.16,122069.83,-101231.92,25876.37,-1824409.96,0.1674,-1671.5,14.9,0.1862,,,,,safe_flat
sample_0281,-87.7949,-144.5779,26.86,75651.25,120249.56,-100463.52,26165.25,-1824441.98,0.1674,-1667.6,15.2,0.2534,,,,,steep_slope_hazard
sample_0282,-87.8009,-143.3089,27.66,77116.33,121224.63,-100463.52,26165.25,-1824441.98,0.1674,-1670.4,15.0,0.2189,,,,,safe_flat
sample_0283,-87.8021,-145.5523,26.24,74510.53,119497.67,-100463.52,26165.25,-1824441.98,0.1674,-1665.6,15.4,0.661,,,,,steep_slope_hazard
sample_0284,-87.8089,-144.2978,27.05,75957.67,120452.48,-100463.52,26165.25,-1824441.98,0.1674,-1668.5,15.1,0.2291,,,,,steep_slope_hazard
sample_0285,-87.8148,-142.92,27.93,77539.2,121508.14,-100463.52,26165.25,-1824441.98,0.1674,-1671.7,14.9,0.119,,,,,safe_flat
sample_0286,-87.8166,-145.1774,26.5,74933.31,119775.61,-100463.52,26165.25,-1824441.98,0.1674,-1666.7,15.3,0.2147,,,,,steep_slope_hazard
sample_0287,-87.823,-143.9208,27.29,76373.67,120728.96,-100463.52,26165.25,-1824441.98,0.1674,-1669.4,15.0,0.3417,,,,,steep_slope_hazard
sample_0288,-87.8284,-142.6845,28.07,77610.63,121551.27,-99695.11,26454.13,-1824473.64,0.1674,-1673.0,14.7,0.2704,,,,,safe_flat
sample_0289,-87.8307,-144.8727,26.71,75100.35,119880.53,-99695.11,26454.13,-1824473.64,0.1674,-1668.4,15.1,0.2136,,,,,steep_slope_hazard
sample_0290,-87.837,-143.5574,27.55,76596.11,120872.47,-99695.11,26454.13,-1824473.64,0.1674,-1671.5,14.9,0.2842,,,,,safe_flat
sample_0291,-87.842,-142.4307,28.2,77870.64,121725.87,-99695.11,26454.13,-1824473.64,0.1674,-1673.4,14.7,0.4026,,,,,safe_flat
sample_0292,-87.8447,-144.6188,26.88,75375.67,120062.26,-99695.11,26454.13,-1824473.64,0.1674,-1669.1,15.1,0.2445,,,,,steep_slope_hazard
sample_0293,-87.8508,-143.2687,27.73,76901.86,121076.41,-99695.11,26454.13,-1824473.64,0.1674,-1672.2,14.8,0.2508,,,,,safe_flat
sample_0294,-87.8515,-145.756,26.14,74077.87,119208.92,-99695.11,26454.13,-1824473.64,0.1674,-1666.4,15.3,0.3032,,,,,steep_slope_hazard
sample_0295,-87.8591,-144.1526,27.2,75715.57,120282.42,-98926.67,26743.0,-1824504.92,0.1674,-1671.4,14.9,0.3089,,,,,safe_flat
sample_0296,-87.8646,-142.9596,27.91,77052.64,121172.23,-98926.67,26743.0,-1824504.92,0.1674,-1673.6,14.7,0.2354,,,,,safe_flat
sample_0297,-87.8655,-145.5529,26.27,74127.9,119236.63,-98926.67,26743.0,-1824504.92,0.1674,-1667.7,15.2,0.2059,,,,,steep_slope_hazard
sample_0298,-87.873,-143.8667,27.39,76018.45,120483.17,-98926.67,26743.0,-1824504.92,0.1674,-1672.2,14.8,0.3588,,,,,safe_flat
sample_0299,-87.8783,-142.6303,28.12,77395.9,121402.12,-98926.67,26743.0,-1824504.92,0.1674,-1674.6,14.6,0.3938,,,,,safe_flat
sample_0300,-87.88,-145.1494,26.54,74572.56,119528.12,-98926.67,26743.0,-1824504.92,0.1674,-1668.8,15.1,0.2985,,,,,steep_slope_hazard
sample_0301,-87.8869,-143.5374,27.58,76367.97,120715.38,-98926.67,26743.0,-1824504.92,0.1674,-1672.9,14.8,0.3605,,,,,safe_flat
sample_0302,-87.892,-142.2565,28.36,77786.2,121664.48,-98926.67,26743.0,-1824504.92,0.1674,-1675.7,14.5,0.1959,,,,,safe_flat
sample_0303,-87.8939,-144.9505,26.66,74609.9,119547.31,-98158.21,27031.86,-1824535.84,0.1674,-1670.1,15.0,0.2604,,,,,safe_flat
sample_0304,-87.9005,-143.3927,27.65,76331.74,120685.97,-98158.21,27031.86,-1824535.84,0.1674,-1673.9,14.7,0.293,,,,,safe_flat
sample_0305,-87.8986,-146.6403,25.51,72729.28,118320.7,-98158.21,27031.86,-1824535.84,0.1674,-1665.3,15.4,0.3426,,,,,steep_slope_hazard
sample_0306,-87.9076,-144.8047,26.74,74760.31,119646.02,-98158.21,27031.86,-1824535.84,0.1674,-1670.3,15.0,0.4772,,,,,safe_flat
sample_0307,-87.914,-143.3125,27.66,76399.76,120730.88,-98158.21,27031.86,-1824535.84,0.1674,-1673.7,14.7,0.3286,,,,,safe_flat
sample_0308,-87.9126,-146.4972,25.6,72889.37,118424.03,-98158.21,27031.86,-1824535.84,0.1674,-1665.6,15.4,0.3945,,,,,steep_slope_hazard
sample_0309,-87.9215,-144.5751,26.86,75002.86,119805.24,-98158.21,27031.86,-1824535.84,0.1674,-1670.6,14.9,0.3676,,,,,safe_flat
sample_0310,-87.9276,-143.153,27.72,76375.65,120709.62,-97389.73,27320.71,-1824566.4,0.1674,-1674.5,14.6,0.5163,,,,,safe_flat
sample_0311,-87.9265,-146.3615,25.67,72863.0,118401.65,-97389.73,27320.71,-1824566.4,0.1674,-1666.5,15.3,0.3538,,,,,steep_slope_hazard
sample_0312,-87.935,-144.5217,26.86,74870.91,119713.02,-97389.73,27320.71,-1824566.4,0.1674,-1671.2,14.9,0.2784,,,,,safe_flat
sample_0313,-87.941,-143.102,27.71,76409.63,120731.71,-97389.73,27320.71,-1824566.4,0.1674,-1674.2,14.7,0.2693,,,,,safe_flat
sample_0314,-87.9408,-146.056,25.86,73196.18,118617.46,-97389.73,27320.71,-1824566.4,0.1674,-1667.2,15.2,0.592,,,,,steep_slope_hazard
sample_0315,-87.9488,-144.3529,26.93,75042.66,119825.84,-97389.73,27320.71,-1824566.4,0.1674,-1671.2,14.9,0.487,,,,,safe_flat
sample_0316,-87.9445,-147.7613,24.75,71343.73,117423.28,-97389.73,27320.71,-1824566.4,0.1674,-1662.9,15.6,0.3603,,,,,steep_slope_hazard
sample_0317,-87.9548,-145.8795,25.97,73208.16,118620.11,-96621.24,27609.56,-1824596.58,0.1674,-1668.5,15.1,0.5217,,,,,steep_slope_hazard
sample_0318,-87.9622,-144.3115,26.92,74895.18,119723.21,-96621.24,27609.56,-1824596.58,0.1674,-1671.8,14.9,0.4165,,,,,safe_flat
sample_0319,-87.9591,-147.4806,24.93,71480.1,117505.14,-96621.24,27609.56,-1824596.58,0.1674,-1664.4,15.5,0.4752,,,,,steep_slope_hazard
sample_0320,-87.9687,-145.7042,26.07,73394.02,118740.78,-96621.24,27609.56,-1824596.58,0.1674,-1668.8,15.1,0.5689,,,,,steep_slope_hazard
sample_0321,-87.9757,-144.2594,26.92,74938.81,119751.55,-96621.24,27609.56,-1824596.58,0.1674,-1671.6,14.9,0.5193,,,,,safe_flat
sample_0322,-87.9733,-147.2831,25.05,71702.1,117647.18,-96621.24,27609.56,-1824596.58,0.1674,-1664.7,15.4,0.4943,,,,,steep_slope_hazard
sample_0323,-87.9827,-145.4658,26.2,73647.01,118905.07,-96621.24,27609.56,-1824596.58,0.1674,-1669.1,15.1,0.5224,,,,,steep_slope_hazard
sample_0324,-87.9776,-148.5992,24.24,70299.46,116752.83,-96621.24,27609.56,-1824596.58,0.1674,-1661.9,15.7,0.3854,,,,,steep_slope_hazard
sample_0325,-87.9876,-147.0351,25.22,71795.17,117701.91,-95852.72,27898.4,-1824626.4,0.1674,-1666.3,15.3,0.7264,,,,,steep_slope_hazard
sample_0326,-87.9964,-145.3723,26.23,73560.57,118843.47,-95852.72,27898.4,-1824626.4,0.1674,-1669.9,15.0,0.2006,,,,,steep_slope_hazard
sample_0327,-87.9918,-148.4274,24.35,70319.96,116760.55,-95852.72,27898.4,-1824626.4,0.1674,-1663.1,15.6,0.4206,,,,,steep_slope_hazard
sample_0328,-88.0025,-146.6283,25.48,72232.78,117983.16,-95852.72,27898.4,-1824626.4,0.1674,-1667.3,15.2,0.3151,,,,,steep_slope_hazard
sample_0329,-88.0103,-145.16,26.33,73780.66,118986.44,-95852.72,27898.4,-1824626.4,0.1674,-1670.0,15.0,0.235,,,,,steep_slope_hazard
sample_0330,-88.0061,-148.2401,24.48,70536.49,116897.86,-95852.72,27898.4,-1824626.4,0.1674,-1663.6,15.5,0.374,,,,,steep_slope_hazard
sample_0331,-88.0166,-146.4246,25.6,72453.55,118125.33,-95852.72,27898.4,-1824626.4,0.1674,-1667.6,15.2,0.1697,,,,,steep_slope_hazard
sample_0332,-88.0241,-145.0076,26.41,73751.71,118962.44,-95084.18,28187.23,-1824655.86,0.1674,-1671.1,14.9,0.2102,,,,,safe_flat
sample_0333,-88.0211,-147.8737,24.71,70755.65,117031.85,-95084.18,28187.23,-1824655.86,0.1674,-1665.3,15.4,0.2685,,,,,steep_slope_hazard
sample_0334,-88.0309,-146.1275,25.77,72583.16,118203.83,-95084.18,28187.23,-1824655.86,0.1674,-1669.0,15.1,0.1363,,,,,steep_slope_hazard
sample_0335,-88.0243,-149.3535,23.82,69215.41,116058.52,-95084.18,28187.23,-1824655.86,0.1674,-1662.3,15.6,0.4182,,,,,steep_slope_hazard
sample_0336,-88.0355,-147.6383,24.87,71015.83,117197.53,-95084.18,28187.23,-1824655.86,0.1674,-1665.9,15.3,0.2566,,,,,steep_slope_hazard
sample_0337,-88.0449,-145.9183,25.89,72803.38,118345.99,-95084.18,28187.23,-1824655.86,0.1674,-1669.4,15.0,0.2705,,,,,steep_slope_hazard
sample_0338,-88.0395,-148.9979,24.05,69613.04,116308.27,-95084.18,28187.23,-1824655.86,0.1674,-1663.0,15.6,0.3259,,,,,steep_slope_hazard
sample_0339,-88.0497,-147.447,24.98,71043.12,117209.61,-94315.62,28476.05,-1824684.95,0.1674,-1667.1,15.2,0.2499,,,,,steep_slope_hazard
sample_0340,-88.0589,-145.6877,26.02,72856.08,118374.91,-94315.62,28476.05,-1824684.95,0.1674,-1670.7,14.9,0.3115,,,,,safe_flat
sample_0341,-88.0541,-148.7596,24.21,69697.95,116356.57,-94315.62,28476.05,-1824684.95,0.1674,-1664.5,15.5,0.2466,,,,,steep_slope_hazard
sample_0342,-88.0649,-146.9433,25.31,71572.17,117547.83,-94315.62,28476.05,-1824684.95,0.1674,-1668.4,15.1,0.1908,,,,,steep_slope_hazard
sample_0343,-88.0735,-145.2266,26.3,73327.03,118680.44,-94315.62,28476.05,-1824684.95,0.1674,-1671.8,14.9,0.3841,,,,,safe_flat
sample_0344,-88.0687,-148.4917,24.39,69995.76,116544.43,-94315.62,28476.05,-1824684.95,0.1674,-1665.2,15.4,0.2209,,,,,steep_slope_hazard
sample_0345,-88.0793,-146.6552,25.48,71876.68,117743.08,-94315.62,28476.05,-1824684.95,0.1674,-1669.0,15.1,0.2257,,,,,steep_slope_hazard
sample_0346,-88.0727,-149.754,23.66,68719.44,115742.39,-94315.62,28476.05,-1824684.95,0.1674,-1662.8,15.6,0.2535,,,,,steep_slope_hazard
sample_0347,-88.0842,-148.0042,24.71,70326.09,116748.45,-93547.04,28764.87,-1824713.67,0.1674,-1667.4,15.2,0.2936,,,,,steep_slope_hazard
sample_0348,-88.0944,-146.0956,25.83,72261.13,117985.45,-93547.04,28764.87,-1824713.67,0.1674,-1671.3,14.9,0.4668,,,,,safe_flat
sample_0349,-88.0876,-149.4689,23.86,68852.17,115820.24,-93547.04,28764.87,-1824713.67,0.1674,-1664.5,15.5,0.1661,,,,,steep_slope_hazard
sample_0350,-88.0991,-147.649,24.94,70702.72,116987.57,-93547.04,28764.87,-1824713.67,0.1674,-1668.2,15.1,0.2789,,,,,steep_slope_hazard
sample_0351,-88.1089,-145.7088,26.07,72654.19,118239.17,-93547.04,28764.87,-1824713.67,0.1674,-1672.2,14.8,0.2828,,,,,safe_flat
sample_0352,-88.1035,-148.9613,24.19,69394.84,116160.5,-93547.04,28764.87,-1824713.67,0.1674,-1665.8,15.4,0.2734,,,,,steep_slope_hazard
sample_0353,-88.1142,-147.1812,25.24,71188.95,117297.46,-93547.04,28764.87,-1824713.67,0.1674,-1669.4,15.0,0.3346,,,,,steep_slope_hazard
sample_0354,-88.1233,-145.3103,26.31,72862.14,118368.82,-92778.44,29053.67,-1824742.03,0.1674,-1674.1,14.7,0.5375,,,,,safe_flat
sample_0355,-88.1186,-148.5836,24.44,69608.7,116289.98,-92778.44,29053.67,-1824742.03,0.1674,-1667.7,15.2,0.248,,,,,steep_slope_hazard
sample_0356,-88.1294,-146.6271,25.58,71560.4,117530.13,-92778.44,29053.67,-1824742.03,0.1674,-1671.7,14.9,0.3955,,,,,safe_flat
sample_0357,-88.1224,-149.8928,23.7,68319.03,115482.37,-92778.44,29053.67,-1824742.03,0.1674,-1665.3,15.4,0.3834,,,,,steep_slope_hazard
sample_0358,-88.1338,-148.1614,24.72,70051.68,116569.64,-92778.44,29053.67,-1824742.03,0.1674,-1668.8,15.1,0.1946,,,,,steep_slope_hazard
sample_0359,-88.144,-146.2444,25.82,71948.23,117779.09,-92778.44,29053.67,-1824742.03,0.1674,-1672.7,14.8,0.2579,,,,,safe_flat
sample_0360,-88.1379,-149.4819,23.98,68761.92,115758.73,-92778.44,29053.67,-1824742.03,0.1674,-1666.4,15.3,0.2613,,,,,steep_slope_hazard
sample_0361,-88.1494,-147.5887,25.08,70444.11,116813.27,-92009.82,29342.47,-1824770.02,0.1674,-1671.2,14.9,0.3872,,,,,safe_flat
sample_0362,-88.159,-145.658,26.17,72334.49,118022.8,-92009.82,29342.47,-1824770.02,0.1674,-1674.9,14.6,0.4042,,,,,safe_flat
sample_0363,-88.1532,-149.098,24.24,68977.79,115888.69,-92009.82,29342.47,-1824770.02,0.1674,-1668.4,15.1,0.3956,,,,,steep_slope_hazard
sample_0364,-88.1642,-147.2006,25.32,70839.86,117064.83,-92009.82,29342.47,-1824770.02,0.1674,-1672.1,14.8,0.2484,,,,,safe_flat
sample_0365,-88.1734,-145.2361,26.42,72747.51,118289.7,-92009.82,29342.47,-1824770.02,0.1674,-1675.9,14.5,0.3045,,,,,safe_flat
sample_0366,-88.169,-148.5467,24.58,69544.88,116244.81,-92009.82,29342.47,-1824770.02,0.1674,-1669.6,15.0,0.2861,,,,,steep_slope_hazard
sample_0367,-88.179,-146.7969,25.56,71247.31,117324.65,-92009.82,29342.47,-1824770.02,0.1674,-1672.9,14.8,0.2961,,,,,safe_flat
sample_0368,-88.1718,-150.0983,23.72,68056.18,115313.8,-92009.82,29342.47,-1824770.02,0.1674,-1666.9,15.3,0.2949,,,,,steep_slope_hazard
sample_0369,-88.1841,-148.1511,24.83,69757.62,116373.79,-91241.18,29631.27,-1824797.64,0.1674,-1671.6,14.9,0.1827,,,,,safe_flat
sample_0370,-88.1941,-146.2054,25.91,71630.5,117564.92,-91241.18,29631.27,-1824797.64,0.1674,-1675.2,14.6,0.2859,,,,,safe_flat
sample_0371,-88.1879,-149.561,24.06,68416.78,115533.03,-91241.18,29631.27,-1824797.64,0.1674,-1669.1,15.1,0.3663,,,,,steep_slope_hazard
sample_0372,-88.199,-147.7446,25.09,70170.09,116634.51,-91241.18,29631.27,-1824797.64,0.1674,-1672.6,14.8,0.1836,,,,,safe_flat
sample_0373,-88.2087,-145.7602,26.18,72063.86,117843.43,-91241.18,29631.27,-1824797.64,0.1674,-1676.4,14.5,0.2596,,,,,safe_flat
sample_0374,-88.2033,-149.1345,24.34,68860.28,115810.05,-91241.18,29631.27,-1824797.64,0.1674,-1670.2,15.0,0.2402,,,,,safe_flat
sample_0375,-88.2145,-147.1559,25.44,70751.64,117003.65,-91241.18,29631.27,-1824797.64,0.1674,-1673.9,14.7,0.308,,,,,safe_flat
sample_0376,-88.2065,-150.537,23.58,67345.67,114863.83,-90472.53,29920.05,-1824824.9,0.1674,-1668.8,15.1,0.1724,,,,,steep_slope_hazard
sample_0377,-88.2185,-148.7438,24.58,69064.39,115932.69,-90472.53,29920.05,-1824824.9,0.1674,-1672.0,14.8,0.1548,,,,,safe_flat
sample_0378,-88.2291,-146.7773,25.66,70925.29,117109.09,-90472.53,29920.05,-1824824.9,0.1674,-1675.7,14.5,0.1489,,,,,safe_flat
sample_0379,-88.222,-150.1367,23.84,67767.38,115124.53,-90472.53,29920.05,-1824824.9,0.1674,-1669.7,15.0,0.2326,,,,,steep_slope_hazard
sample_0380,-88.2341,-148.1937,24.91,69611.05,116276.25,-90472.53,29920.05,-1824824.9,0.1674,-1673.2,14.7,0.0659,,,,,safe_flat
sample_0381,-88.2438,-146.3258,25.92,71362.6,117388.31,-90472.53,29920.05,-1824824.9,0.1674,-1676.7,14.4,0.2133,,,,,safe_flat
sample_0382,-88.2374,-149.7437,24.09,68178.5,115379.59,-90472.53,29920.05,-1824824.9,0.1674,-1670.6,14.9,0.261,,,,,safe_flat
sample_0383,-88.2492,-147.7552,25.18,69845.13,116418.87,-89703.85,30208.83,-1824851.79,0.1674,-1675.3,14.6,0.116,,,,,safe_flat
sample_0384,-88.2588,-145.7098,26.27,71742.43,117626.76,-89703.85,30208.83,-1824851.79,0.1674,-1679.0,14.3,0.1116,,,,,safe_flat
sample_0385,-88.2534,-149.1796,24.43,68540.18,115599.78,-89703.85,30208.83,-1824851.79,0.1674,-1672.8,14.8,0.2661,,,,,safe_flat
sample_0386,-88.2641,-147.3051,25.45,70283.3,116696.11,-89703.85,30208.83,-1824851.79,0.1674,-1676.3,14.5,0.3214,,,,,safe_flat
sample_0387,-88.256,-150.7276,23.62,67126.45,114723.5,-89703.85,30208.83,-1824851.79,0.1674,-1670.3,15.0,0.1699,,,,,safe_flat
sample_0388,-88.2687,-148.7481,24.7,68973.18,115870.54,-89703.85,30208.83,-1824851.79,0.1674,-1673.9,14.7,0.2408,,,,,safe_flat
sample_0389,-88.2794,-146.6947,25.79,70863.43,117064.66,-89703.85,30208.83,-1824851.79,0.1674,-1677.5,14.4,0.2532,,,,,safe_flat
sample_0390,-88.2723,-150.1689,23.96,67690.44,115071.71,-89703.85,30208.83,-1824851.79,0.1674,-1671.5,14.9,0.2061,,,,,safe_flat
sample_0391,-88.2839,-148.3087,24.96,69202.89,116009.49,-88935.15,30497.59,-1824878.31,0.1674,-1675.8,14.5,0.285,,,,,safe_flat
sample_0392,-88.294,-146.2623,26.04,71067.1,117189.54,-88935.15,30497.59,-1824878.31,0.1674,-1679.5,14.2,0.4582,,,,,safe_flat
sample_0393,-88.2877,-149.7597,24.22,67902.11,115197.74,-88935.15,30497.59,-1824878.31,0.1674,-1673.5,14.7,0.4171,,,,,safe_flat
sample_0394,-88.2995,-147.699,25.31,69783.5,116374.93,-88935.15,30497.59,-1824878.31,0.1674,-1677.1,14.4,0.2959,,,,,safe_flat
sample_0395,-88.3086,-145.8245,26.28,71475.38,117450.52,-88935.15,30497.59,-1824878.31,0.1674,-1680.4,14.1,0.8088,,,,,safe_flat
sample_0396,-88.3033,-149.2825,24.51,68375.35,115492.0,-88935.15,30497.59,-1824878.31,0.1674,-1674.6,14.6,0.5055,,,,,safe_flat
sample_0397,-88.3144,-147.2646,25.56,70200.02,116638.23,-88935.15,30497.59,-1824878.31,0.1674,-1678.0,14.3,0.5266,,,,,safe_flat
sample_0398,-88.3065,-150.7473,23.77,66873.59,114557.82,-88166.44,30786.35,-1824904.47,0.1674,-1673.4,14.7,0.1666,,,,,safe_flat
sample_0399,-88.3193,-148.6561,24.88,68767.03,115731.47,-88166.44,30786.35,-1824904.47,0.1674,-1677.0,14.4,0.2251,,,,,safe_flat
sample_0400,-88.3292,-146.8061,25.82,70421.66,116773.76,-88166.44,30786.35,-1824904.47,0.1674,-1680.0,14.2,0.3856,,,,,safe_flat
sample_0401,-88.3224,-150.2427,24.08,67374.0,114866.04,-88166.44,30786.35,-1824904.47,0.1674,-1674.5,14.6,0.2198,,,,,safe_flat
sample_0402,-88.3344,-148.2175,25.13,69189.66,115996.22,-88166.44,30786.35,-1824904.47,0.1674,-1677.9,14.3,0.2741,,,,,safe_flat
sample_0403,-88.3442,-146.195,26.15,70979.95,117128.85,-88166.44,30786.35,-1824904.47,0.1674,-1681.2,14.1,0.3036,,,,,safe_flat
sample_0404,-88.3389,-149.5748,24.47,68013.69,115262.09,-88166.44,30786.35,-1824904.47,0.1674,-1676.0,14.5,0.3614,,,,,safe_flat
sample_0405,-88.3493,-147.7996,25.37,69589.69,116247.75,-88166.44,30786.35,-1824904.47,0.1674,-1678.8,14.3,0.2894,,,,,safe_flat
sample_0406,-88.3588,-145.7334,26.4,71188.37,117256.92,-87397.71,31075.1,-1824930.26,0.1674,-1683.2,13.9,0.7599,,,,,safe_flat
sample_0407,-88.3542,-149.1599,24.72,68209.08,115378.49,-87397.71,31075.1,-1824930.26,0.1674,-1677.9,14.3,0.2936,,,,,safe_flat
sample_0408,-88.3646,-147.2238,25.68,69907.43,116443.06,-87397.71,31075.1,-1824930.26,0.1674,-1680.9,14.1,0.322,,,,,safe_flat
sample_0409,-88.3575,-150.6389,23.99,66941.89,114594.78,-87397.71,31075.1,-1824930.26,0.1674,-1675.7,14.5,0.3306,,,,,safe_flat
sample_0410,-88.369,-148.8076,24.92,68554.54,115593.63,-87397.71,31075.1,-1824930.26,0.1674,-1678.6,14.3,0.3155,,,,,safe_flat
sample_0411,-88.3793,-146.7769,25.92,70318.49,116703.21,-87397.71,31075.1,-1824930.26,0.1674,-1681.7,14.0,0.4925,,,,,safe_flat
sample_0412,-88.3727,-150.2984,24.19,67290.24,114809.17,-87397.71,31075.1,-1824930.26,0.1674,-1676.3,14.5,0.452,,,,,safe_flat
sample_0413,-88.3845,-148.2526,25.22,68856.92,115777.44,-86628.96,31363.85,-1824955.68,0.1674,-1680.6,14.1,0.3723,,,,,safe_flat
sample_0414,-88.3939,-146.3321,26.16,70506.85,116817.75,-86628.96,31363.85,-1824955.68,0.1674,-1683.6,13.9,0.38,,,,,safe_flat
sample_0415,-88.3878,-149.9349,24.41,67437.75,114895.07,-86628.96,31363.85,-1824955.68,0.1674,-1678.1,14.3,0.4081,,,,,safe_flat
sample_0416,-88.3994,-147.8488,25.44,69234.36,116014.05,-86628.96,31363.85,-1824955.68,0.1674,-1681.4,14.1,0.4234,,,,,safe_flat
sample_0417,-88.4087,-145.7453,26.45,71022.67,117146.03,-86628.96,31363.85,-1824955.68,0.1674,-1684.6,13.8,0.3603,,,,,safe_flat
sample_0418,-88.4036,-149.3796,24.71,67958.25,115217.19,-86628.96,31363.85,-1824955.68,0.1674,-1679.1,14.2,0.2054,,,,,safe_flat
sample_0419,-88.4142,-147.4186,25.67,69630.08,116262.9,-86628.96,31363.85,-1824955.68,0.1674,-1682.1,14.0,0.4426,,,,,safe_flat
sample_0420,-88.4057,-151.141,23.86,66276.02,114176.18,-85860.19,31652.58,-1824980.74,0.1674,-1677.5,14.4,0.1709,,,,,safe_flat
sample_0421,-88.4187,-148.9744,24.94,68127.33,115317.18,-85860.19,31652.58,-1824980.74,0.1674,-1680.9,14.1,0.2797,,,,,safe_flat
sample_0422,-88.4293,-146.8046,25.99,69954.49,116462.68,-85860.19,31652.58,-1824980.74,0.1674,-1684.3,13.8,0.2459,,,,,safe_flat
sample_0423,-88.422,-150.5565,24.19,66825.65,114512.82,-85860.19,31652.58,-1824980.74,0.1674,-1678.6,14.3,0.4275,,,,,safe_flat
sample_0424,-88.4339,-148.5111,25.2,68554.74,115583.4,-85860.19,31652.58,-1824980.74,0.1674,-1681.9,14.0,0.3254,,,,,safe_flat
sample_0425,-88.444,-146.3229,26.23,70378.4,116731.03,-85860.19,31652.58,-1824980.74,0.1674,-1685.1,13.7,0.2386,,,,,safe_flat
sample_0426,-88.4373,-150.1462,24.43,67222.15,114756.83,-85860.19,31652.58,-1824980.74,0.1674,-1679.5,14.2,0.3797,,,,,safe_flat
sample_0427,-88.4493,-147.9136,25.5,69087.73,115916.88,-85860.19,31652.58,-1824980.74,0.1674,-1682.8,13.9,0.4118,,,,,safe_flat
sample_0428,-88.4586,-145.8255,26.49,70588.98,116859.78,-85091.4,31941.31,-1825005.43,0.1674,-1687.2,13.6,0.3522,,,,,safe_flat
sample_0429,-88.4528,-149.684,24.69,67435.68,114883.38,-85091.4,31941.31,-1825005.43,0.1674,-1681.5,14.0,0.3044,,,,,safe_flat
sample_0430,-88.4642,-147.4317,25.76,69295.37,116042.15,-85091.4,31941.31,-1825005.43,0.1674,-1684.9,13.8,0.2938,,,,,safe_flat
sample_0431,-88.4555,-151.3109,23.93,66127.97,114080.67,-85091.4,31941.31,-1825005.43,0.1674,-1679.1,14.2,0.3411,,,,,safe_flat
sample_0432,-88.4688,-149.0366,25.03,68012.85,115240.8,-85091.4,31941.31,-1825005.43,0.1674,-1682.6,14.0,0.4291,,,,,safe_flat
sample_0433,-88.4791,-146.9356,26.01,69729.01,116315.08,-85091.4,31941.31,-1825005.43,0.1674,-1685.7,13.7,0.297,,,,,safe_flat
sample_0434,-88.4712,-150.8493,24.19,66567.6,114349.32,-85091.4,31941.31,-1825005.43,0.1674,-1679.9,14.2,0.224,,,,,safe_flat
sample_0435,-88.484,-148.5467,25.29,68231.24,115371.54,-84322.6,32230.02,-1825029.76,0.1674,-1684.6,13.8,0.3922,,,,,safe_flat
sample_0436,-88.4943,-146.2185,26.36,70108.88,116550.17,-84322.6,32230.02,-1825029.76,0.1674,-1688.0,13.5,0.3843,,,,,safe_flat
sample_0437,-88.4875,-150.2164,24.53,66914.83,114557.19,-84322.6,32230.02,-1825029.76,0.1674,-1682.2,14.0,0.1681,,,,,safe_flat
sample_0438,-88.499,-148.0668,25.54,68654.83,115635.65,-84322.6,32230.02,-1825029.76,0.1674,-1685.4,13.7,0.1952,,,,,safe_flat
sample_0439,-88.4889,-152.0537,23.69,65468.32,113674.28,-84322.6,32230.02,-1825029.76,0.1674,-1679.6,14.2,0.3098,,,,,safe_flat
sample_0440,-88.503,-149.7294,24.8,67358.45,114830.6,-84322.6,32230.02,-1825029.76,0.1674,-1683.2,13.9,0.1197,,,,,safe_flat
sample_0441,-88.5145,-147.4004,25.87,69220.9,115990.32,-84322.6,32230.02,-1825029.76,0.1674,-1686.5,13.6,0.236,,,,,safe_flat
sample_0442,-88.5047,-151.6072,23.95,65670.86,113791.98,-83553.77,32518.73,-1825053.72,0.1674,-1681.7,14.0,0.1866,,,,,safe_flat
sample_0443,-88.5182,-149.2685,25.04,67548.79,114942.99,-83553.77,32518.73,-1825053.72,0.1674,-1685.0,13.7,0.1542,,,,,safe_flat
sample_0444,-88.5293,-146.8792,26.13,69436.37,116120.69,-83553.77,32518.73,-1825053.72,0.1674,-1688.5,13.5,0.3578,,,,,safe_flat
sample_0445,-88.5214,-150.9256,24.31,66275.44,114160.34,-83553.77,32518.73,-1825053.72,0.1674,-1682.8,13.9,0.1241,,,,,safe_flat
sample_0446,-88.5342,-148.5579,25.4,68152.06,115317.2,-83553.77,32518.73,-1825053.72,0.1674,-1686.3,13.6,0.1734,,,,,safe_flat
sample_0447,-88.5441,-146.3324,26.39,69890.29,116406.81,-83553.77,32518.73,-1825053.72,0.1674,-1689.4,13.4,0.3176,,,,,safe_flat
sample_0448,-88.537,-150.4445,24.57,66713.59,114428.49,-83553.77,32518.73,-1825053.72,0.1674,-1683.7,13.9,0.2137,,,,,safe_flat
sample_0449,-88.5493,-148.0509,25.65,68588.69,115589.2,-83553.77,32518.73,-1825053.72,0.1674,-1687.1,13.6,0.2917,,,,,safe_flat
sample_0450,-88.5393,-152.1152,23.84,65220.85,113514.26,-82784.93,32807.43,-1825077.31,0.1674,-1682.7,13.9,0.0873,,,,,safe_flat
sample_0451,-88.5533,-149.754,24.92,67077.56,114647.23,-82784.93,32807.43,-1825077.31,0.1674,-1686.0,13.7,0.3708,,,,,safe_flat
sample_0452,-88.5643,-147.5221,25.91,68803.85,115718.6,-82784.93,32807.43,-1825077.31,0.1674,-1689.1,13.4,0.3137,,,,,safe_flat
sample_0453,-88.5552,-151.642,24.1,65658.1,113779.11,-82784.93,32807.43,-1825077.31,0.1674,-1683.5,13.9,0.2011,,,,,safe_flat
sample_0454,-88.5686,-149.2542,25.18,67512.6,114915.53,-82784.93,32807.43,-1825077.31,0.1674,-1686.9,13.6,0.5353,,,,,safe_flat
sample_0455,-88.5795,-146.8213,26.24,69370.67,116074.24,-82784.93,32807.43,-1825077.31,0.1674,-1690.2,13.3,0.2711,,,,,safe_flat
sample_0456,-88.5712,-151.1105,24.39,66134.57,114069.28,-82784.93,32807.43,-1825077.31,0.1674,-1684.5,13.8,0.2436,,,,,safe_flat
sample_0457,-88.584,-148.6885,25.46,67760.09,115063.53,-82016.07,33096.12,-1825100.53,0.1674,-1688.9,13.4,0.4825,,,,,safe_flat
sample_0458,-88.5944,-146.2132,26.53,69626.61,116230.4,-82016.07,33096.12,-1825100.53,0.1674,-1692.3,13.1,0.2154,,,,,safe_flat
sample_0459,-88.5876,-150.4254,24.73,66485.67,114278.65,-82016.07,33096.12,-1825100.53,0.1674,-1686.7,13.6,0.3972,,,,,safe_flat
sample_0460,-88.5998,-147.9259,25.82,68374.91,115445.79,-82016.07,33096.12,-1825100.53,0.1674,-1690.1,13.3,0.3795,,,,,safe_flat
sample_0461,-88.5892,-152.3057,23.94,65108.74,113441.45,-82016.07,33096.12,-1825100.53,0.1674,-1684.5,13.8,0.151,,,,,safe_flat
sample_0462,-88.6032,-149.8927,25.0,66944.0,114559.78,-82016.07,33096.12,-1825100.53,0.1674,-1687.6,13.5,0.3573,,,,,safe_flat
sample_0463,-88.615,-147.3012,26.12,68878.18,115760.25,-82016.07,33096.12,-1825100.53,0.1674,-1691.2,13.2,0.2745,,,,,safe_flat
sample_0464,-88.6066,-151.4871,24.36,65564.2,113712.1,-81247.2,33384.81,-1825123.39,0.1674,-1687.1,13.6,0.1442,,,,,safe_flat
sample_0465,-88.6199,-148.9857,25.44,67436.07,114858.24,-81247.2,33384.81,-1825123.39,0.1674,-1690.3,13.3,0.2049,,,,,safe_flat
sample_0466,-88.6302,-146.5697,26.47,69214.27,115966.27,-81247.2,33384.81,-1825123.39,0.1674,-1693.7,13.0,0.2161,,,,,safe_flat
sample_0467,-88.6229,-150.8311,24.7,66116.42,114048.08,-81247.2,33384.81,-1825123.39,0.1674,-1688.3,13.5,0.2037,,,,,safe_flat
sample_0468,-88.6357,-148.225,25.81,68039.49,115232.28,-81247.2,33384.81,-1825123.39,0.1674,-1691.7,13.2,0.1638,,,,,safe_flat
sample_0469,-88.6457,-145.5079,26.95,70010.97,116468.64,-81247.2,33384.81,-1825123.39,0.1674,-1695.4,12.9,0.4771,,,,,safe_flat
sample_0470,-88.6395,-150.0418,25.08,66757.07,114440.3,-81247.2,33384.81,-1825123.39,0.1674,-1689.5,13.4,0.1417,,,,,safe_flat
sample_0471,-88.6512,-147.4759,26.17,68624.42,115597.03,-81247.2,33384.81,-1825123.39,0.1674,-1693.0,13.1,0.2248,,,,,safe_flat
sample_0472,-88.6429,-151.667,24.45,65383.92,113598.0,-80478.31,33673.48,-1825145.89,0.1674,-1689.1,13.4,0.1661,,,,,safe_flat
sample_0473,-88.6559,-149.2238,25.48,67167.32,114687.69,-80478.31,33673.48,-1825145.89,0.1674,-1692.2,13.2,0.1307,,,,,safe_flat
sample_0474,-88.667,-146.4993,26.61,69119.75,115902.3,-80478.31,33673.48,-1825145.89,0.1674,-1695.8,12.8,0.2011,,,,,safe_flat
sample_0475,-88.6593,-150.9956,24.79,65938.52,113935.08,-80478.31,33673.48,-1825145.89,0.1674,-1690.3,13.3,0.1196,,,,,safe_flat
sample_0476,-88.6719,-148.4037,25.87,67802.36,115080.58,-80478.31,33673.48,-1825145.89,0.1674,-1693.6,13.0,0.1465,,,,,safe_flat
sample_0477,-88.6822,-145.5892,27.02,69791.46,116325.28,-80478.31,33673.48,-1825145.89,0.1674,-1697.3,12.7,0.2313,,,,,safe_flat
sample_0478,-88.676,-150.1695,25.18,66593.51,114335.27,-80478.31,33673.48,-1825145.89,0.1674,-1691.5,13.2,0.104,,,,,safe_flat
sample_0479,-88.6878,-147.5177,26.27,68231.65,115342.28,-79709.4,33962.14,-1825168.01,0.1674,-1696.2,12.8,0.1254,,,,,safe_flat
sample_0480,-88.6969,-144.7488,27.39,70161.05,116554.37,-79709.4,33962.14,-1825168.01,0.1674,-1699.9,12.5,0.3014,,,,,safe_flat
sample_0481,-88.6919,-149.4725,25.51,66902.29,114519.69,-79709.4,33962.14,-1825168.01,0.1674,-1693.9,13.0,0.0432,,,,,safe_flat
sample_0482,-88.7031,-146.7531,26.61,68801.19,115697.83,-79709.4,33962.14,-1825168.01,0.1674,-1697.4,12.7,0.1545,,,,,safe_flat
sample_0483,-88.6964,-150.9577,24.97,65910.0,113913.01,-79709.4,33962.14,-1825168.01,0.1674,-1692.6,13.1,0.1812,,,,,safe_flat
sample_0484,-88.7083,-148.5397,25.94,67603.68,114952.74,-79709.4,33962.14,-1825168.01,0.1674,-1695.4,12.9,0.1855,,,,,safe_flat
sample_0485,-88.7183,-145.8537,27.01,69452.28,116106.88,-79709.4,33962.14,-1825168.01,0.1674,-1698.9,12.6,0.2409,,,,,safe_flat
sample_0486,-88.7122,-150.3555,25.26,66152.87,114055.84,-78940.47,34250.8,-1825189.77,0.1674,-1694.7,12.9,0.2065,,,,,safe_flat
sample_0487,-88.7237,-147.8399,26.25,67888.7,115124.27,-78940.47,34250.8,-1825189.77,0.1674,-1697.7,12.7,0.1739,,,,,safe_flat
sample_0488,-88.7333,-144.8619,27.42,69907.75,116389.23,-78940.47,34250.8,-1825189.77,0.1674,-1701.5,12.4,0.2775,,,,,safe_flat
sample_0489,-88.7281,-149.6881,25.57,66671.54,114373.52,-78940.47,34250.8,-1825189.77,0.1674,-1695.8,12.9,0.1673,,,,,safe_flat
sample_0490,-88.7389,-147.1066,26.57,68427.18,115459.5,-78940.47,34250.8,-1825189.77,0.1674,-1698.8,12.6,0.2476,,,,,safe_flat
sample_0491,-88.7328,-151.1148,25.08,65749.69,113810.76,-78940.47,34250.8,-1825189.77,0.1674,-1694.7,12.9,0.1799,,,,,safe_flat
sample_0492,-88.7445,-148.7506,25.99,67362.08,114798.62,-78940.47,34250.8,-1825189.77,0.1674,-1697.3,12.7,0.2468,,,,,safe_flat
sample_0493,-88.7546,-146.0179,27.03,69191.44,115937.98,-78940.47,34250.8,-1825189.77,0.1674,-1700.4,12.5,0.348,,,,,safe_flat
sample_0494,-88.7491,-150.3858,25.42,66065.57,113998.28,-78171.53,34539.45,-1825211.16,0.1674,-1697.1,12.7,0.1791,,,,,safe_flat
sample_0495,-88.7601,-147.9506,26.34,67699.4,115002.47,-78171.53,34539.45,-1825211.16,0.1674,-1699.7,12.5,0.1855,,,,,safe_flat
sample_0496,-88.7695,-145.1025,27.42,69577.52,116176.07,-78171.53,34539.45,-1825211.16,0.1674,-1703.2,12.2,0.2311,,,,,safe_flat
sample_0497,-88.7656,-149.4655,25.82,66739.78,114410.81,-78171.53,34539.45,-1825211.16,0.1674,-1698.4,12.6,0.1718,,,,,safe_flat
sample_0498,-88.7761,-146.8703,26.8,68452.68,115470.93,-78171.53,34539.45,-1825211.16,0.1674,-1701.4,12.4,0.1195,,,,,safe_flat
sample_0499,-88.7839,-144.3481,27.72,70093.33,116502.2,-78171.53,34539.45,-1825211.16,0.1674,-1704.2,12.2,0.3908,,,,,safe_flat
sample_0500,-88.7814,-148.7147,26.16,67290.92,114750.43,-78171.53,34539.45,-1825211.16,0.1674,-1699.6,12.5,0.2022,,,,,safe_flat
sample_0501,-88.7912,-145.9963,27.16,68808.67,115688.39,-77402.57,34828.08,-1825232.19,0.1674,-1703.9,12.2,0.2358,,,,,safe_flat
sample_0502,-88.7871,-150.0505,25.73,66218.27,114086.97,-77402.57,34828.08,-1825232.19,0.1674,-1700.0,12.5,0.1668,,,,,safe_flat
sample_0503,-88.7971,-147.8685,26.52,67640.21,114961.31,-77402.57,34828.08,-1825232.19,0.1674,-1702.1,12.3,0.2376,,,,,safe_flat
sample_0504,-88.8057,-145.3443,27.42,69257.63,115970.26,-77402.57,34828.08,-1825232.19,0.1674,-1704.7,12.1,0.126,,,,,safe_flat
sample_0505,-88.803,-149.3025,26.06,66763.55,114421.22,-77402.57,34828.08,-1825232.19,0.1674,-1701.1,12.4,0.291,,,,,safe_flat
sample_0506,-88.8128,-146.8263,26.95,68349.34,115402.0,-77402.57,34828.08,-1825232.19,0.1674,-1703.7,12.2,0.2556,,,,,safe_flat
sample_0507,-88.8201,-144.591,27.69,69762.18,116287.8,-77402.57,34828.08,-1825232.19,0.1674,-1705.4,12.0,0.2779,30.7256,58.818,0.5224,-0.8195,safe_flat
sample_0508,-88.8186,-148.5707,26.37,67036.33,114583.82,-76633.59,35116.71,-1825252.85,0.1674,-1703.4,12.2,0.1998,,,,,safe_flat
sample_0509,-88.8275,-146.2129,27.19,68524.4,115506.27,-76633.59,35116.71,-1825252.85,0.1674,-1705.7,12.0,0.3006,,,,,safe_flat
sample_0510,-88.8342,-144.0001,27.91,69903.44,116372.22,-76633.59,35116.71,-1825252.85,0.1674,-1707.4,11.9,0.2416,36.9867,62.4429,0.5923,-0.9282,safe_flat
sample_0511,-88.8342,-147.67,26.73,67651.37,114963.57,-76633.59,35116.71,-1825252.85,0.1674,-1704.6,12.1,0.1611,,,,,safe_flat
sample_0512,-88.8422,-145.4163,27.48,69053.28,115837.07,-76633.59,35116.71,-1825252.85,0.1674,-1706.5,12.0,0.3595,,,,,safe_flat
sample_0513,-88.8398,-149.3249,26.21,66667.87,114357.89,-76633.59,35116.71,-1825252.85,0.1674,-1703.4,12.2,0.2484,,,,,safe_flat
sample_0514,-88.8493,-146.9489,27.02,68144.85,115270.17,-76633.59,35116.71,-1825252.85,0.1674,-1705.5,12.0,0.3042,,,,,safe_flat
sample_0515,-88.8564,-144.7746,27.72,69478.18,116104.42,-76633.59,35116.71,-1825252.85,0.1674,-1707.2,11.9,0.3203,29.1548,41.3603,0.7049,-0.0011,safe_flat
sample_0516,-88.8557,-148.4174,26.57,67031.4,114576.2,-75864.6,35405.33,-1825273.14,0.1674,-1705.8,12.0,0.1392,,,,,safe_flat
sample_0517,-88.8639,-146.3081,27.27,68323.25,115376.15,-75864.6,35405.33,-1825273.14,0.1674,-1707.6,11.9,0.3399,,,,,safe_flat
sample_0518,-88.8706,-144.0696,27.97,69675.83,116223.78,-75864.6,35405.33,-1825273.14,0.1674,-1709.2,11.7,0.2558,32.2102,55.828,0.577,-1.049,safe_flat
sample_0519,-88.8709,-147.6892,26.87,67526.33,114882.01,-75864.6,35405.33,-1825273.14,0.1674,-1706.9,11.9,0.2462,,,,,safe_flat
sample_0520,-88.8787,-145.4742,27.57,68861.92,115712.89,-75864.6,35405.33,-1825273.14,0.1674,-1708.5,11.8,0.6322,33.0914,57.2514,0.578,-0.6735,safe_flat
sample_0521,-88.8848,-143.1119,28.31,70268.08,116598.46,-75864.6,35405.33,-1825273.14,0.1674,-1710.3,11.6,0.376,32.2102,55.828,0.577,-1.049,safe_flat
sample_0522,-88.8858,-147.0305,27.12,67971.03,115157.54,-75864.6,35405.33,-1825273.14,0.1674,-1707.6,11.9,0.2269,,,,,safe_flat
sample_0523,-88.893,-144.7514,27.83,69066.87,115836.21,-75095.59,35693.94,-1825293.07,0.1674,-1710.5,11.6,0.2217,33.0914,57.2514,0.578,-0.6735,safe_flat
sample_0524,-88.8925,-148.3881,26.74,66949.31,114521.5,-75095.59,35693.94,-1825293.07,0.1674,-1708.3,11.8,0.3343,,,,,safe_flat
sample_0525,-88.9007,-146.1772,27.43,68259.64,115331.89,-75095.59,35693.94,-1825293.07,0.1674,-1709.8,11.7,0.4105,26.2046,51.0334,0.5135,-0.5586,safe_flat
sample_0526,-88.9074,-143.8001,28.16,69649.0,116202.33,-75095.59,35693.94,-1825293.07,0.1674,-1711.6,11.5,0.1534,27.6197,44.3349,0.623,-0.486,safe_flat
sample_0527,-88.9075,-147.7336,26.99,67389.19,114792.57,-75095.59,35693.94,-1825293.07,0.1674,-1709.0,11.7,0.2237,,,,,safe_flat
sample_0528,-88.9153,-145.417,27.71,68740.73,115632.48,-75095.59,35693.94,-1825293.07,0.1674,-1710.8,11.6,0.2845,37.4382,60.7343,0.6164,-0.8024,safe_flat
sample_0529,-88.9214,-142.9812,28.44,70143.5,116515.21,-75095.59,35693.94,-1825293.07,0.1674,-1712.5,11.5,0.462,37.4382,60.7343,0.6164,-0.8024,safe_flat
sample_0530,-88.9228,-146.8323,27.32,67701.58,114980.66,-74326.56,35982.55,-1825312.63,0.1674,-1711.3,11.6,0.3777,35.987,42.0117,0.8566,-0.2102,safe_flat
sample_0531,-88.9297,-144.6009,28.0,68982.39,115778.76,-74326.56,35982.55,-1825312.63,0.1674,-1713.0,11.4,0.3671,31.515,56.9133,0.5537,-0.8233,safe_flat
sample_0532,-88.9351,-142.0997,28.74,70400.93,116673.53,-74326.56,35982.55,-1825312.63,0.1674,-1714.8,11.3,0.2838,34.2074,31.188,1.0968,-0.0529,safe_flat
sample_0533,-88.9376,-146.0415,27.6,68195.89,115287.96,-74326.56,35982.55,-1825312.63,0.1674,-1712.2,11.5,0.3426,35.987,42.0117,0.8566,-0.2102,safe_flat
sample_0534,-88.944,-143.6281,28.32,69558.91,116141.48,-74326.56,35982.55,-1825312.63,0.1674,-1713.9,11.3,0.2813,26.3202,41.0688,0.6409,-0.5727,safe_flat
sample_0535,-88.9446,-147.5551,27.19,67381.02,114782.87,-74326.56,35982.55,-1825312.63,0.1674,-1711.4,11.5,0.3237,40.0628,50.7719,0.7891,-0.5634,safe_flat
sample_0536,-88.9521,-145.2727,27.88,68667.86,115582.45,-74326.56,35982.55,-1825312.63,0.1674,-1713.1,11.4,0.3662,27.6172,52.872,0.5223,-0.6946,safe_flat
sample_0537,-88.958,-142.7173,28.63,70089.03,116476.44,-74326.56,35982.55,-1825312.63,0.1674,-1715.0,11.2,0.3879,32.0738,41.8155,0.767,-0.3608,safe_flat
sample_0538,-88.9595,-146.7834,27.47,67600.55,114913.92,-73557.52,36271.14,-1825331.82,0.1674,-1713.6,11.4,0.3448,37.0339,43.3795,0.8537,-0.1671,safe_flat
sample_0539,-88.9666,-144.3093,28.19,68971.34,115767.62,-73557.52,36271.14,-1825331.82,0.1674,-1715.3,11.2,0.4614,28.8334,48.3208,0.5967,-0.4337,safe_flat
sample_0540,-88.9717,-141.5832,28.99,70463.07,116708.67,-73557.52,36271.14,-1825331.82,0.1674,-1717.4,11.0,0.3627,27.9679,38.502,0.7264,-0.3577,safe_flat
sample_0541,-88.974,-146.1422,27.69,67999.79,115161.42,-73557.52,36271.14,-1825331.82,0.1674,-1714.2,11.3,0.4217,37.0339,43.3795,0.8537,-0.1671,safe_flat
sample_0542,-88.9808,-143.3285,28.53,69533.12,116120.87,-73557.52,36271.14,-1825331.82,0.1674,-1716.6,11.1,0.4065,38.6899,51.3495,0.7535,-0.3827,safe_flat
sample_0543,-88.981,-147.7203,27.26,67181.68,114655.49,-73557.52,36271.14,-1825331.82,0.1674,-1713.3,11.4,0.2959,25.9225,52.6906,0.492,-0.4847,safe_flat
sample_0544,-88.9888,-145.0991,28.03,68606.64,115539.8,-73557.52,36271.14,-1825331.82,0.1674,-1715.2,11.2,0.4937,36.1574,50.0322,0.7227,-0.4512,safe_flat
sample_0545,-88.9947,-142.2149,28.88,69887.1,116339.24,-72788.47,36559.72,-1825350.65,0.1674,-1719.0,10.9,0.5486,15.835,52.0329,0.3043,-1.0528,safe_flat
sample_0546,-88.9954,-147.2358,27.42,67232.59,114681.44,-72788.47,36559.72,-1825350.65,0.1674,-1714.9,11.3,0.4276,35.5804,54.0957,0.6577,-0.6531,safe_flat
sample_0547,-89.0034,-144.0095,28.4,68955.01,115753.01,-72788.47,36559.72,-1825350.65,0.1674,-1717.9,11.0,0.5184,34.1874,55.8666,0.6119,-0.4665,safe_flat
sample_0548,-89.0082,-141.3279,29.15,70370.18,116645.56,-72788.47,36559.72,-1825350.65,0.1674,-1719.8,10.9,0.6378,41.5115,55.6794,0.7455,-0.6235,safe_flat
sample_0549,-89.0108,-145.999,27.84,67937.61,115118.4,-72788.47,36559.72,-1825350.65,0.1674,-1716.3,11.1,0.5671,34.6531,43.4134,0.7982,-0.5409,safe_flat
sample_0550,-89.0174,-143.0922,28.7,69464.47,116073.18,-72788.47,36559.72,-1825350.65,0.1674,-1718.9,10.9,0.35,37.286,48.9935,0.761,-0.6944,safe_flat
sample_0551,-89.0215,-140.4613,29.41,70832.36,116939.62,-72788.47,36559.72,-1825350.65,0.1674,-1720.6,10.8,0.439,17.3662,35.2382,0.4928,-0.3885,safe_flat
sample_0552,-89.0258,-144.7696,28.27,68352.35,115371.17,-72019.4,36848.29,-1825369.11,0.1674,-1719.4,10.9,0.4381,32.1936,57.4642,0.5602,-1.6782,safe_flat
sample_0553,-89.0312,-142.0126,29.02,69775.96,116264.9,-72019.4,36848.29,-1825369.11,0.1674,-1721.2,10.7,0.33,29.316,51.8424,0.5655,-0.7769,safe_flat
sample_0554,-89.0328,-146.8013,27.7,67339.74,114742.45,-72019.4,36848.29,-1825369.11,0.1674,-1717.7,11.0,0.3611,36.7417,50.7657,0.7238,-0.4876,safe_flat
sample_0555,-89.04,-143.8394,28.56,68862.96,115690.47,-72019.4,36848.29,-1825369.11,0.1674,-1720.2,10.8,0.2155,35.2281,62.4445,0.5641,-1.747,safe_flat
sample_0556,-89.0447,-141.145,29.28,70232.82,116553.99,-72019.4,36848.29,-1825369.11,0.1674,-1722.0,10.7,0.3229,25.9264,34.5863,0.7496,-0.3138,safe_flat
sample_0557,-89.0481,-145.5234,28.14,68039.87,115176.11,-72019.4,36848.29,-1825369.11,0.1674,-1719.4,10.9,0.2368,33.1297,43.2162,0.7666,-0.3766,safe_flat
sample_0558,-89.0541,-142.7283,28.9,69452.54,116060.42,-72019.4,36848.29,-1825369.11,0.1674,-1721.4,10.7,0.1673,24.1479,42.4642,0.5687,-1.2131,safe_flat
sample_0559,-89.0579,-140.0821,29.57,70776.75,116899.93,-72019.4,36848.29,-1825369.11,0.1674,-1722.8,10.6,0.2189,22.036,47.3985,0.4649,-0.72,safe_flat
sample_0560,-89.0625,-144.6382,28.42,68253.92,115304.31,-71250.31,37136.86,-1825387.2,0.1674,-1721.6,10.7,0.1833,37.7106,53.5508,0.7042,-0.9663,safe_flat
sample_0561,-89.0677,-141.897,29.14,69616.31,116158.82,-71250.31,37136.86,-1825387.2,0.1674,-1723.4,10.6,0.2963,37.0815,46.8505,0.7915,-0.3104,safe_flat
sample_0562,-89.0709,-139.2569,29.79,70917.15,116984.33,-71250.31,37136.86,-1825387.2,0.1674,-1724.7,10.4,0.3121,27.7847,46.7818,0.5939,-0.7101,safe_flat
sample_0563,-89.0767,-143.5793,28.73,68810.37,115651.64,-71250.31,37136.86,-1825387.2,0.1674,-1722.5,10.6,0.2064,27.5679,37.8419,0.7285,-0.5491,safe_flat
sample_0564,-89.0812,-141.1019,29.35,70022.54,116415.36,-71250.31,37136.86,-1825387.2,0.1674,-1723.9,10.5,0.3672,44.9264,44.8182,1.0024,-0.6853,safe_flat
sample_0565,-89.0846,-145.5565,28.24,67878.41,115070.36,-71250.31,37136.86,-1825387.2,0.1674,-1721.4,10.7,0.1419,36.7425,48.0752,0.7643,-0.5969,safe_flat
sample_0566,-89.0905,-142.8556,28.93,69192.31,115891.47,-71250.31,37136.86,-1825387.2,0.1674,-1723.0,10.6,0.2143,22.2281,45.8709,0.4846,-0.7962,safe_flat
sample_0567,-89.0944,-140.2333,29.57,70180.57,116510.74,-70481.21,37425.41,-1825404.93,0.1674,-1725.7,10.4,0.4368,28.8709,46.3519,0.6229,-0.3872,safe_flat
sample_0568,-89.0991,-144.467,28.56,68170.98,115246.9,-70481.21,37425.41,-1825404.93,0.1674,-1723.7,10.5,0.3684,30.3246,40.0785,0.7566,-0.3076,safe_flat
sample_0569,-89.1041,-142.2338,29.09,69240.06,115916.4,-70481.21,37425.41,-1825404.93,0.1674,-1724.7,10.4,0.5556,42.9403,34.2725,1.2529,-0.43,safe_flat
sample_0570,-89.1075,-139.5007,29.75,70534.7,116735.92,-70481.21,37425.41,-1825404.93,0.1674,-1726.1,10.3,0.3508,27.0679,78.746,0.3437,-1.8093,safe_flat
sample_0571,-89.1131,-143.7948,28.75,68526.76,115469.01,-70481.21,37425.41,-1825404.93,0.1674,-1724.2,10.5,0.3304,38.0536,52.3726,0.7266,-0.685,safe_flat
sample_0572,-89.1176,-141.3875,29.3,69659.24,116180.75,-70481.21,37425.41,-1825404.93,0.1674,-1725.1,10.4,0.3111,21.0152,33.3117,0.6309,-0.2524,safe_flat
sample_0573,-89.1201,-138.3341,30.04,71082.77,117085.05,-70481.21,37425.41,-1825404.93,0.1674,-1726.9,10.3,0.3086,27.2555,52.6133,0.518,-0.6213,safe_flat
sample_0574,-89.1268,-143.2148,28.89,68554.49,115481.72,-69712.09,37713.96,-1825422.29,0.1674,-1725.7,10.4,0.2802,31.1663,43.4172,0.7178,-0.4167,safe_flat
sample_0575,-89.131,-140.6769,29.47,69728.24,116219.64,-69712.09,37713.96,-1825422.29,0.1674,-1726.7,10.3,0.3765,24.8931,50.9013,0.489,-1.0414,safe_flat
sample_0576,-89.1354,-144.7714,28.56,67866.23,115052.24,-69712.09,37713.96,-1825422.29,0.1674,-1725.2,10.4,0.4934,33.2577,51.6275,0.6442,-0.3824,safe_flat
sample_0577,-89.1405,-142.3785,29.09,68965.91,115739.26,-69712.09,37713.96,-1825422.29,0.1674,-1726.0,10.3,0.2261,39.8312,42.014,0.948,-0.224,safe_flat
sample_0578,-89.1441,-139.8011,29.69,70138.14,116478.71,-69712.09,37713.96,-1825422.29,0.1674,-1727.3,10.2,0.314,26.6362,64.2415,0.4146,-1.3985,safe_flat
sample_0579,-89.1494,-144.1323,28.73,68198.61,115259.24,-69712.09,37713.96,-1825422.29,0.1674,-1725.6,10.4,0.2157,25.6102,36.8042,0.6958,-0.4465,safe_flat
sample_0580,-89.1541,-141.6306,29.28,69328.14,115966.97,-69712.09,37713.96,-1825422.29,0.1674,-1726.5,10.3,0.2926,33.1409,47.026,0.7047,-0.7772,safe_flat
sample_0581,-89.1568,-138.4524,30.03,70748.82,116866.77,-69712.09,37713.96,-1825422.29,0.1674,-1728.4,10.1,0.1903,32.0885,43.6541,0.7351,-0.5738,safe_flat
sample_0582,-89.1633,-143.2564,28.94,68346.63,115346.39,-68942.96,38002.49,-1825439.28,0.1674,-1727.3,10.2,0.2563,31.4903,33.0709,0.9522,-0.3077,safe_flat
sample_0583,-89.1674,-140.7329,29.5,69465.43,116048.25,-68942.96,38002.49,-1825439.28,0.1674,-1728.4,10.1,0.3742,22.3551,51.5032,0.4341,-0.8579,safe_flat
sample_0584,-89.1686,-136.762,30.48,71211.78,117157.08,-68942.96,38002.49,-1825439.28,0.1674,-1731.5,9.9,0.26,52.9868,54.771,0.9674,-0.3397,safe_flat
sample_0585,-89.177,-142.4047,29.16,68751.01,115599.2,-68942.96,38002.49,-1825439.28,0.0157,-1727.9,10.2,0.1289,31.2052,59.4191,0.5252,-1.3302,shadowing_obscuration
sample_0586,-89.1804,-139.4482,29.82,70037.93,116409.86,-68942.96,38002.49,-1825439.28,0.0196,-1729.4,10.1,0.1293,27.9803,58.6231,0.4773,-1.1679,shadowing_obscuration
sample_0587,-89.186,-143.9499,28.86,68109.01,115197.72,-68942.96,38002.49,-1825439.28,0.0157,-1727.6,10.2,0.2044,26.4423,52.0344,0.5082,-0.8368,shadowing_obscuration
sample_0588,-89.1906,-141.4148,29.41,69204.51,115883.34,-68942.96,38002.49,-1825439.28,0.0157,-1728.6,10.1,0.1118,29.8929,59.5685,0.5018,-1.1764,shadowing_obscuration
sample_0589,-89.1929,-137.9059,30.22,70422.66,116648.77,-68173.81,38291.01,-1825455.91,0.0157,-1732.2,9.8,0.1374,68.2301,85.796,0.7953,-0.5869,shadowing_obscuration
sample_0590,-89.1999,-143.0421,29.09,68250.49,115280.96,-68173.81,38291.01,-1825455.91,0.0157,-1729.6,10.0,0.1127,26.8958,55.3699,0.4857,-1.1633,shadowing_obscuration
sample_0591,-89.2038,-140.0072,29.76,69535.55,116086.74,-68173.81,38291.01,-1825455.91,0.0196,-1731.1,9.9,0.1137,26.3678,31.0103,0.8503,-0.0922,shadowing_obscuration
sample_0592,-89.2047,-136.3296,30.62,71082.37,117068.36,-68173.81,38291.01,-1825455.91,0.0,-1733.8,9.7,0.0236,30.594,59.3553,0.5154,-0.9602,shadowing_obscuration
sample_0593,-89.2136,-141.9618,29.37,68733.9,115582.45,-68173.81,38291.01,-1825455.91,0.0157,-1730.5,10.0,0.1909,28.9825,54.1056,0.5357,-0.5578,shadowing_obscuration
sample_0594,-89.2165,-138.5805,30.11,70139.22,116468.26,-68173.81,38291.01,-1825455.91,0.0157,-1732.3,9.8,0.0422,24.3974,50.7422,0.4808,-0.8232,shadowing_obscuration
sample_0595,-89.2227,-143.6015,29.06,68082.54,115175.66,-68173.81,38291.01,-1825455.91,0.0196,-1730.1,10.0,0.3719,31.1381,56.4065,0.552,-1.2141,shadowing_obscuration
sample_0596,-89.227,-140.5043,29.72,69072.09,115789.44,-67404.65,38579.53,-1825472.17,0.0196,-1733.0,9.8,0.1345,35.0758,49.8195,0.7041,-0.7969,shadowing_obscuration
sample_0597,-89.2288,-137.2028,30.44,70420.01,116640.93,-67404.65,38579.53,-1825472.17,0.0196,-1734.9,9.6,0.0949,45.3921,58.2557,0.7792,-0.6273,shadowing_obscuration
sample_0598,-89.2366,-142.5272,29.33,68269.3,115286.45,-67404.65,38579.53,-1825472.17,0.0196,-1732.4,9.8,0.5111,30.0219,58.3814,0.5142,-0.9865,shadowing_obscuration
sample_0599,-89.2399,-139.1367,30.05,69637.74,116145.41,-67404.65,38579.53,-1825472.17,0.0157,-1734.1,9.7,0.0445,14.4872,59.2961,0.2443,-1.1855,shadowing_obscuration
sample_0600,-89.2401,-135.3218,30.88,71170.04,117118.9,-67404.65,38579.53,-1825472.17,0.0235,-1736.4,9.5,0.2009,31.3791,54.2934,0.578,-1.0102,shadowing_obscuration
sample_0601,-89.2501,-141.0258,29.69,68896.62,115678.56,-67404.65,38579.53,-1825472.17,0.0196,-1733.5,9.7,0.0749,35.5126,50.9109,0.6975,-0.6995,shadowing_obscuration
sample_0602,-89.2524,-137.7604,30.37,70190.52,116494.61,-67404.65,38579.53,-1825472.17,0.0196,-1735.2,9.6,0.1985,32.863,47.8769,0.6864,-0.6417,shadowing_obscuration
sample_0603,-89.2508,-133.5518,31.3,71855.99,117558.02,-67404.65,38579.53,-1825472.17,0.0196,-1738.1,9.3,0.1867,39.7672,46.235,0.8601,-0.2282,shadowing_obscuration
sample_0604,-89.2632,-139.6225,30.02,69177.37,115849.78,-66635.47,38868.04,-1825488.07,0.0157,-1736.0,9.5,0.1328,23.4302,43.478,0.5389,-0.4773,shadowing_obscuration
sample_0605,-89.2639,-135.7847,30.83,70671.18,116794.79,-66635.47,38868.04,-1825488.07,0.0196,-1738.3,9.3,0.2906,53.5094,56.163,0.9528,-0.4818,shadowing_obscuration
sample_0606,-89.2732,-141.5821,29.65,68434.89,115384.0,-66635.47,38868.04,-1825488.07,0.0157,-1735.3,9.6,0.0769,35.3402,55.3783,0.6382,-0.8784,shadowing_obscuration
sample_0607,-89.2759,-138.1738,30.35,69744.02,116206.25,-66635.47,38868.04,-1825488.07,0.0196,-1737.1,9.4,0.2269,29.5851,51.3316,0.5764,-0.6734,shadowing_obscuration
sample_0608,-89.2749,-134.0717,31.22,71315.34,117205.44,-66635.47,38868.04,-1825488.07,0.0196,-1739.8,9.2,0.368,34.7933,61.8621,0.5624,-0.8926,shadowing_obscuration
sample_0609,-89.2865,-140.0784,30.01,69029.62,115756.11,-66635.47,38868.04,-1825488.07,0.0196,-1736.6,9.4,0.2147,68.3517,54.9741,1.2433,-0.3524,shadowing_obscuration
sample_0610,-89.2875,-136.1732,30.8,70501.63,116686.1,-66635.47,38868.04,-1825488.07,0.0196,-1738.8,9.3,0.2158,32.2526,44.293,0.7282,-0.7991,shadowing_obscuration
sample_0611,-89.2859,-132.595,31.52,71561.61,117358.31,-65866.28,39156.53,-1825503.59,0.0196,-1742.1,9.0,0.4314,40.9621,49.6465,0.8251,-0.9044,shadowing_obscuration
sample_0612,-89.2993,-138.6745,30.32,69275.41,115905.0,-65866.28,39156.53,-1825503.59,0.0157,-1739.1,9.2,0.1778,43.1064,53.476,0.8061,-0.7232,shadowing_obscuration
sample_0613,-89.2991,-134.6724,31.12,70757.73,116843.63,-65866.28,39156.53,-1825503.59,0.0235,-1741.3,9.1,0.2614,31.2738,45.1403,0.6928,-0.2778,shadowing_obscuration
sample_0614,-89.2963,-131.0788,31.8,72094.15,117701.0,-65866.28,39156.53,-1825503.59,0.0196,-1742.9,8.9,0.8215,33.1189,44.9213,0.7373,-0.302,shadowing_obscuration
sample_0615,-89.3114,-136.89,30.69,69932.41,116319.5,-65866.28,39156.53,-1825503.59,0.0196,-1740.3,9.1,0.2113,26.1968,37.1421,0.7053,-0.3087,shadowing_obscuration
sample_0616,-89.3104,-133.26,31.4,71254.77,117161.09,-65866.28,39156.53,-1825503.59,0.0235,-1742.2,9.0,0.1273,34.5301,50.5165,0.6835,-0.6126,shadowing_obscuration
sample_0617,-89.3228,-139.4641,30.21,69009.09,115737.1,-65866.28,39156.53,-1825503.59,0.0196,-1739.1,9.2,0.2039,61.3777,65.0845,0.943,-0.5906,shadowing_obscuration
sample_0618,-89.3232,-135.3667,31.01,70475.32,116663.21,-65866.28,39156.53,-1825503.59,0.0196,-1741.4,9.1,0.2965,39.1098,70.3633,0.5558,-1.0021,shadowing_obscuration
sample_0619,-89.3211,-131.7042,31.68,71495.41,117310.43,-65097.08,39445.02,-1825518.75,0.0196,-1744.4,8.8,0.8125,36.3421,50.6444,0.7176,-0.4295,shadowing_obscuration
sample_0620,-89.3353,-137.7903,30.55,69316.77,115925.47,-65097.08,39445.02,-1825518.75,0.0196,-1741.6,9.0,0.2643,92.8808,72.9388,1.2734,-0.2761,shadowing_obscuration
sample_0621,-89.3349,-133.9988,31.27,70649.16,116768.88,-65097.08,39445.02,-1825518.75,0.0196,-1743.6,8.9,0.624,39.3869,37.3592,1.0543,-0.1972,shadowing_obscuration
sample_0622,-89.3318,-130.3427,31.92,71940.69,117596.19,-65097.08,39445.02,-1825518.75,0.0196,-1745.1,8.7,0.7987,30.1125,49.426,0.6092,-0.2127,shadowing_obscuration
sample_0623,-89.3476,-136.4596,30.8,69779.46,116217.41,-65097.08,39445.02,-1825518.75,0.0196,-1742.3,9.0,0.1451,55.9102,67.9311,0.823,-0.5042,shadowing_obscuration
sample_0624,-89.3456,-132.3156,31.57,71211.89,117128.24,-65097.08,39445.02,-1825518.75,0.0235,-1744.4,8.8,0.7956,40.1249,57.1574,0.702,-0.7854,shadowing_obscuration
sample_0625,-89.3427,-129.1852,32.09,72300.21,117828.33,-65097.08,39445.02,-1825518.75,0.0196,-1745.4,8.7,0.8453,35.543,47.9396,0.7414,-0.5713,shadowing_obscuration
sample_0626,-89.3597,-135.217,31.03,69899.88,116288.1,-64327.86,39733.49,-1825533.55,0.0157,-1744.5,8.8,0.1756,46.6143,62.2483,0.7488,-1.04,shadowing_obscuration
sample_0627,-89.3572,-131.2708,31.72,71240.01,117141.14,-64327.86,39733.49,-1825533.55,0.0196,-1746.1,8.7,0.6473,25.7541,49.6376,0.5188,-0.6119,shadowing_obscuration
sample_0628,-89.3722,-138.3362,30.43,68851.69,115628.57,-64327.86,39733.49,-1825533.55,0.0157,-1742.5,9.0,0.2439,316.3574,181.2384,1.7455,-0.1624,shadowing_obscuration
sample_0629,-89.3709,-133.4974,31.33,70459.35,116643.08,-64327.86,39733.49,-1825533.55,0.0196,-1745.3,8.7,0.2559,28.6614,30.308,0.9457,-0.0887,shadowing_obscuration
sample_0630,-89.3696,-130.6633,31.75,71402.65,117245.95,-64327.86,39733.49,-1825533.55,0.0196,-1745.6,8.7,0.2279,34.838,56.4479,0.6172,-0.6237,shadowing_obscuration
sample_0631,-89.3846,-136.9075,30.69,69325.99,115926.05,-64327.86,39733.49,-1825533.55,0.0196,-1743.2,8.9,0.2213,239.241,132.075,1.8114,-0.1184,shadowing_obscuration
sample_0632,-89.383,-132.6039,31.44,70728.46,116814.28,-64327.86,39733.49,-1825533.55,0.0196,-1745.2,8.7,0.2397,31.7279,63.9903,0.4958,-0.8622,shadowing_obscuration
sample_0633,-89.3803,-129.3081,31.93,71510.49,117310.57,-63558.63,40021.96,-1825547.98,0.0275,-1747.2,8.6,0.339,37.6581,54.3366,0.6931,-1.1458,shadowing_obscuration
sample_0634,-89.396,-134.867,31.06,69678.17,116143.02,-63558.63,40021.96,-1825547.98,0.0196,-1745.9,8.7,0.3803,249.1847,145.5856,1.7116,-0.1342,shadowing_obscuration
sample_0635,-89.3951,-131.7346,31.53,70678.65,116778.08,-63558.63,40021.96,-1825547.98,0.0235,-1746.6,8.6,0.2017,32.6907,39.667,0.8241,-0.1479,shadowing_obscuration
sample_0636,-89.3917,-128.3396,32.03,71771.66,117478.31,-63558.63,40021.96,-1825547.98,0.0275,-1747.2,8.6,0.46,44.9859,44.8217,1.0037,0.133,shadowing_obscuration
sample_0637,-89.4081,-133.8136,31.21,69994.63,116342.87,-63558.63,40021.96,-1825547.98,0.0235,-1746.1,8.7,0.1303,218.7779,109.5506,1.997,0.0538,shadowing_obscuration
sample_0638,-89.4065,-130.5859,31.66,71006.48,116987.76,-63558.63,40021.96,-1825547.98,0.0196,-1746.5,8.6,0.156,27.0897,49.1279,0.5514,-0.5535,shadowing_obscuration
sample_0639,-89.4209,-136.5306,30.78,69144.49,115806.53,-63558.63,40021.96,-1825547.98,0.0196,-1745.2,8.7,0.2161,45.404,56.8359,0.7989,-0.6333,shadowing_obscuration
sample_0640,-89.4203,-132.8874,31.31,70260.27,116511.83,-63558.63,40021.96,-1825547.98,0.0196,-1746.0,8.7,0.1906,76.5096,67.1344,1.1396,-0.3785,shadowing_obscuration
sample_0641,-89.4182,-129.6087,31.76,70966.35,116957.11,-62789.38,40310.41,-1825562.04,0.0196,-1747.9,8.5,0.135,33.0768,46.06,0.7181,-1.2505,shadowing_obscuration
sample_0642,-89.4329,-135.0717,30.99,69278.19,115885.46,-62789.38,40310.41,-1825562.04,0.0196,-1747.0,8.6,0.2179,717.4738,349.4897,2.0529,-0.0291,shadowing_obscuration
sample_0643,-89.432,-131.7202,31.44,70283.5,116522.1,-62789.38,40310.41,-1825562.04,0.0196,-1747.4,8.5,0.1384,157.2853,105.9264,1.4849,-0.1935,shadowing_obscuration
sample_0644,-89.4296,-128.5671,31.86,71234.28,117128.89,-62789.38,40310.41,-1825562.04,0.0275,-1747.7,8.5,0.1562,54.9983,47.9236,1.1476,0.0962,shadowing_obscuration
sample_0645,-89.4453,-134.1242,31.1,69546.18,116054.67,-62789.38,40310.41,-1825562.04,0.0235,-1747.0,8.6,0.2827,79.9873,76.4149,1.0468,-0.3691,shadowing_obscuration
sample_0646,-89.444,-130.804,31.52,70521.22,116673.16,-62789.38,40310.41,-1825562.04,0.0196,-1747.2,8.6,0.2902,118.9137,84.0588,1.4146,-0.2336,shadowing_obscuration
sample_0647,-89.4576,-136.7817,30.7,68770.53,115566.62,-62789.38,40310.41,-1825562.04,0.0196,-1746.1,8.7,0.3007,190.4116,118.5969,1.6055,-0.1722,shadowing_obscuration
sample_0648,-89.4572,-132.896,31.23,69579.1,116071.12,-62020.12,40598.86,-1825575.73,0.0196,-1748.4,8.5,0.3096,328.7914,185.6601,1.7709,-0.128,shadowing_obscuration
sample_0649,-89.4557,-129.7373,31.63,70486.92,116646.88,-62020.12,40598.86,-1825575.73,0.1294,-1748.7,8.4,0.32,344.1343,176.1561,1.9536,0.0131,safe_flat
sample_0650,-89.4702,-135.6645,30.84,68779.47,115567.64,-62020.12,40598.86,-1825575.73,0.0196,-1747.7,8.5,0.3762,261.0254,154.2277,1.6925,-0.1751,shadowing_obscuration
sample_0651,-89.4694,-131.9653,31.32,69816.21,116220.7,-62020.12,40598.86,-1825575.73,0.0275,-1748.3,8.5,0.3444,303.3134,163.5315,1.8548,-0.164,shadowing_obscuration
sample_0652,-89.4666,-128.389,31.76,70825.14,116862.29,-62020.12,40598.86,-1825575.73,0.0196,-1748.5,8.5,0.2877,48.6886,43.0446,1.1311,-0.3964,shadowing_obscuration
sample_0653,-89.4828,-134.7755,30.93,69018.85,115718.22,-62020.12,40598.86,-1825575.73,0.0588,-1747.6,8.5,0.4806,274.1994,165.8185,1.6536,-0.1316,safe_flat
sample_0654,-89.4815,-131.0539,31.39,70038.14,116361.71,-62020.12,40598.86,-1825575.73,0.0196,-1748.0,8.5,0.6463,357.4302,189.1506,1.8897,-0.106,shadowing_obscuration
sample_0655,-89.478,-127.3044,31.85,70767.85,116821.3,-61250.85,40887.29,-1825589.06,0.0275,-1749.9,8.3,0.2877,44.3344,44.9502,0.9863,-0.3368,shadowing_obscuration
sample_0656,-89.495,-133.6805,31.02,68993.74,115697.64,-61250.85,40887.29,-1825589.06,0.0314,-1748.8,8.4,0.2877,388.0008,198.5781,1.9539,-0.0501,shadowing_obscuration
sample_0657,-89.4932,-129.8829,31.48,70010.34,116339.31,-61250.85,40887.29,-1825589.06,0.0275,-1749.2,8.4,0.2877,30.9212,53.9434,0.5732,-0.8148,shadowing_obscuration
sample_0658,-89.5078,-137.0281,30.56,68105.98,115142.73,-61250.85,40887.29,-1825589.06,0.0235,-1747.8,8.5,0.2877,304.0037,175.3483,1.7337,-0.1295,shadowing_obscuration
sample_0659,-89.5076,-132.8668,31.07,69188.69,115820.66,-61250.85,40887.29,-1825589.06,0.0275,-1748.4,8.5,0.2877,405.1266,224.2543,1.8065,-0.1785,shadowing_obscuration
sample_0660,-89.505,-128.9007,31.54,70226.51,116476.99,-61250.85,40887.29,-1825589.06,0.0275,-1748.9,8.4,0.2877,37.7636,40.0264,0.9435,-0.3173,shadowing_obscuration
sample_0661,-89.5204,-135.8817,30.66,68404.41,115328.85,-61250.85,40887.29,-1825589.06,0.0235,-1747.5,8.5,0.2877,193.5629,117.9548,1.641,-0.0259,shadowing_obscuration
sample_0662,-89.5196,-131.738,31.15,69455.9,115989.02,-61250.85,40887.29,-1825589.06,0.0235,-1748.0,8.5,0.2877,44.6854,43.836,1.0194,0.3528,shadowing_obscuration
sample_0663,-89.5166,-127.8144,31.61,70148.41,116423.06,-60481.57,41175.72,-1825602.02,0.0314,-1750.1,8.3,0.2877,39.7117,60.0713,0.6611,-0.8324,shadowing_obscuration
sample_0664,-89.5333,-135.2569,30.69,68246.26,115225.84,-60481.57,41175.72,-1825602.02,0.0235,-1748.6,8.5,0.2877,36.6939,58.3304,0.6291,-0.3451,shadowing_obscuration
sample_0665,-89.532,-130.9089,31.19,69320.87,115899.65,-60481.57,41175.72,-1825602.02,0.0235,-1749.2,8.4,0.2877,32.4908,37.909,0.8571,-0.7004,shadowing_obscuration
sample_0666,-89.527,-126.1814,31.76,70506.14,116650.18,-60481.57,41175.72,-1825602.02,0.1843,-1750.1,8.3,0.2877,34.38,75.9627,0.4526,-1.5715,safe_flat
sample_0667,-89.5458,-134.2089,30.75,68494.15,115381.35,-60481.57,41175.72,-1825602.02,0.0235,-1748.1,8.5,0.2877,30.3838,46.8366,0.6487,-0.5149,shadowing_obscuration
sample_0668,-89.5439,-129.7962,31.27,69557.19,116049.05,-60481.57,41175.72,-1825602.02,0.0275,-1748.9,8.4,0.2877,35.6423,59.7572,0.5965,-0.8687,shadowing_obscuration
sample_0669,-89.5584,-138.2279,30.24,67547.65,114792.09,-60481.57,41175.72,-1825602.02,0.0196,-1746.8,8.6,0.2877,37.5978,54.9364,0.6844,-0.5136,shadowing_obscuration
sample_0670,-89.5586,-133.5006,30.77,68335.43,115277.34,-59712.27,41464.13,-1825614.61,0.0235,-1749.1,8.4,0.2877,31.9159,37.5198,0.8506,-0.5427,shadowing_obscuration
sample_0671,-89.5548,-128.2071,31.39,69580.87,116059.18,-59712.27,41464.13,-1825614.61,0.3373,-1750.2,8.3,0.2877,38.3453,59.785,0.6414,-0.7641,safe_flat
sample_0672,-89.5715,-137.6395,30.26,67382.62,114685.68,-59712.27,41464.13,-1825614.61,0.0235,-1747.8,8.5,0.2877,31.3818,61.3444,0.5116,-0.5593,shadowing_obscuration
sample_0673,-89.5713,-132.7119,30.8,68498.81,115380.0,-59712.27,41464.13,-1825614.61,0.0314,-1748.6,8.4,0.2877,42.6018,51.3868,0.829,-0.1319,shadowing_obscuration
sample_0674,-89.5658,-126.7317,31.51,69872.12,116243.59,-59712.27,41464.13,-1825614.61,0.1255,-1750.2,8.3,0.2877,39.0246,45.8228,0.8516,-0.6462,safe_flat
sample_0675,-89.5844,-136.5995,30.33,67626.08,114836.48,-59712.27,41464.13,-1825614.61,0.0235,-1747.4,8.5,0.2877,43.57,60.4909,0.7203,-0.5828,shadowing_obscuration
sample_0676,-89.583,-131.2138,30.91,68811.62,115575.8,-59712.27,41464.13,-1825614.61,0.0275,-1748.3,8.5,0.2877,38.6529,51.9919,0.7434,-0.8829,shadowing_obscuration
sample_0677,-89.5766,-125.207,31.62,69843.44,116220.98,-58942.96,41752.53,-1825626.84,0.3686,-1751.7,8.2,0.2877,23.9604,41.9217,0.5716,-0.434,safe_flat
sample_0678,-89.5973,-135.8442,30.36,67476.98,114739.77,-58942.96,41752.53,-1825626.84,0.0196,-1748.5,8.5,0.2877,29.5923,51.3249,0.5766,-0.6019,shadowing_obscuration
sample_0679,-89.5945,-129.6754,31.04,68796.78,115561.93,-58942.96,41752.53,-1825626.84,0.0627,-1750.0,8.3,0.2877,35.1568,56.8582,0.6183,-0.7692,safe_flat
sample_0680,-89.6087,-139.7555,29.93,66671.53,114242.66,-58942.96,41752.53,-1825626.84,0.0196,-1747.5,8.5,0.2877,34.6791,72.5565,0.478,-1.106,shadowing_obscuration
sample_0681,-89.6096,-134.3188,30.47,67794.78,114936.85,-58942.96,41752.53,-1825626.84,0.0275,-1748.2,8.5,0.2877,38.4281,42.4019,0.9063,-0.4235,shadowing_obscuration
sample_0682,-89.6054,-127.8705,31.19,69137.78,115776.32,-58942.96,41752.53,-1825626.84,0.3804,-1750.0,8.3,0.2877,35.5827,55.0187,0.6467,-0.4698,safe_flat
sample_0683,-89.6219,-138.9313,29.98,66868.55,114364.44,-58942.96,41752.53,-1825626.84,0.0196,-1747.1,8.6,0.2877,38.2262,59.0864,0.647,-0.7884,shadowing_obscuration
sample_0684,-89.6217,-132.7033,30.61,68112.93,115135.04,-58942.96,41752.53,-1825626.84,0.0275,-1748.3,8.5,0.2877,35.7033,41.5474,0.8593,-0.1165,shadowing_obscuration
sample_0685,-89.6148,-125.3786,31.41,69283.88,115862.99,-58173.63,42040.93,-1825638.7,0.3412,-1751.9,8.2,0.2877,26.5779,44.6509,0.5952,-0.3954,safe_flat
sample_0686,-89.6349,-137.7397,30.07,66802.29,114318.57,-58173.63,42040.93,-1825638.7,0.0196,-1748.5,8.5,0.2877,34.1033,55.0956,0.619,-0.9005,shadowing_obscuration
sample_0687,-89.6332,-130.8201,30.77,68140.81,115147.82,-58173.63,42040.93,-1825638.7,0.0392,-1750.0,8.3,0.2877,38.5526,60.1646,0.6408,-0.6801,shadowing_obscuration
sample_0688,-89.6242,-123.1092,31.6,69676.69,116110.88,-58173.63,42040.93,-1825638.7,0.4902,-1752.2,8.1,0.2877,31.8155,43.6986,0.7281,-0.3267,safe_flat
sample_0689,-89.6474,-135.9063,30.22,67161.83,114540.64,-58173.63,42040.93,-1825638.7,0.0235,-1748.4,8.5,0.2877,38.5866,38.6559,0.9982,-0.3549,shadowing_obscuration
sample_0690,-89.6432,-128.0498,31.01,68638.49,115458.16,-58173.63,42040.93,-1825638.7,0.7137,-1750.4,8.3,0.2877,45.4186,45.9219,0.989,-0.4163,boulder
sample_0691,-89.6587,-141.248,29.7,66207.88,113954.13,-58173.63,42040.93,-1825638.7,0.0196,-1747.1,8.6,0.2877,35.5209,55.6993,0.6377,-0.6894,shadowing_obscuration
sample_0692,-89.66,-134.5585,30.3,67087.03,114490.05,-57404.29,42329.31,-1825650.19,0.1333,-1749.8,8.4,0.2877,31.3105,55.9012,0.5601,-0.5383,safe_flat
sample_0693,-89.6538,-126.017,31.16,68645.27,115457.75,-57404.29,42329.31,-1825650.19,0.4235,-1752.1,8.2,0.2877,33.3975,49.8484,0.67,-1.4673,safe_flat
sample_0694,-89.6719,-139.7605,29.8,66183.08,113934.66,-57404.29,42329.31,-1825650.19,0.0235,-1748.4,8.5,0.2877,33.1307,49.4835,0.6695,-0.7605,shadowing_obscuration
sample_0695,-89.672,-132.6829,30.42,67409.48,114689.2,-57404.29,42329.31,-1825650.19,0.3412,-1749.5,8.4,0.2877,46.614,52.3323,0.8907,-0.3225,safe_flat
sample_0696,-89.6637,-123.7038,31.32,69003.06,115681.75,-57404.29,42329.31,-1825650.19,0.4392,-1752.2,8.1,0.2877,43.3242,45.1203,0.9602,-0.5356,safe_flat
sample_0697,-89.685,-138.2748,29.91,66465.17,114107.84,-57404.29,42329.31,-1825650.19,0.0275,-1748.3,8.5,0.2877,45.4609,38.9612,1.1668,0.1801,shadowing_obscuration
sample_0698,-89.6836,-130.556,30.57,67752.54,114902.16,-57404.29,42329.31,-1825650.19,0.3216,-1749.6,8.4,0.2877,40.8228,40.3453,1.0118,-0.1335,safe_flat
sample_0699,-89.695,-142.911,29.54,65413.41,113460.58,-56634.95,42617.68,-1825661.32,0.0196,-1749.3,8.4,0.2877,31.2615,40.9225,0.7639,-0.358,shadowing_obscuration
sample_0700,-89.6977,-136.3327,30.06,66471.96,114106.73,-56634.95,42617.68,-1825661.32,0.3373,-1750.0,8.3,0.2877,35.3688,47.481,0.7449,-0.7626,safe_flat
sample_0701,-89.6937,-127.4973,30.82,67896.23,114985.91,-56634.95,42617.68,-1825661.32,0.4118,-1751.8,8.2,0.2877,39.7103,37.8688,1.0486,-0.3039,safe_flat
sample_0702,-89.7085,-140.9998,29.7,65764.58,113674.44,-56634.95,42617.68,-1825661.32,0.0353,-1749.4,8.4,0.2877,44.3249,54.6948,0.8104,-0.152,shadowing_obscuration
sample_0703,-89.7093,-133.2384,30.3,66957.94,114405.71,-56634.95,42617.68,-1825661.32,0.4196,-1750.4,8.3,0.2877,41.2556,39.4868,1.0448,-0.153,safe_flat
sample_0704,-89.702,-123.7211,31.1,68452.24,115332.57,-56634.95,42617.68,-1825661.32,0.2745,-1752.4,8.1,0.2877,36.9889,52.4343,0.7054,-0.8152,safe_flat
sample_0705,-89.7216,-138.7432,29.88,66141.53,113904.06,-56634.95,42617.68,-1825661.32,0.349,-1749.6,8.4,0.2877,38.7228,52.075,0.7436,-0.5812,safe_flat
sample_0706,-89.7202,-130.0715,30.54,67419.64,114690.24,-56634.95,42617.68,-1825661.32,0.3961,-1750.9,8.3,0.2877,37.7835,41.0113,0.9213,-0.2962,safe_flat
sample_0707,-89.7111,-120.8285,31.28,68504.12,115360.33,-55865.58,42906.04,-1825672.08,0.102,-1754.2,8.0,0.2877,51.652,60.867,0.8486,-0.5694,safe_flat
sample_0708,-89.7338,-135.1968,30.15,66336.76,114018.7,-55865.58,42906.04,-1825672.08,0.4157,-1751.8,8.2,0.2877,31.5635,53.746,0.5873,-0.472,safe_flat
sample_0709,-89.7295,-126.0451,30.82,67639.51,114821.65,-55865.58,42906.04,-1825672.08,0.2353,-1753.1,8.1,0.2877,29.9097,43.3963,0.6892,-0.3067,safe_flat
sample_0710,-89.745,-140.8423,29.77,65583.12,113558.11,-55865.58,42906.04,-1825672.08,0.298,-1751.2,8.2,0.2877,43.5995,60.1938,0.7243,-0.5006,safe_flat
sample_0711,-89.7453,-132.0015,30.37,66772.48,114285.66,-55865.58,42906.04,-1825672.08,0.5176,-1752.2,8.2,0.2877,42.1579,56.7061,0.7434,-0.4365,safe_flat
sample_0712,-89.739,-122.8689,31.0,68029.78,115064.37,-55865.58,42906.04,-1825672.08,0.2,-1753.3,8.1,0.2877,47.2182,53.7686,0.8782,-0.41,safe_flat
sample_0713,-89.7578,-137.2376,30.03,66089.29,113866.86,-55865.58,42906.04,-1825672.08,0.2745,-1751.6,8.2,0.2877,38.3071,51.4707,0.7443,-0.2922,safe_flat
sample_0714,-89.7565,-129.0125,30.54,66810.88,114304.58,-55096.21,43194.39,-1825682.47,0.2314,-1754.0,8.0,0.2877,36.8706,63.6096,0.5796,-0.9407,safe_flat
sample_0715,-89.7479,-119.6069,31.17,68068.15,115082.95,-55096.21,43194.39,-1825682.47,0.0392,-1755.1,7.9,0.2877,33.1477,46.038,0.72,-0.5665,shadowing_obscuration
sample_0716,-89.7702,-134.5454,30.18,66101.59,113869.75,-55096.21,43194.39,-1825682.47,0.1059,-1753.4,8.1,0.2877,39.0346,51.9214,0.7518,-0.4365,safe_flat
sample_0717,-89.7664,-125.3168,30.73,67236.16,114567.21,-55096.21,43194.39,-1825682.47,0.2196,-1754.1,8.0,0.2877,25.9833,55.1147,0.4714,-0.614,safe_flat
sample_0718,-89.7556,-115.9268,31.33,68464.66,115330.78,-55096.21,43194.39,-1825682.47,0.0314,-1755.0,7.9,0.2877,32.8458,63.2372,0.5194,-0.6188,shadowing_obscuration
sample_0719,-89.7822,-131.8844,30.31,66411.79,114059.31,-55096.21,43194.39,-1825682.47,0.251,-1753.3,8.1,0.2877,34.5535,61.8344,0.5588,-0.7351,safe_flat
sample_0720,-89.7768,-122.4084,30.84,67526.61,114746.69,-55096.21,43194.39,-1825682.47,0.0314,-1753.9,8.0,0.2877,41.8366,47.8299,0.8747,-0.4835,shadowing_obscuration
sample_0721,-89.7944,-137.5897,30.0,65442.38,113462.93,-54326.82,43482.73,-1825692.5,0.2627,-1754.6,7.9,0.2877,408.0249,209.9003,1.9439,-0.0491,safe_flat
sample_0722,-89.7932,-128.2604,30.47,66458.77,114083.65,-54326.82,43482.73,-1825692.5,0.2667,-1755.0,7.9,0.2877,47.6473,54.4134,0.8757,-0.355,safe_flat
sample_0723,-89.7854,-118.448,31.0,67575.18,114772.35,-54326.82,43482.73,-1825692.5,0.0275,-1755.6,7.9,0.2877,39.3919,45.8012,0.8601,-0.6346,shadowing_obscuration
sample_0724,-89.807,-134.7495,30.13,65756.47,113653.64,-54326.82,43482.73,-1825692.5,0.2863,-1754.5,8.0,0.2877,301.3501,164.3185,1.8339,-0.1247,safe_flat
sample_0725,-89.804,-124.9335,30.59,66768.39,114273.59,-54326.82,43482.73,-1825692.5,0.2431,-1754.8,7.9,0.2877,48.2896,50.8911,0.9489,-0.6967,safe_flat
sample_0726,-89.7943,-114.9734,31.1,67863.95,114952.1,-54326.82,43482.73,-1825692.5,0.0275,-1755.3,7.9,0.2877,32.3209,45.3854,0.7121,-0.3569,shadowing_obscuration
sample_0727,-89.8189,-131.3455,30.26,66089.62,113857.4,-54326.82,43482.73,-1825692.5,0.2588,-1754.4,8.0,0.2877,156.8725,111.9767,1.4009,-0.2463,safe_flat
sample_0728,-89.8144,-121.5467,30.69,67047.73,114446.17,-54326.82,43482.73,-1825692.5,0.2039,-1754.6,8.0,0.2877,42.8264,55.8929,0.7662,-0.5769,safe_flat
sample_0729,-89.8022,-111.1437,31.21,67824.0,114922.12,-53557.43,43771.06,-1825702.15,0.051,-1756.8,7.8,0.2877,35.6972,58.3642,0.6116,-0.9499,safe_flat
sample_0730,-89.8303,-127.8054,30.38,66052.24,113829.29,-53557.43,43771.06,-1825702.15,0.2196,-1756.0,7.8,0.2877,307.7292,171.7653,1.7916,-0.1016,safe_flat
sample_0731,-89.8231,-117.0348,30.83,67060.96,114449.88,-53557.43,43771.06,-1825702.15,0.1686,-1756.1,7.8,0.2877,40.3266,54.1799,0.7443,-0.2685,safe_flat
sample_0732,-89.8437,-134.857,30.07,65429.71,113450.27,-53557.43,43771.06,-1825702.15,0.2941,-1755.5,7.9,0.2877,857.2258,406.4764,2.1089,0.0083,safe_flat
sample_0733,-89.8412,-123.9726,30.48,66337.96,114004.68,-53557.43,43771.06,-1825702.15,0.2353,-1755.7,7.9,0.2877,110.4747,61.9238,1.784,-0.1032,safe_flat
sample_0734,-89.8319,-112.9618,30.91,67328.11,114614.75,-53557.43,43771.06,-1825702.15,0.0824,-1755.7,7.9,0.2877,47.4231,53.0703,0.8936,-0.2431,safe_flat
sample_0735,-89.8558,-131.0741,30.19,65728.49,113631.64,-53557.43,43771.06,-1825702.15,0.3137,-1755.4,7.9,0.2877,852.6842,393.6347,2.1662,0.0275,safe_flat
sample_0736,-89.8506,-118.9582,30.61,66336.63,113999.41,-52788.02,44059.38,-1825711.45,0.2588,-1757.2,7.7,0.2877,289.7657,153.2421,1.8909,-0.1313,safe_flat
sample_0737,-89.8381,-107.4969,31.05,67350.47,114623.9,-52788.02,44059.38,-1825711.45,0.2902,-1757.3,7.7,0.2877,44.0521,57.4925,0.7662,-0.453,safe_flat
sample_0738,-89.8673,-126.8565,30.29,65665.27,113588.7,-52788.02,44059.38,-1825711.45,0.4353,-1756.9,7.8,0.2877,670.249,330.3901,2.0287,-0.047,safe_flat
sample_0739,-89.8597,-114.1652,30.7,66607.22,114165.26,-52788.02,44059.38,-1825711.45,0.2275,-1756.9,7.8,0.2877,859.1736,399.9131,2.1484,0.0158,safe_flat
sample_0740,-89.8445,-102.4671,31.14,67628.35,114796.04,-52788.02,44059.38,-1825711.45,0.2039,-1756.9,7.8,0.2877,291.2162,160.3807,1.8158,-0.1,safe_flat
sample_0741,-89.8771,-120.8439,30.43,66017.77,113804.11,-52788.02,44059.38,-1825711.45,0.3373,-1756.7,7.8,0.2877,513.0798,257.6594,1.9913,-0.0628,safe_flat
sample_0742,-89.8664,-107.8121,30.82,66956.12,114380.58,-52788.02,44059.38,-1825711.45,0.5059,-1756.5,7.8,0.2877,693.674,340.2968,2.0384,-0.0094,safe_flat
sample_0743,-89.8927,-130.7037,30.12,65017.27,113190.25,-52018.6,44347.69,-1825720.37,0.3216,-1758.2,7.6,0.2877,695.384,336.0235,2.0695,-0.0248,safe_flat
sample_0744,-89.8864,-114.9202,30.53,65955.03,113760.62,-52018.6,44347.69,-1825720.37,0.4706,-1758.2,7.6,0.2877,683.851,340.9311,2.0058,-0.0072,safe_flat
sample_0745,-89.8727,-101.7049,30.92,66890.22,114334.74,-52018.6,44347.69,-1825720.37,0.3804,-1758.1,7.7,0.2877,418.879,214.6555,1.9514,-0.0483,safe_flat
sample_0746,-89.9033,-123.3779,30.26,65375.65,113407.86,-52018.6,44347.69,-1825720.37,0.3686,-1758.0,7.7,0.2877,729.6676,365.3488,1.9972,-0.02,safe_flat
sample_0747,-89.8942,-107.9502,30.63,66242.94,113937.12,-52018.6,44347.69,-1825720.37,0.4784,-1757.9,7.7,0.2877,705.4487,348.4653,2.0244,-0.0365,safe_flat
sample_0748,-89.8777,-95.1389,31.0,67159.7,114500.8,-52018.6,44347.69,-1825720.37,0.2824,-1757.6,7.7,0.2877,469.2571,246.1838,1.9061,-0.0719,safe_flat
sample_0749,-89.9127,-115.5525,30.38,65679.98,113592.53,-52018.6,44347.69,-1825720.37,0.3098,-1757.9,7.7,0.2877,616.7023,323.4299,1.9068,-0.0698,safe_flat
sample_0750,-89.8989,-99.1781,30.75,66591.51,114150.76,-52018.6,44347.69,-1825720.37,0.5294,-1757.6,7.7,0.2877,706.2328,355.4866,1.9867,-0.0502,safe_flat
sample_0751,-89.9291,-127.9559,30.09,64727.11,113010.28,-51249.17,44635.98,-1825728.93,0.3216,-1759.4,7.6,0.2877,530.2224,276.063,1.9207,-0.1354,safe_flat
sample_0752,-89.9205,-106.4481,30.48,65614.7,113548.35,-51249.17,44635.98,-1825728.93,0.3373,-1759.4,7.6,0.2877,378.4661,228.7673,1.6544,-0.1243,safe_flat
sample_0753,-89.9027,-90.5633,30.85,66526.96,114106.7,-51249.17,44635.98,-1825728.93,0.549,-1759.1,7.6,0.2877,916.4885,430.4579,2.1291,0.0178,safe_flat
sample_0754,-89.9394,-117.8028,30.2,65020.83,113187.35,-51249.17,44635.98,-1825728.93,0.3922,-1759.1,7.6,0.2877,500.6,265.6036,1.8848,-0.0886,safe_flat
sample_0755,-89.9246,-94.7751,30.59,65952.62,113754.29,-51249.17,44635.98,-1825728.93,0.4745,-1758.9,7.6,0.2877,544.1788,272.3477,1.9981,-0.0592,safe_flat
sample_0756,-89.9028,-81.0449,30.96,66857.99,114309.57,-51249.17,44635.98,-1825728.93,0.4667,-1758.7,7.6,0.2877,505.7763,257.9998,1.9604,-0.0304,safe_flat
sample_0757,-89.9479,-105.3344,30.27,65275.84,113342.45,-51249.17,44635.98,-1825728.93,0.4471,-1758.6,7.6,0.2877,47.9578,70.1361,0.6838,-0.9761,safe_flat
sample_0758,-89.9282,-83.7413,30.65,65838.26,113680.17,-50479.72,44924.27,-1825737.12,0.4392,-1760.2,7.5,0.2877,165.422,97.2584,1.7009,-0.0088,safe_flat
sample_0759,-89.9022,-72.1686,31.04,66777.19,114254.93,-50479.72,44924.27,-1825737.12,0.5412,-1760.0,7.5,0.2877,642.6434,330.1541,1.9465,-0.0696,safe_flat
sample_0760,-89.9514,-87.7146,30.37,65238.16,113314.57,-50479.72,44924.27,-1825737.12,0.4314,-1760.0,7.5,0.2877,33.1525,49.4375,0.6706,-0.4678,safe_flat
sample_0761,-89.9283,-71.8123,30.73,66094.88,113836.94,-50479.72,44924.27,-1825737.12,0.5176,-1759.9,7.5,0.2877,637.3677,318.3997,2.0018,-0.0734,safe_flat
sample_0762,-89.9769,-107.2494,30.0,64500.19,112869.0,-50479.72,44924.27,-1825737.12,0.3176,-1759.5,7.5,0.2877,42.0246,54.4365,0.772,-0.7173,safe_flat
sample_0763,-89.9516,-69.9021,30.45,65503.08,113475.96,-50479.72,44924.27,-1825737.12,0.5412,-1759.6,7.5,0.2877,45.5124,62.9508,0.723,-0.544,safe_flat
sample_0764,-89.9229,-60.0687,30.83,66427.86,114040.66,-50479.72,44924.27,-1825737.12,0.6314,-1759.3,7.6,0.2877,730.0813,353.2747,2.0666,-0.0265,safe_flat
sample_0765,-89.9755,-64.8033,30.15,64533.68,112884.74,-49710.27,45212.54,-1825744.95,0.2588,-1761.1,7.4,0.2877,37.3442,46.3139,0.8063,-0.2486,safe_flat
sample_0766,-89.9473,-53.5109,30.53,65414.0,113417.49,-49710.27,45212.54,-1825744.95,0.4863,-1761.0,7.4,0.2877,40.3694,61.5918,0.6554,-0.5161,safe_flat
sample_0767,-89.9172,-50.1652,30.91,66332.82,113976.76,-49710.27,45212.54,-1825744.95,0.5137,-1760.8,7.4,0.2877,37.3442,46.3139,0.8063,-0.2486,safe_flat
sample_0768,-89.9669,-37.9272,30.27,64847.28,113073.47,-49710.27,45212.54,-1825744.95,0.2745,-1760.9,7.4,0.2877,40.5883,31.3007,1.2967,-0.1601,safe_flat
sample_0769,-89.9373,-40.8837,30.64,65746.15,113619.43,-49710.27,45212.54,-1825744.95,0.5725,-1760.6,7.5,0.2877,39.096,36.9077,1.0593,-0.1617,safe_flat
sample_0770,-89.9073,-41.9754,31.01,66655.48,114173.96,-49710.27,45212.54,-1825744.95,0.6,-1760.3,7.5,0.2877,39.096,36.9077,1.0593,-0.1617,safe_flat
sample_0771,-89.956,-22.7047,30.34,65104.72,113229.79,-49710.27,45212.54,-1825744.95,0.4627,-1760.3,7.5,0.2877,41.3301,49.3161,0.8381,-0.6809,safe_flat
sample_0772,-89.9274,-31.3779,30.72,66008.19,113778.64,-49710.27,45212.54,-1825744.95,0.6431,-1760.2,7.5,0.2877,40.5883,31.3007,1.2967,-0.1601,safe_flat
sample_0773,-89.9709,4.5611,30.03,64093.86,112615.48,-48940.8,45500.8,-1825752.41,0.0235,-1761.9,7.3,0.2877,46.4535,51.9738,0.8938,-0.7261,shadowing_obscuration
sample_0774,-89.9416,-15.1456,30.45,65065.25,113200.71,-48940.8,45500.8,-1825752.41,0.1882,-1761.8,7.3,0.2877,42.4475,44.9457,0.9444,-0.5285,safe_flat
sample_0775,-89.9164,-24.1919,30.79,65898.15,113705.73,-48940.8,45500.8,-1825752.41,0.6667,-1761.6,7.4,0.2877,46.4975,37.66,1.2347,-0.1192,boulder
sample_0776,-89.9559,6.4076,30.13,64373.43,112783.76,-48940.8,45500.8,-1825752.41,0.0314,-1761.7,7.4,0.2877,45.5117,68.5963,0.6635,-0.6913,shadowing_obscuration
sample_0777,-89.9289,-9.0693,30.51,65294.51,113339.71,-48940.8,45500.8,-1825752.41,0.6235,-1761.4,7.4,0.2877,41.1827,49.4806,0.8323,-0.359,safe_flat
sample_0778,-89.902,-19.5906,30.89,66231.17,113909.19,-48940.8,45500.8,-1825752.41,0.7137,-1761.0,7.4,0.2877,41.3748,45.4892,0.9096,-0.6188,boulder
sample_0779,-89.9403,7.3173,30.22,64666.49,112959.97,-48940.8,45500.8,-1825752.41,0.2824,-1761.2,7.4,0.2877,45.5117,68.5963,0.6635,-0.6913,safe_flat
sample_0780,-89.9151,-5.2045,30.58,65186.26,113268.34,-48171.33,45789.06,-1825759.5,0.4941,-1762.7,7.3,0.2877,46.4535,51.9738,0.8938,-0.7261,safe_flat
sample_0781,-89.8887,-15.6581,30.98,66148.38,113852.88,-48171.33,45789.06,-1825759.5,0.7255,-1762.5,7.3,0.2877,38.9152,45.3458,0.8582,-0.6964,boulder
sample_0782,-89.9264,9.4042,30.28,64517.42,112865.42,-48171.33,45789.06,-1825759.5,0.2196,-1762.7,7.3,0.2877,44.3323,31.2126,1.4203,-0.0796,safe_flat
sample_0783,-89.8991,-3.6346,30.69,65523.36,113472.93,-48171.33,45789.06,-1825759.5,0.6078,-1762.3,7.3,0.2877,43.072,53.0638,0.8117,-0.5587,safe_flat
sample_0784,-89.9391,23.0665,30.03,63904.33,112497.57,-48171.33,45789.06,-1825759.5,0.0275,-1762.9,7.3,0.2877,47.3647,46.3756,1.0213,-0.7363,shadowing_obscuration
sample_0785,-89.912,10.8027,30.35,64739.54,112998.62,-48171.33,45789.06,-1825759.5,0.0,-1762.3,7.3,0.2877,47.3647,46.3756,1.0213,-0.7363,shadowing_obscuration
sample_0786,-89.8848,-1.545,30.77,65784.31,113631.07,-48171.33,45789.06,-1825759.5,0.0,-1761.9,7.3,0.2877,44.9759,57.0614,0.7882,-0.535,shadowing_obscuration
sample_0787,-89.9235,23.8803,30.07,63714.18,112379.09,-47401.84,46077.3,-1825766.22,0.0,-1764.4,7.1,0.2877,39.6167,37.3332,1.0612,-0.1278,shadowing_obscuration
sample_0788,-89.8946,10.5704,30.45,64707.24,112974.18,-47401.84,46077.3,-1825766.22,0.0,-1763.7,7.2,0.2877,44.4148,45.9811,0.9659,-0.1615,shadowing_obscuration
sample_0789,-89.8702,-97.3564,31.28,65245.6,113294.01,-47401.84,46077.3,-1825766.22,0.2,-1770.8,6.6,0.2877,418.879,214.6555,1.9514,-0.0483,safe_flat
sample_0790,-89.9072,24.0204,30.11,63909.29,112494.97,-47401.84,46077.3,-1825766.22,0.0,-1763.8,7.2,0.2877,44.2295,58.1643,0.7604,-0.9953,shadowing_obscuration
sample_0791,-89.8795,11.4437,30.51,64942.88,113115.73,-47401.84,46077.3,-1825766.22,0.0,-1763.2,7.2,0.2877,32.356,62.4116,0.5184,-0.6335,shadowing_obscuration
sample_0792,-89.8535,45.1993,29.51,63016.3,111962.7,-47401.84,46077.3,-1825766.22,0.1674,-1761.4,7.4,0.2877,40.9312,36.983,1.1068,-0.087,safe_flat
sample_0793,-89.8884,22.6865,30.2,64215.38,112678.6,-47401.84,46077.3,-1825766.22,0.0,-1763.3,7.2,0.2877,43.3836,49.5191,0.8761,-0.3475,shadowing_obscuration
sample_0794,-89.8637,11.8366,30.59,65209.63,113277.37,-47401.84,46077.3,-1825766.22,0.0,-1762.7,7.3,0.2877,43.3836,49.5191,0.8761,-0.3475,shadowing_obscuration
sample_0795,-89.8995,35.0319,29.88,63089.88,112001.96,-46632.35,46365.52,-1825772.58,0.0,-1765.4,7.0,0.2877,47.2963,35.2803,1.3406,0.0094,shadowing_obscuration
sample_0796,-89.8716,22.3185,30.26,64093.46,112599.88,-46632.35,46365.52,-1825772.58,0.0,-1764.6,7.1,0.2877,51.5498,42.1739,1.2223,-0.3543,shadowing_obscuration
sample_0797,-89.8455,10.9716,30.72,65228.14,113282.9,-46632.35,46365.52,-1825772.58,0.1674,-1764.2,7.2,0.2877,43.3836,49.5191,0.8761,-0.3475,safe_flat
sample_0798,-89.8798,33.0538,29.95,63347.05,112155.21,-46632.35,46365.52,-1825772.58,0.0,-1764.9,7.1,0.2877,42.4092,51.3981,0.8251,-0.3553,shadowing_obscuration
sample_0799,-89.8553,22.2842,30.32,64314.16,112732.57,-46632.35,46365.52,-1825772.58,0.1674,-1764.2,7.2,0.2877,42.8831,66.358,0.6462,-0.7837,safe_flat
sample_0800,-89.8284,10.6129,30.84,65571.05,113490.4,-46632.35,46365.52,-1825772.58,0.1674,-1763.8,7.2,0.2877,,,,,safe_flat
sample_0801,-89.8629,32.631,29.98,63513.8,112253.92,-46632.35,46365.52,-1825772.58,0.1674,-1764.4,7.1,0.2877,39.8538,52.2136,0.7633,-0.6509,safe_flat
sample_0802,-89.837,21.3846,30.4,64261.61,112695.23,-45862.84,46653.74,-1825778.57,0.1674,-1765.4,7.0,0.2877,44.0871,56.6983,0.7776,-1.2596,safe_flat
sample_0803,-89.8708,43.2155,29.63,62373.06,111573.85,-45862.84,46653.74,-1825778.57,0.1674,-1766.3,7.0,0.2877,45.7488,55.7162,0.8211,-0.3168,safe_flat
sample_0804,-89.8465,32.5482,29.99,63289.15,112115.55,-45862.84,46653.74,-1825778.57,0.1674,-1765.7,7.0,0.2877,43.6923,46.7289,0.935,-0.3133,safe_flat
sample_0805,-89.82,21.0591,30.47,64525.87,112853.45,-45862.84,46653.74,-1825778.57,0.1674,-1764.8,7.1,0.2877,36.059,45.7883,0.7875,-0.5974,safe_flat
sample_0806,-89.8539,42.7687,29.62,62453.14,111620.57,-45862.84,46653.74,-1825778.57,0.1674,-1765.7,7.0,0.2877,43.6923,46.7289,0.935,-0.3133,safe_flat
sample_0807,-89.8282,31.6433,30.04,63523.55,112254.49,-45862.84,46653.74,-1825778.57,0.1674,-1765.0,7.1,0.2877,33.2029,46.4423,0.7149,-0.8945,safe_flat
sample_0808,-89.803,20.6365,30.56,64807.05,113023.3,-45862.84,46653.74,-1825778.57,0.1674,-1764.4,7.1,0.2877,,,,,safe_flat
sample_0809,-89.8375,42.6772,29.6,62513.09,111656.47,-45862.84,46653.74,-1825778.57,0.1674,-1765.2,7.1,0.2877,36.9653,49.027,0.754,-0.3062,safe_flat
sample_0810,-89.8114,31.3691,30.06,63329.38,112133.22,-45093.32,46941.95,-1825784.2,0.1674,-1766.3,7.0,0.2877,39.6798,44.3263,0.8952,-0.4708,safe_flat
sample_0811,-89.7842,19.3175,30.7,64836.07,113035.12,-45093.32,46941.95,-1825784.2,0.1674,-1765.9,7.0,0.2877,,,,,safe_flat
sample_0812,-89.8193,41.8,29.61,62285.05,111516.66,-45093.32,46941.95,-1825784.2,0.1674,-1766.5,7.0,0.2877,40.0653,47.0263,0.852,-0.2385,safe_flat
sample_0813,-89.7944,30.977,30.09,63526.87,112251.06,-45093.32,46941.95,-1825784.2,0.1674,-1765.6,7.0,0.2877,43.4525,54.0919,0.8033,-0.5882,safe_flat
sample_0814,-89.8283,52.7195,29.14,61262.64,110917.84,-45093.32,46941.95,-1825784.2,0.1674,-1766.4,7.0,0.2877,29.5535,66.7945,0.4425,-0.7903,safe_flat
sample_0815,-89.8026,41.5914,29.58,62371.07,111566.67,-45093.32,46941.95,-1825784.2,0.1674,-1765.7,7.0,0.2877,35.5587,46.5642,0.7636,-0.4897,safe_flat
sample_0816,-89.7757,29.707,30.18,63849.53,112442.98,-45093.32,46941.95,-1825784.2,0.1674,-1764.9,7.1,0.2877,33.2954,53.7741,0.6192,-0.7155,safe_flat
sample_0817,-89.8103,51.8935,29.11,60938.8,110725.54,-44323.8,47230.14,-1825789.46,0.1674,-1767.8,6.8,0.2877,43.2682,47.0991,0.9187,-0.4367,safe_flat
sample_0818,-89.7857,41.2562,29.56,62101.75,111403.66,-44323.8,47230.14,-1825789.46,0.1674,-1766.9,6.9,0.2877,42.9059,59.0455,0.7267,-0.82,safe_flat
sample_0819,-89.7589,29.4378,30.2,63675.39,112333.2,-44323.8,47230.14,-1825789.46,0.1674,-1766.1,7.0,0.2877,42.9059,59.0455,0.7267,-0.82,safe_flat
sample_0820,-89.7937,51.7554,29.04,60926.41,110717.79,-44323.8,47230.14,-1825789.46,0.1674,-1767.1,6.9,0.2877,35.0508,48.0872,0.7289,-0.4194,safe_flat
sample_0821,-89.7671,40.0466,29.59,62329.0,111536.57,-44323.8,47230.14,-1825789.46,0.1674,-1766.0,7.0,0.2877,47.8485,41.4202,1.1552,-0.1898,safe_flat
sample_0822,-89.742,29.1368,30.25,63891.82,112462.87,-44323.8,47230.14,-1825789.46,0.1674,-1765.5,7.0,0.2877,,,,,safe_flat
sample_0823,-89.7769,51.4815,28.98,60936.33,110724.11,-44323.8,47230.14,-1825789.46,0.1674,-1766.3,7.0,0.2877,30.4237,53.5555,0.5681,-1.2806,safe_flat
sample_0824,-89.7504,39.8266,29.56,62062.35,111374.12,-43554.26,47518.32,-1825794.35,0.1674,-1767.1,6.9,0.2877,42.5944,30.6605,1.3892,0.0188,safe_flat
sample_0825,-89.7846,61.8559,28.36,59405.71,109837.6,-43554.26,47518.32,-1825794.35,0.1674,-1767.3,6.9,0.2877,38.2928,43.9499,0.8713,-0.5665,safe_flat
sample_0826,-89.7584,50.3234,28.95,60686.9,110574.04,-43554.26,47518.32,-1825794.35,0.1674,-1767.3,6.9,0.2877,37.9518,52.4349,0.7238,-0.6152,safe_flat
sample_0827,-89.7335,39.5686,29.55,62186.12,111447.17,-43554.26,47518.32,-1825794.35,0.1674,-1766.3,7.0,0.2877,36.0991,46.8701,0.7702,-0.5989,safe_flat
sample_0828,-89.7679,61.6288,28.27,59317.64,109788.26,-43554.26,47518.32,-1825794.35,0.1674,-1766.7,6.9,0.2877,36.7491,55.9434,0.6569,-0.5567,safe_flat
sample_0829,-89.7417,50.1364,28.88,60706.12,110584.39,-43554.26,47518.32,-1825794.35,0.1674,-1766.3,7.0,0.2877,46.1803,60.7899,0.7597,-0.7714,safe_flat
sample_0830,-89.7148,38.2715,29.62,62482.37,111620.84,-43554.26,47518.32,-1825794.35,0.1674,-1765.5,7.0,0.2877,37.119,58.2045,0.6377,-1.1044,safe_flat
sample_0831,-89.7495,60.5123,28.24,59342.51,109802.23,-43554.26,47518.32,-1825794.35,0.1674,-1766.2,7.0,0.2877,36.978,54.9273,0.6732,-0.4066,safe_flat
sample_0832,-89.725,49.912,28.81,60354.17,110376.73,-42784.71,47806.49,-1825798.87,0.1674,-1767.4,6.9,0.2877,45.8431,53.5572,0.856,-0.4041,safe_flat
sample_0833,-89.6978,37.9354,29.63,62254.36,111482.0,-42784.71,47806.49,-1825798.87,0.1674,-1766.8,6.9,0.2877,,,,,safe_flat
sample_0834,-89.7329,60.3559,28.14,58890.36,109539.88,-42784.71,47806.49,-1825798.87,0.1674,-1767.5,6.9,0.2877,42.7864,59.0419,0.7247,-0.4841,safe_flat
sample_0835,-89.7063,48.6636,28.82,60548.35,110488.01,-42784.71,47806.49,-1825798.87,0.1674,-1766.5,7.0,0.2877,32.9553,51.1945,0.6437,-0.5782,safe_flat
sample_0836,-89.7422,71.5327,27.29,57491.63,108751.64,-42784.71,47806.49,-1825798.87,0.1674,-1765.2,7.1,0.2877,34.8116,52.1582,0.6674,-0.7482,safe_flat
sample_0837,-89.7162,60.1683,28.03,58823.19,109502.47,-42784.71,47806.49,-1825798.87,0.1674,-1766.6,7.0,0.2877,44.7221,44.0407,1.0155,-0.3917,safe_flat
sample_0838,-89.6894,48.3626,28.77,60613.72,110526.14,-42784.71,47806.49,-1825798.87,0.1674,-1765.5,7.0,0.2877,41.1261,57.0789,0.7205,-0.9636,safe_flat
sample_0839,-89.7239,70.4919,27.22,57048.85,108500.48,-42015.16,48094.65,-1825803.03,0.1674,-1766.9,6.9,0.2877,36.3059,43.0921,0.8425,-0.3424,safe_flat
sample_0840,-89.6976,58.9746,27.98,58528.24,109330.15,-42015.16,48094.65,-1825803.03,0.1674,-1767.6,6.9,0.2877,57.7309,67.6317,0.8536,-0.6287,safe_flat
sample_0841,-89.6725,48.0549,28.72,60295.72,110337.12,-42015.16,48094.65,-1825803.03,0.1674,-1766.6,6.9,0.2877,458.0168,224.6838,2.0385,-0.0221,safe_flat
sample_0842,-89.7073,70.3457,27.1,56883.3,108409.99,-42015.16,48094.65,-1825803.03,0.1674,-1766.4,7.0,0.2877,36.9338,57.2615,0.645,-0.7251,safe_flat
sample_0843,-89.6808,58.7141,27.87,58491.87,109310.08,-42015.16,48094.65,-1825803.03,0.1674,-1766.5,7.0,0.2877,284.1786,166.5884,1.7059,-0.1444,safe_flat
sample_0844,-89.6537,46.7382,28.75,60563.66,110490.61,-42015.16,48094.65,-1825803.03,0.1674,-1765.5,7.0,0.2877,491.4731,245.9722,1.9981,-0.0249,safe_flat
sample_0845,-89.6889,69.2092,27.06,56857.76,108395.8,-42015.16,48094.65,-1825803.03,0.1674,-1766.1,7.0,0.2877,249.9374,142.1929,1.7577,-0.0528,safe_flat
sample_0846,-89.664,58.4462,27.74,58077.4,109070.95,-41245.59,48382.8,-1825806.82,0.1674,-1767.3,6.9,0.2877,448.4938,242.6088,1.8486,-0.1135,safe_flat
sample_0847,-89.6983,80.4463,26.12,54983.72,107363.11,-41245.59,48382.8,-1825806.82,0.1674,-1765.6,7.0,0.2877,47.7975,70.3964,0.679,-1.2024,safe_flat
sample_0848,-89.6721,68.9899,26.94,56343.93,108108.67,-41245.59,48382.8,-1825806.82,0.1674,-1767.6,6.9,0.2877,142.8424,110.0203,1.2983,-0.3332,safe_flat
sample_0849,-89.6453,57.1828,27.71,58232.34,109157.1,-41245.59,48382.8,-1825806.82,0.1674,-1766.0,7.0,0.2877,375.602,200.4755,1.8736,-0.083,safe_flat
sample_0850,-89.6817,80.2996,25.96,54734.73,107228.35,-41245.59,48382.8,-1825806.82,0.1674,-1765.2,7.1,0.2877,52.0069,37.2766,1.3952,-0.0181,safe_flat
sample_0851,-89.6554,68.762,26.8,56215.23,108037.27,-41245.59,48382.8,-1825806.82,0.1674,-1766.6,6.9,0.2877,270.5782,161.8132,1.6722,-0.167,safe_flat
sample_0852,-89.6284,56.8687,27.61,58237.42,109160.37,-41245.59,48382.8,-1825806.82,0.1674,-1764.8,7.1,0.2877,395.0288,203.0122,1.9458,-0.0406,safe_flat
sample_0853,-89.6633,79.1878,25.88,54610.35,107163.22,-41245.59,48382.8,-1825806.82,0.1674,-1764.9,7.1,0.2877,52.6745,46.6575,1.129,-0.3305,safe_flat
sample_0854,-89.6368,67.551,26.72,55871.11,107843.3,-40476.02,48670.94,-1825810.24,0.1674,-1767.6,6.9,0.2877,506.3418,251.8732,2.0103,-0.0341,safe_flat
sample_0855,-89.6114,56.5334,27.52,57857.28,108941.37,-40476.02,48670.94,-1825810.24,0.1674,-1765.9,7.0,0.2877,598.8082,297.2839,2.0143,-0.0149,safe_flat
sample_0856,-89.6466,78.9985,25.73,54015.65,106839.54,-40476.02,48670.94,-1825810.24,0.1674,-1766.6,6.9,0.2877,69.4843,55.8009,1.2452,-0.4563,safe_flat
sample_0857,-89.6199,67.2753,26.57,55769.88,107788.66,-40476.02,48670.94,-1825810.24,0.1674,-1766.4,7.0,0.2877,540.8077,275.9559,1.9598,-0.0555,safe_flat
sample_0858,-89.6543,89.3043,24.9,52620.14,106096.23,-40476.02,48670.94,-1825810.24,0.1674,-1764.9,7.1,0.2877,36.4081,63.5582,0.5728,-0.6245,safe_flat
sample_0859,-89.6281,77.8392,25.67,53932.86,106795.43,-40476.02,48670.94,-1825810.24,0.1674,-1766.4,7.0,0.2877,215.1766,110.02,1.9558,-0.0587,safe_flat
sample_0860,-89.603,66.9779,26.43,55682.45,107740.05,-40476.02,48670.94,-1825810.24,0.1674,-1765.3,7.1,0.2877,542.9979,278.086,1.9526,-0.051,safe_flat
sample_0861,-89.6377,89.154,24.73,51954.99,105746.45,-39706.44,48959.06,-1825813.3,0.1674,-1766.9,6.9,0.2877,39.0003,56.7799,0.6869,-0.3841,safe_flat
sample_0862,-89.6113,77.6027,25.53,53357.42,106486.59,-39706.44,48959.06,-1825813.3,0.1674,-1768.1,6.8,0.2877,230.6295,125.0976,1.8436,-0.126,safe_flat
sample_0863,-89.5843,65.6739,26.37,55407.19,107584.56,-39706.44,48959.06,-1825813.3,0.1674,-1766.1,7.0,0.2877,690.188,328.1496,2.1033,-0.0029,safe_flat
sample_0864,-89.621,88.9871,24.56,51640.65,105583.4,-39706.44,48959.06,-1825813.3,0.1674,-1766.7,6.9,0.2877,36.5757,51.8242,0.7058,-0.5147,safe_flat
sample_0865,-89.5945,77.3444,25.39,53164.39,106384.15,-39706.44,48959.06,-1825813.3,0.1674,-1767.6,6.9,0.2877,27.814,67.2889,0.4134,-0.7131,safe_flat
sample_0866,-89.6286,99.2282,23.96,50447.01,104968.08,-39706.44,48959.06,-1825813.3,0.1674,-1766.8,6.9,0.2877,47.78,53.4314,0.8942,-0.1641,safe_flat
sample_0867,-89.6026,87.8507,24.46,51452.6,105488.66,-39706.44,48959.06,-1825813.3,0.1674,-1766.7,6.9,0.2877,36.1995,56.1596,0.6446,-0.4991,safe_flat
sample_0868,-89.5758,76.0918,25.29,52771.5,106172.05,-38936.84,49247.17,-1825815.98,0.1674,-1768.7,6.8,0.2877,676.7877,341.9889,1.979,-0.0418,safe_flat
sample_0869,-89.612,99.1018,23.77,49729.58,104600.52,-38936.84,49247.17,-1825815.98,0.1674,-1768.9,6.8,0.2877,53.9383,65.7586,0.8202,-0.5356,safe_flat
sample_0870,-89.5858,87.6322,24.31,50804.34,105151.38,-38936.84,49247.17,-1825815.98,0.1674,-1768.8,6.8,0.2877,36.3809,52.9144,0.6875,-0.6139,safe_flat
sample_0871,-89.5589,75.7902,25.12,52606.93,106086.85,-38936.84,49247.17,-1825815.98,0.1674,-1767.6,6.9,0.2877,719.8247,360.2853,1.9979,-0.0527,safe_flat
sample_0872,-89.5936,98.0195,23.62,49418.41,104447.05,-38936.84,49247.17,-1825815.98,0.1674,-1769.0,6.8,0.2877,50.6866,51.3084,0.9879,-0.2554,safe_flat
sample_0873,-89.5672,86.4325,24.23,50657.53,105076.72,-38936.84,49247.17,-1825815.98,0.1674,-1768.7,6.8,0.2877,39.6401,51.419,0.7709,-0.5166,safe_flat
sample_0874,-89.542,75.4692,24.95,52456.29,106007.1,-38936.84,49247.17,-1825815.98,0.1674,-1766.5,7.0,0.2877,574.3165,279.306,2.0562,-0.0279,safe_flat
sample_0875,-89.577,97.8413,23.45,49045.18,104260.58,-38936.84,49247.17,-1825815.98,0.1674,-1769.3,6.7,0.2877,29.6957,48.1034,0.6173,-0.3727,safe_flat
sample_0876,-89.5504,86.17,24.08,50029.32,104755.4,-38167.24,49535.27,-1825818.31,0.1674,-1770.7,6.6,0.2877,294.4778,155.666,1.8917,-0.1265,safe_flat
sample_0877,-89.5846,108.1079,23.13,47744.45,103611.26,-38167.24,49535.27,-1825818.31,0.1674,-1773.5,6.4,0.2877,39.2689,52.7232,0.7448,-0.531,safe_flat
sample_0878,-89.5585,96.6945,23.32,48436.62,103954.86,-38167.24,49535.27,-1825818.31,0.1674,-1771.5,6.5,0.2877,37.5184,52.7784,0.7109,-0.5288,safe_flat
sample_0879,-89.5336,85.8878,23.94,49771.56,104625.38,-38167.24,49535.27,-1825818.31,0.1674,-1770.6,6.6,0.2877,555.7823,271.3044,2.0486,-0.0115,safe_flat
sample_0880,-89.568,107.9703,22.96,47300.82,103395.37,-38167.24,49535.27,-1825818.31,0.1674,-1774.2,6.3,0.2877,40.2313,57.2968,0.7022,-0.812,safe_flat
sample_0881,-89.5418,96.4715,23.15,48079.33,103781.56,-38167.24,49535.27,-1825818.31,0.1674,-1771.6,6.5,0.2877,35.8272,55.5548,0.6449,-0.8298,safe_flat
sample_0882,-89.5148,84.6016,23.81,49694.35,104588.16,-38167.24,49535.27,-1825818.31,0.1674,-1769.5,6.7,0.2877,595.9299,299.2427,1.9915,-0.0345,safe_flat
sample_0883,-89.5514,107.8128,22.8,46565.5,103036.59,-37397.63,49823.36,-1825820.26,0.1674,-1776.9,6.1,0.2877,30.7986,53.6811,0.5737,-0.7354,safe_flat
sample_0884,-89.525,96.2286,22.99,47389.98,103440.8,-37397.63,49823.36,-1825820.26,0.1674,-1774.0,6.3,0.2877,49.4253,55.6435,0.8882,-0.5834,safe_flat
sample_0885,-89.4979,84.2737,23.6,49094.58,104282.71,-37397.63,49823.36,-1825820.26,0.1674,-1770.7,6.6,0.2877,604.0623,295.4364,2.0446,-0.0483,safe_flat
sample_0886,-89.533,106.6936,22.64,46178.23,102855.14,-37397.63,49823.36,-1825820.26,0.1674,-1777.5,6.0,0.2877,39.4997,35.5259,1.1119,-0.1189,safe_flat
sample_0887,-89.5063,94.9943,22.87,47165.03,103334.76,-37397.63,49823.36,-1825820.26,0.1674,-1774.0,6.3,0.2877,181.1953,111.7394,1.6216,-0.0724,safe_flat
sample_0888,-89.5423,117.9011,22.8,45553.22,102551.97,-37397.63,49823.36,-1825820.26,0.1674,-1783.4,5.6,0.2877,52.172,59.1546,0.882,-0.8869,safe_flat
sample_0889,-89.5162,106.4903,22.48,45745.83,102650.05,-37397.63,49823.36,-1825820.26,0.1674,-1778.3,6.0,0.2877,38.8328,59.1576,0.6564,-0.8048,safe_flat
sample_0890,-89.4895,94.7049,22.71,46494.73,103008.02,-36628.02,50111.44,-1825821.85,0.1674,-1776.3,6.1,0.2877,557.8302,264.924,2.1056,0.0114,safe_flat
sample_0891,-89.524,116.8357,22.63,44813.37,102204.79,-36628.02,50111.44,-1825821.85,0.1674,-1786.1,5.3,0.2877,43.9809,36.1067,1.2181,-0.2334,safe_flat
sample_0892,-89.4977,105.3087,22.33,45088.16,102340.17,-36628.02,50111.44,-1825821.85,0.1674,-1780.7,5.8,0.2877,44.7727,56.9036,0.7868,-0.9613,safe_flat
sample_0893,-89.4726,94.3963,22.55,46169.97,102852.91,-36628.02,50111.44,-1825821.85,0.1674,-1776.4,6.1,0.2877,582.8145,284.383,2.0494,-0.0531,safe_flat
sample_0894,-89.5074,116.6725,22.51,44331.52,101981.76,-36628.02,50111.44,-1825821.85,0.1674,-1787.8,5.2,0.2877,38.5756,37.6594,1.0243,-0.3211,safe_flat
sample_0895,-89.4809,105.0588,22.18,44670.91,102146.06,-36628.02,50111.44,-1825821.85,0.1674,-1781.6,5.7,0.2877,26.4632,53.6639,0.4931,-0.6928,safe_flat
sample_0896,-89.4538,93.076,22.39,46012.83,102780.65,-36628.02,50111.44,-1825821.85,0.1674,-1775.5,6.2,0.2877,561.8729,282.2327,1.9908,-0.0757,safe_flat
sample_0897,-89.4907,116.4888,22.39,43849.14,101763.66,-36628.02,50111.44,-1825821.85,0.1674,-1789.4,5.0,0.2877,25.5312,60.7087,0.4206,-0.5856,safe_flat
sample_0898,-89.4641,104.789,22.02,43957.6,101812.69,-35858.39,50399.5,-1825823.07,0.1674,-1784.3,5.5,0.2877,38.8808,34.918,1.1135,-0.0933,safe_flat
sample_0899,-89.4983,126.7743,23.1,43583.41,101630.68,-35858.39,50399.5,-1825823.07,0.1674,-1799.7,4.2,0.2877,39.7045,55.8025,0.7115,-0.4763,safe_flat
sample_0900,-89.4722,115.3336,22.22,43125.8,101431.17,-35858.39,50399.5,-1825823.07,0.1674,-1792.1,4.8,0.2877,39.5261,40.3363,0.9799,-0.2173,safe_flat
sample_0901,-89.4454,103.5201,21.87,43640.94,101671.75,-35858.39,50399.5,-1825823.07,0.1674,-1784.5,5.5,0.2877,593.1338,286.3987,2.071,-0.0064,safe_flat
sample_0902,-89.4817,126.631,23.02,43079.58,101405.88,-35858.39,50399.5,-1825823.07,0.1674,-1802.0,4.0,0.2877,34.6805,41.6538,0.8326,-0.4082,safe_flat
sample_0903,-89.4554,115.1035,22.1,42648.04,101216.62,-35858.39,50399.5,-1825823.07,0.1674,-1793.8,4.7,0.2877,36.8679,49.0019,0.7524,-0.3228,safe_flat
sample_0904,-89.4284,103.2052,21.72,43245.16,101492.15,-35858.39,50399.5,-1825823.07,0.1674,-1785.3,5.4,0.2877,629.7847,315.0854,1.9988,-0.0261,safe_flat
sample_0905,-89.4633,125.5293,22.85,42323.99,101063.35,-35088.76,50687.55,-1825823.93,0.1674,-1804.9,3.8,0.2877,35.9838,38.4091,0.9369,-0.1282,safe_flat
sample_0906,-89.4368,113.887,21.92,41943.3,100902.9,-35088.76,50687.55,-1825823.93,0.1674,-1796.2,4.5,0.2877,54.1952,48.4082,1.1195,-0.2437,safe_flat
sample_0907,-89.4115,102.871,21.57,42548.58,101174.71,-35088.76,50687.55,-1825823.93,0.1674,-1788.1,5.2,0.2877,783.6648,371.6133,2.1088,-0.0663,safe_flat
sample_0908,-89.4466,125.3389,22.78,41817.26,100839.18,-35088.76,50687.55,-1825823.93,0.1674,-1807.4,3.5,0.2877,45.5031,43.53,1.0453,-0.1658,safe_flat
sample_0909,-89.42,113.6108,21.8,41475.13,100697.28,-35088.76,50687.55,-1825823.93,0.1674,-1797.9,4.3,0.2877,38.8451,56.4722,0.6879,-0.5923,safe_flat
sample_0910,-89.4543,135.6446,24.1,42466.32,101123.26,-35088.76,50687.55,-1825823.93,0.1674,-1819.0,2.6,0.3545,24.6678,48.321,0.5105,-0.542,safe_flat
sample_0911,-89.4299,125.1287,22.71,41310.56,100620.86,-35088.76,50687.55,-1825823.93,0.1674,-1809.9,3.3,0.2877,46.6739,67.9154,0.6872,-0.7778,safe_flat
sample_0912,-89.4031,113.3151,21.68,40759.12,100381.69,-34319.11,50975.59,-1825824.42,0.1674,-1801.2,4.1,0.2877,34.5338,39.9579,0.8643,-0.162,safe_flat
sample_0913,-89.4377,135.4945,24.1,41843.66,100842.23,-34319.11,50975.59,-1825824.42,0.1674,-1823.0,2.2,0.2149,41.3776,45.5917,0.9076,-0.237,safe_flat
sample_0914,-89.4114,123.9384,22.53,40563.3,100293.14,-34319.11,50975.59,-1825824.42,0.1674,-1812.7,3.1,0.2877,37.1966,52.3611,0.7104,-0.6012,safe_flat
sample_0915,-89.3843,112.0119,21.49,40330.49,100201.87,-34319.11,50975.59,-1825824.42,0.1674,-1801.8,4.0,0.2877,304.0343,164.7618,1.8453,-0.0781,safe_flat
sample_0916,-89.4211,135.3243,24.1,41346.4,100627.95,-34319.11,50975.59,-1825824.42,0.1674,-1826.3,2.0,0.3031,,,,,safe_flat
sample_0917,-89.3946,123.682,22.46,40054.74,100075.85,-34319.11,50975.59,-1825824.42,0.1674,-1815.3,2.9,0.2877,37.1966,52.3611,0.7104,-0.6012,safe_flat
sample_0918,-89.4286,145.5692,25.9,42779.81,101254.88,-34319.11,50975.59,-1825824.42,0.1674,-1838.5,1.0,0.3522,,,,,safe_flat
sample_0919,-89.4026,134.187,23.95,40712.05,100353.53,-34319.11,50975.59,-1825824.42,0.1674,-1828.8,1.8,0.1391,,,,,safe_flat
sample_0920,-89.3759,122.4303,22.28,39314.15,99763.06,-33549.46,51263.62,-1825824.54,0.1674,-1818.1,2.7,0.2877,39.1258,46.0895,0.8489,-0.3177,safe_flat
sample_0921,-89.4121,145.4396,25.98,42273.17,101027.12,-33549.46,51263.62,-1825824.54,0.1674,-1842.8,0.6,0.276,,,,,safe_flat
sample_0922,-89.3859,133.9701,23.95,40093.03,100083.36,-33549.46,51263.62,-1825824.54,0.1674,-1832.9,1.4,0.2132,,,,,safe_flat
sample_0923,-89.359,122.1282,22.2,38804.84,99550.94,-33549.46,51263.62,-1825824.54,0.1674,-1820.6,2.5,0.2877,40.9061,45.8724,0.8917,-0.0984,safe_flat
sample_0924,-89.3937,144.356,25.88,41619.32,100739.08,-33549.46,51263.62,-1825824.54,0.1674,-1845.9,0.3,0.1625,,,,,safe_flat
sample_0925,-89.3691,133.7333,23.95,39581.93,99870.95,-33549.46,51263.62,-1825824.54,0.1674,-1836.3,1.1,0.2073,,,,,safe_flat
sample_0926,-89.3421,121.8069,22.13,38296.72,99345.66,-33549.46,51263.62,-1825824.54,0.1674,-1823.2,2.2,0.2877,,,,,safe_flat
sample_0927,-89.377,144.179,25.95,41117.22,100514.35,-32779.81,51551.63,-1825824.29,0.1674,-1850.0,0.0,0.2153,,,,,safe_flat
sample_0928,-89.3505,132.508,23.78,38830.53,99552.44,-32779.81,51551.63,-1825824.29,0.1674,-1839.4,0.9,0.5162,,,,,safe_flat
sample_0929,-89.3846,154.4443,28.07,43379.28,101513.88,-32779.81,51551.63,-1825824.29,0.1674,-1839.4,0.9,0.149,,,,,safe_flat
sample_0930,-89.3603,143.9819,26.02,40651.66,100316.86,-32779.81,51551.63,-1825824.29,0.1674,-1846.0,0.3,0.1101,,,,,safe_flat
sample_0931,-89.3336,132.2252,23.77,38310.54,99342.21,-32779.81,51551.63,-1825824.29,0.1674,-1842.8,0.6,0.178,,,,,safe_flat
sample_0932,-89.368,154.3077,28.14,42993.61,101338.61,-32779.81,51551.63,-1825824.29,0.1674,-1836.1,1.2,0.2943,,,,,safe_flat
sample_0933,-89.3418,142.8093,25.88,39964.21,100023.52,-32779.81,51551.63,-1825824.29,0.1674,-1843.1,0.6,0.0848,,,,,safe_flat
sample_0934,-89.3149,130.9391,23.57,37558.98,99032.01,-32010.14,51839.63,-1825823.68,0.1674,-1845.5,0.4,0.2287,,,,,safe_flat
sample_0935,-89.3514,154.1509,28.19,42639.45,101176.55,-32010.14,51839.63,-1825823.68,0.1674,-1833.2,1.4,0.3385,,,,,safe_flat
sample_0936,-89.325,142.566,25.88,39466.72,99811.17,-32010.14,51839.63,-1825823.68,0.1674,-1839.8,0.9,0.3877,,,,,safe_flat
sample_0937,-89.2979,130.6114,23.52,37030.33,98819.75,-32010.14,51839.63,-1825823.68,0.1674,-1848.5,0.1,0.1576,,,,,safe_flat
sample_0938,-89.333,153.0314,28.04,41973.0,100879.92,-32010.14,51839.63,-1825823.68,0.1674,-1830.6,1.6,0.2053,,,,,safe_flat
sample_0939,-89.3064,141.3318,25.65,38754.2,99513.84,-32010.14,51839.63,-1825823.68,0.1674,-1837.7,1.0,0.9828,,,,,safe_flat
sample_0940,-89.3424,164.2392,30.3,45267.64,102371.13,-32010.14,51839.63,-1825823.68,0.1674,-1824.9,2.1,0.2241,,,,,safe_flat
sample_0941,-89.3163,152.8278,28.11,41568.94,100705.05,-32010.14,51839.63,-1825823.68,0.1674,-1827.1,1.9,0.1531,,,,,safe_flat
sample_0942,-89.2895,141.0426,25.62,38259.67,99303.65,-31240.47,52127.62,-1825822.7,0.1674,-1834.7,1.3,0.2293,,,,,safe_flat
sample_0943,-89.324,163.1736,30.25,44756.39,102126.27,-31240.47,52127.62,-1825822.7,0.1674,-1822.2,2.3,0.3208,,,,,safe_flat
sample_0944,-89.2995,152.6042,28.16,41221.85,100546.56,-31240.47,52127.62,-1825822.7,0.1674,-1824.2,2.2,0.2058,,,,,safe_flat
sample_0945,-89.2726,140.7341,25.61,37761.07,99104.06,-31240.47,52127.62,-1825822.7,0.1674,-1831.4,1.5,0.1571,,,,,safe_flat
sample_0946,-89.3074,163.0101,30.38,44456.01,101989.62,-31240.47,52127.62,-1825822.7,0.1674,-1818.7,2.6,0.1596,,,,,safe_flat
sample_0947,-89.281,151.3965,28.01,40507.99,100238.0,-31240.47,52127.62,-1825822.7,0.1674,-1821.2,2.4,0.0775,,,,,safe_flat
sample_0948,-89.2538,139.4137,25.38,37009.66,98802.4,-31240.47,52127.62,-1825822.7,0.1674,-1829.0,1.7,0.413,,,,,safe_flat
sample_0949,-89.2907,162.8264,30.5,44271.81,101897.42,-30470.79,52415.6,-1825821.35,0.1674,-1816.1,2.8,0.1352,,,,,safe_flat
sample_0950,-89.2641,151.1267,28.07,40166.36,100089.08,-30470.79,52415.6,-1825821.35,0.1674,-1818.2,2.6,0.1401,,,,,safe_flat
sample_0951,-89.2984,173.1119,32.58,47905.87,103615.98,-30470.79,52415.6,-1825821.35,0.1674,-1814.3,3.0,0.1503,,,,,safe_flat
sample_0952,-89.2722,161.6714,30.44,43618.68,101598.19,-30470.79,52415.6,-1825821.35,0.1674,-1812.6,3.1,0.2155,,,,,safe_flat
sample_0953,-89.2454,149.8578,27.88,39414.44,99770.94,-30470.79,52415.6,-1825821.35,0.1674,-1815.4,2.9,0.1809,,,,,safe_flat
sample_0954,-89.2818,172.9686,32.77,47714.62,103521.2,-30470.79,52415.6,-1825821.35,0.1674,-1810.8,3.3,0.147,,,,,safe_flat
sample_0955,-89.2555,161.4412,30.57,43296.48,101454.58,-30470.79,52415.6,-1825821.35,0.1674,-1808.9,3.4,0.2232,,,,,safe_flat
sample_0956,-89.2285,149.5429,27.93,39078.59,99623.61,-29701.1,52703.56,-1825819.64,0.1674,-1812.6,3.1,0.1106,,,,,safe_flat
sample_0957,-89.2634,171.867,32.77,47322.79,103324.08,-29701.1,52703.56,-1825819.64,0.1674,-1808.4,3.5,0.1995,,,,,safe_flat
sample_0958,-89.2387,161.1915,30.71,43121.86,101368.76,-29701.1,52703.56,-1825819.64,0.1674,-1806.1,3.7,0.121,,,,,safe_flat
sample_0959,-89.2115,149.2086,27.96,38629.77,99440.6,-29701.1,52703.56,-1825819.64,0.1674,-1809.2,3.4,0.2055,,,,,safe_flat
sample_0960,-89.2467,171.6766,32.95,47116.11,103226.14,-29701.1,52703.56,-1825819.64,0.1674,-1804.9,3.8,0.1694,,,,,safe_flat
sample_0961,-89.22,159.9484,30.62,42409.81,101049.57,-29701.1,52703.56,-1825819.64,0.1674,-1802.6,4.0,0.1658,,,,,safe_flat
sample_0962,-89.2544,-178.0177,35.03,51174.09,105240.61,-29701.1,52703.56,-1825819.64,0.1674,-1805.1,3.7,0.09,,,,,safe_flat
sample_0963,-89.23,171.4663,33.13,46903.18,103122.17,-29701.1,52703.56,-1825819.64,0.1674,-1801.4,4.0,0.304,,,,,safe_flat
sample_0964,-89.2031,159.6527,30.73,42240.81,100971.05,-28931.41,52991.51,-1825817.56,0.1674,-1800.1,4.2,0.3345,,,,,safe_flat
sample_0965,-89.2378,-178.1678,35.26,51282.11,105292.17,-28931.41,52991.51,-1825817.56,0.1674,-1803.0,3.9,0.2853,,,,,safe_flat
sample_0966,-89.2114,170.276,33.12,46486.88,102916.01,-28931.41,52991.51,-1825817.56,0.1674,-1798.9,4.3,0.1589,,,,,safe_flat
sample_0967,-89.1844,158.3496,30.58,41486.91,100638.63,-28931.41,52991.51,-1825817.56,0.1674,-1797.0,4.4,0.1737,,,,,safe_flat
sample_0968,-89.2211,-178.3381,35.5,51187.11,105242.11,-28931.41,52991.51,-1825817.56,0.1674,-1799.5,4.2,0.6336,,,,,safe_flat
sample_0969,-89.1946,170.0196,33.3,46255.28,102807.82,-28931.41,52991.51,-1825817.56,0.1674,-1795.3,4.6,0.1962,,,,,safe_flat
sample_0970,-89.2287,-168.0931,37.43,55367.77,107450.76,-28931.41,52991.51,-1825817.56,0.1674,-1801.2,4.1,0.204,,,,,safe_flat
sample_0971,-89.2027,-179.4754,35.55,50915.28,105096.0,-28161.71,53279.45,-1825815.11,0.1674,-1797.3,4.4,0.3903,,,,,safe_flat
sample_0972,-89.1778,169.7433,33.48,46247.57,102796.94,-28161.71,53279.45,-1825815.11,0.1674,-1793.1,4.7,0.1442,,,,,safe_flat
sample_0973,-89.2121,-168.2228,37.66,55602.22,107571.24,-28161.71,53279.45,-1825815.11,0.1674,-1799.8,4.2,0.1792,,,,,safe_flat
sample_0974,-89.1859,-179.6923,35.75,50802.98,105040.27,-28161.71,53279.45,-1825815.11,0.1674,-1794.2,4.6,0.2156,,,,,safe_flat
sample_0975,-89.159,168.4658,33.44,45568.98,102478.94,-28161.71,53279.45,-1825815.11,0.1674,-1789.2,5.1,0.1574,,,,,safe_flat
sample_0976,-89.1937,-169.3064,37.73,55228.15,107366.2,-28161.71,53279.45,-1825815.11,0.1674,-1796.8,4.4,0.3003,,,,,safe_flat
sample_0977,-89.1692,-179.929,35.96,50683.36,104977.77,-28161.71,53279.45,-1825815.11,0.1674,-1791.0,4.9,0.1344,,,,,safe_flat
sample_0978,-89.1421,168.1445,33.6,45565.99,102470.11,-27392.0,53567.38,-1825812.3,0.1674,-1787.3,5.2,0.303,,,,,safe_flat
sample_0979,-89.1771,-169.4834,37.96,55471.21,107494.13,-27392.0,53567.38,-1825812.3,0.1674,-1795.5,4.5,0.3161,,,,,safe_flat
sample_0980,-89.1505,178.8456,35.98,50383.19,104821.49,-27392.0,53567.38,-1825812.3,0.1674,-1788.9,5.1,0.4476,,,,,safe_flat
sample_0981,-89.1847,-159.2181,39.93,59735.66,109876.44,-27392.0,53567.38,-1825812.3,0.1674,-1796.1,4.5,0.2157,30.9211,43.2879,0.7143,-0.424,safe_flat
sample_0982,-89.1604,-169.6804,38.19,55465.82,107489.75,-27392.0,53567.38,-1825812.3,0.1674,-1792.7,4.8,0.1806,,,,,safe_flat
sample_0983,-89.1337,178.5628,36.17,50242.95,104748.86,-27392.0,53567.38,-1825812.3,0.1674,-1785.8,5.4,0.2422,,,,,safe_flat
sample_0984,-89.1681,-159.3547,40.16,59835.5,109934.77,-27392.0,53567.38,-1825812.3,0.1674,-1793.9,4.7,0.2623,,,,,safe_flat
sample_0985,-89.1419,-170.8531,38.26,55033.8,107256.92,-27392.0,53567.38,-1825812.3,0.1674,-1789.3,5.1,0.3068,,,,,safe_flat
sample_0986,-89.1168,178.2607,36.36,50383.08,104812.58,-26622.29,53855.29,-1825809.11,0.1674,-1784.4,5.5,0.1958,,,,,safe_flat
sample_0987,-89.1515,-159.5115,40.4,60182.98,110127.58,-26622.29,53855.29,-1825809.11,0.1674,-1793.0,4.8,0.4408,,,,,safe_flat
sample_0988,-89.1251,-171.0964,38.48,55283.14,107385.01,-26622.29,53855.29,-1825809.11,0.1674,-1788.2,5.2,0.3599,,,,,safe_flat
sample_0989,-89.098,176.949,36.33,49759.72,104499.77,-26622.29,53855.29,-1825809.11,0.1674,-1780.9,5.8,0.1584,,,,,safe_flat
sample_0990,-89.1331,-160.631,40.47,59885.5,109957.46,-26622.29,53855.29,-1825809.11,0.1674,-1790.5,5.0,0.3266,,,,,safe_flat
sample_0991,-89.1083,-171.3595,38.68,55250.13,107365.42,-26622.29,53855.29,-1825809.11,0.1674,-1785.6,5.4,0.2124,,,,,safe_flat
sample_0992,-89.1424,-149.4232,42.23,64455.8,112646.7,-26622.29,53855.29,-1825809.11,0.1674,-1794.2,4.6,0.2727,35.0125,45.43,0.7707,-0.5922,safe_flat
sample_0993,-89.1163,-160.8346,40.68,60240.21,110154.31,-25852.57,54143.19,-1825805.56,0.1674,-1790.0,5.0,0.3795,,,,,safe_flat
sample_0994,-89.0896,-172.6198,38.7,55060.62,107258.54,-25852.57,54143.19,-1825805.56,0.1674,-1784.3,5.5,0.2495,,,,,safe_flat
sample_0995,-89.1241,-150.4888,42.4,64534.4,112690.29,-25852.57,54143.19,-1825805.56,0.1674,-1792.6,4.8,0.3156,35.0125,45.43,0.7707,-0.5922,safe_flat
sample_0996,-89.0996,-161.0582,40.89,60313.95,110195.17,-25852.57,54143.19,-1825805.56,0.1674,-1787.9,5.2,0.293,,,,,safe_flat
sample_0997,-89.0727,-172.9283,38.9,55005.6,107227.2,-25852.57,54143.19,-1825805.56,0.1674,-1781.5,5.7,0.2615,,,,,safe_flat
sample_0998,-89.1075,-150.6523,42.63,64705.76,112792.17,-25852.57,54143.19,-1825805.56,0.1674,-1790.7,4.9,0.3364,36.5353,44.2833,0.825,-0.0835,safe_flat
sample_0999,-89.081,-162.2659,40.94,59958.86,109991.65,-25852.57,54143.19,-1825805.56,0.1674,-1785.3,5.4,0.2116,,,,,safe_flat
sample_1000,-89.0539,-174.2487,38.92,54793.65,107105.82,-25082.84,54431.08,-1825801.65,0.1674,-1780.1,5.8,0.1531,,,,,safe_flat
