Sample_ID,Latitude_deg_SAR,Longitude_deg_SAR,Incidence_Angle_deg_SAR,Ground_Range_m_SAR,Slant_Range_m_SAR,Sat_Pos_X_m_SAR_OAT,Sat_Pos_Y_m_SAR_OAT,Sat_Pos_Z_m_SAR_OAT,Reflectance_OHRC,Elevation_m_TMC2,Slope_deg_TMC2,CPR_DFSAR,Hazard_Class_Label
sample_0001,-86.5188,-145.7955,23.93,37112.15,94442.36,-122098.36,-38106.53,-1817441.47,0.1674,-1839.0,0.9,0.2879,safe_flat
sample_0002,-86.5262,-144.944,24.83,38675.87,95003.95,-122098.36,-38106.53,-1817441.47,0.1674,-1838.7,0.9,0.3678,safe_flat
sample_0003,-86.5334,-143.9312,25.91,40521.57,95843.68,-122098.36,-38106.53,-1817441.47,0.1674,-1838.8,0.9,0.1538,safe_flat
sample_0004,-86.533,-145.618,24.13,37554.77,94588.76,-122098.36,-38106.53,-1817441.47,0.1674,-1838.2,1.0,0.2763,safe_flat
sample_0005,-86.5407,-144.658,25.15,39299.64,95402.59,-122098.36,-38106.53,-1817441.47,0.1674,-1838.1,1.0,0.2187,safe_flat
sample_0006,-86.5473,-143.7346,26.11,40808.53,96060.07,-121456.11,-37592.73,-1817489.41,0.1674,-1839.2,0.9,0.1328,safe_flat
sample_0007,-86.5473,-145.4238,24.35,37840.55,94792.17,-121456.11,-37592.73,-1817489.41,0.1674,-1838.8,0.9,0.3484,safe_flat
sample_0008,-86.5549,-144.4393,25.39,39629.92,95424.34,-121456.11,-37592.73,-1817489.41,0.1674,-1838.7,0.9,0.2666,safe_flat
sample_0009,-86.5615,-143.4151,26.46,41479.84,96289.11,-121456.11,-37592.73,-1817489.41,0.1674,-1838.8,0.9,0.1279,safe_flat
sample_0010,-86.562,-145.131,24.68,38483.59,94956.54,-121456.11,-37592.73,-1817489.41,0.1674,-1838.2,1.0,0.2149,safe_flat
sample_0011,-86.569,-144.213,25.64,39968.92,95705.7,-120813.85,-37078.93,-1817536.98,0.1674,-1839.3,0.9,0.3219,safe_flat
sample_0012,-86.5684,-145.8682,23.92,37086.1,94322.39,-120813.85,-37078.93,-1817536.98,0.1674,-1839.0,0.9,0.2491,safe_flat
sample_0013,-86.5762,-144.9262,24.9,38786.29,95060.09,-120813.85,-37078.93,-1817536.98,0.1674,-1838.7,0.9,0.2476,safe_flat
sample_0014,-86.5833,-143.9004,25.97,40627.14,95964.93,-120813.85,-37078.93,-1817536.98,0.1674,-1838.7,0.9,0.1836,safe_flat
sample_0015,-86.5831,-145.6004,24.22,37680.11,94699.38,-120813.85,-37078.93,-1817536.98,0.1674,-1838.4,1.0,0.1644,safe_flat
sample_0016,-86.5905,-144.7012,25.15,39124.54,95306.73,-120171.55,-36565.12,-1817584.18,0.1674,-1839.3,0.9,0.1963,safe_flat
sample_0017,-86.5973,-143.6678,26.22,40976.2,96100.35,-120171.55,-36565.12,-1817584.18,0.1674,-1839.3,0.9,0.1066,safe_flat
sample_0018,-86.5974,-145.3858,24.46,38000.52,94771.76,-120171.55,-36565.12,-1817584.18,0.1674,-1839.0,0.9,0.1908,safe_flat
sample_0019,-86.6049,-144.3953,25.48,39771.71,95546.76,-120171.55,-36565.12,-1817584.18,0.1674,-1838.8,0.9,0.1444,safe_flat
sample_0020,-86.6113,-143.4362,26.47,41482.29,96330.17,-120171.55,-36565.12,-1817584.18,0.1674,-1838.8,0.9,0.2057,safe_flat
sample_0021,-86.6118,-145.1718,24.7,38322.68,94888.28,-119529.23,-36051.3,-1817631.01,0.1674,-1839.5,0.9,0.2822,safe_flat
sample_0022,-86.6191,-144.1503,25.75,40141.13,95751.41,-119529.23,-36051.3,-1817631.01,0.1674,-1839.4,0.9,0.3534,safe_flat
sample_0023,-86.6189,-145.7534,24.13,37386.6,94548.29,-119529.23,-36051.3,-1817631.01,0.1674,-1839.3,0.9,0.2008,safe_flat
sample_0024,-86.6263,-144.8725,25.02,38956.88,95199.32,-119529.23,-36051.3,-1817631.01,0.1674,-1838.9,0.9,0.264,safe_flat
sample_0025,-86.6329,-144.0072,25.89,40495.52,95856.24,-119529.23,-36051.3,-1817631.01,0.1674,-1838.6,0.9,0.1816,safe_flat
sample_0026,-86.6333,-145.5532,24.35,37685.86,94586.26,-118886.89,-35537.48,-1817677.48,0.1674,-1839.8,0.8,0.3155,safe_flat
sample_0027,-86.6406,-144.6416,25.27,39302.31,95370.33,-118886.89,-35537.48,-1817677.48,0.1674,-1839.5,0.9,0.3226,safe_flat
sample_0028,-86.6473,-143.63,26.29,41091.04,96107.2,-118886.89,-35537.48,-1817677.48,0.1674,-1839.3,0.9,0.1681,safe_flat
sample_0029,-86.6477,-145.3049,24.62,38231.76,94847.7,-118886.89,-35537.48,-1817677.48,0.1674,-1839.2,0.9,0.2593,safe_flat
sample_0030,-86.6548,-144.4056,25.53,39818.3,95619.75,-118886.89,-35537.48,-1817677.48,0.1674,-1839.0,0.9,0.2616,safe_flat
sample_0031,-86.6613,-143.3636,26.58,41495.14,96268.9,-118244.52,-35023.65,-1817723.57,0.1674,-1840.0,0.8,0.2495,safe_flat
sample_0032,-86.6619,-145.1109,24.82,38511.71,95030.64,-118244.52,-35023.65,-1817723.57,0.1674,-1839.6,0.9,0.6011,safe_flat
sample_0033,-86.6691,-144.097,25.85,40292.78,95819.94,-118244.52,-35023.65,-1817723.57,0.1674,-1839.5,0.9,0.3098,safe_flat
sample_0034,-86.6691,-145.7157,24.26,37554.59,94499.06,-118244.52,-35023.65,-1817723.57,0.1674,-1839.7,0.9,0.1754,safe_flat
sample_0035,-86.6762,-144.898,25.05,38993.89,95106.25,-118244.52,-35023.65,-1817723.57,0.1674,-1839.0,0.9,0.2946,safe_flat
sample_0036,-86.6832,-143.8688,26.09,40633.9,95844.59,-117602.12,-34509.82,-1817769.3,0.1674,-1840.0,0.8,0.6094,safe_flat
sample_0037,-86.6835,-145.4893,24.49,37889.34,94740.28,-117602.12,-34509.82,-1817769.3,0.1674,-1840.0,0.8,0.7193,safe_flat
sample_0038,-86.6906,-144.5947,25.37,39454.56,95442.47,-117602.12,-34509.82,-1817769.3,0.1674,-1839.6,0.9,0.1551,safe_flat
sample_0039,-86.6972,-143.6237,26.34,41149.78,96095.5,-117602.12,-34509.82,-1817769.3,0.1674,-1839.5,0.9,0.1982,safe_flat
sample_0040,-86.6976,-145.331,24.66,38275.89,94880.91,-117602.12,-34509.82,-1817769.3,0.1674,-1839.3,0.9,0.584,safe_flat
sample_0041,-86.7048,-144.3643,25.62,39796.46,95582.12,-116959.7,-33995.98,-1817814.66,0.1674,-1840.2,0.8,0.3626,safe_flat
sample_0042,-86.7113,-143.3018,26.67,41641.33,96343.07,-116959.7,-33995.98,-1817814.66,0.1674,-1840.0,0.8,0.1892,safe_flat
sample_0043,-86.712,-145.0773,24.92,38653.44,95102.89,-116959.7,-33995.98,-1817814.66,0.1674,-1839.8,0.9,0.4445,safe_flat
sample_0044,-86.7189,-144.1258,25.87,40306.3,95677.55,-116959.7,-33995.98,-1817814.66,0.1674,-1839.7,0.9,0.3845,safe_flat
sample_0045,-86.7188,-145.7657,24.26,37565.84,94607.2,-116959.7,-33995.98,-1817814.66,0.1674,-1839.6,0.9,0.5053,safe_flat
sample_0046,-86.7262,-144.8726,25.13,38954.04,95123.09,-116317.25,-33482.14,-1817859.66,0.1674,-1840.2,0.8,0.6881,safe_flat
sample_0047,-86.7332,-143.8163,26.18,40774.74,95977.89,-116317.25,-33482.14,-1817859.66,0.1674,-1840.1,0.8,0.3725,safe_flat
sample_0048,-86.7332,-145.5611,24.48,37863.36,94683.26,-116317.25,-33482.14,-1817859.66,0.1674,-1840.1,0.8,0.2854,safe_flat
sample_0049,-86.7404,-144.6335,25.39,39462.67,95361.93,-116317.25,-33482.14,-1817859.66,0.1674,-1839.7,0.9,0.241,safe_flat
sample_0050,-86.7472,-143.5745,26.43,41131.16,96152.81,-115674.78,-32968.29,-1817904.28,0.1674,-1840.6,0.8,0.2474,safe_flat
sample_0051,-86.7475,-145.3455,24.7,38181.72,94738.03,-115674.78,-32968.29,-1817904.28,0.1674,-1840.5,0.8,0.1269,safe_flat
sample_0052,-86.7548,-144.3318,25.69,39920.57,95519.2,-115674.78,-32968.29,-1817904.28,0.1674,-1840.1,0.8,0.1418,safe_flat
sample_0053,-86.7611,-143.346,26.65,41608.56,96245.67,-115674.78,-32968.29,-1817904.28,0.1674,-1840.0,0.8,0.1609,safe_flat
sample_0054,-86.7618,-145.1267,24.93,38658.35,94952.94,-115674.78,-32968.29,-1817904.28,0.1674,-1839.8,0.8,0.2831,safe_flat
sample_0055,-86.7689,-144.0843,25.95,40286.36,95704.0,-115032.28,-32454.44,-1817948.54,0.1674,-1840.7,0.8,0.1808,safe_flat
sample_0056,-86.7687,-145.7929,24.3,37461.15,94438.23,-115032.28,-32454.44,-1817948.54,0.1674,-1840.7,0.8,0.3683,safe_flat
sample_0057,-86.7763,-144.8229,25.24,39114.57,95276.03,-115032.28,-32454.44,-1817948.54,0.1674,-1840.3,0.8,0.2419,safe_flat
sample_0058,-86.783,-143.8399,26.2,40787.35,95991.94,-115032.28,-32454.44,-1817948.54,0.1674,-1840.2,0.8,0.1585,safe_flat
sample_0059,-86.7829,-145.608,24.49,37879.01,94757.68,-115032.28,-32454.44,-1817948.54,0.1674,-1840.0,0.8,0.2119,safe_flat
sample_0060,-86.7904,-144.6124,25.45,39420.34,95364.09,-114389.76,-31940.58,-1817992.42,0.1674,-1840.7,0.8,0.3406,safe_flat
sample_0061,-86.7971,-143.5207,26.51,41268.36,96170.95,-114389.76,-31940.58,-1817992.42,0.1674,-1840.6,0.8,0.1624,safe_flat
sample_0062,-86.7972,-145.404,24.7,38173.13,94838.96,-114389.76,-31940.58,-1817992.42,0.1674,-1840.5,0.8,0.2413,safe_flat
sample_0063,-86.8046,-144.3655,25.71,39930.71,95504.39,-114389.76,-31940.58,-1817992.42,0.1674,-1840.3,0.8,0.1385,safe_flat
sample_0064,-86.8043,-146.0105,24.15,37246.69,94437.33,-114389.76,-31940.58,-1817992.42,0.1674,-1840.4,0.8,0.3012,safe_flat
sample_0065,-86.8118,-145.1038,25.01,38628.15,95025.27,-113747.21,-31426.71,-1818035.94,0.1674,-1840.9,0.8,0.4807,safe_flat
sample_0066,-86.8189,-144.0396,26.03,40420.41,95761.87,-113747.21,-31426.71,-1818035.94,0.1674,-1840.7,0.8,0.5179,safe_flat
sample_0067,-86.8187,-145.7867,24.39,37571.48,94602.64,-113747.21,-31426.71,-1818035.94,0.1674,-1841.0,0.8,0.1482,safe_flat
sample_0068,-86.8261,-144.8606,25.26,39133.78,95156.66,-113747.21,-31426.71,-1818035.94,0.1674,-1840.4,0.8,0.19,safe_flat
sample_0069,-86.833,-143.7897,26.28,40922.85,96061.88,-113747.21,-31426.71,-1818035.94,0.1674,-1840.2,0.8,0.4229,safe_flat
sample_0070,-86.8335,-145.4719,24.71,38053.33,94659.92,-113104.64,-30912.85,-1818079.09,0.1674,-1841.4,0.7,0.2163,safe_flat
sample_0071,-86.8405,-144.5579,25.56,39585.79,95352.4,-113104.64,-30912.85,-1818079.09,0.1674,-1840.8,0.8,0.1976,safe_flat
sample_0072,-86.847,-143.5376,26.53,41286.12,96199.49,-113104.64,-30912.85,-1818079.09,0.1674,-1840.7,0.8,0.6214,safe_flat
sample_0073,-86.8476,-145.2867,24.9,38457.55,94992.73,-113104.64,-30912.85,-1818079.09,0.1674,-1840.8,0.8,0.1746,safe_flat
sample_0074,-86.8547,-144.3027,25.82,40100.31,95570.71,-113104.64,-30912.85,-1818079.09,0.1674,-1840.4,0.8,0.1358,safe_flat
sample_0075,-86.855,-145.8507,24.4,37465.01,94454.29,-112462.04,-30398.97,-1818121.87,0.1674,-1841.8,0.7,0.1717,safe_flat
sample_0076,-86.8621,-145.0103,25.17,38869.45,95044.45,-112462.04,-30398.97,-1818121.87,0.1674,-1841.1,0.7,0.1552,safe_flat
sample_0077,-86.8687,-144.0697,26.05,40431.44,95719.09,-112462.04,-30398.97,-1818121.87,0.1674,-1840.8,0.8,0.2271,safe_flat
sample_0078,-86.8693,-145.655,24.6,37889.36,94736.2,-112462.04,-30398.97,-1818121.87,0.1674,-1841.2,0.7,0.2368,safe_flat
sample_0079,-86.8762,-144.7937,25.38,39319.79,95299.46,-112462.04,-30398.97,-1818121.87,0.1674,-1840.5,0.8,0.2014,safe_flat
sample_0080,-86.8829,-143.7489,26.36,40904.61,96031.38,-111819.42,-29885.1,-1818164.29,0.1674,-1841.2,0.7,0.5446,safe_flat
sample_0081,-86.8836,-145.4362,24.83,38206.79,94734.61,-111819.42,-29885.1,-1818164.29,0.1674,-1841.7,0.7,0.3888,safe_flat
sample_0082,-86.8905,-144.5433,25.64,39681.69,95408.19,-111819.42,-29885.1,-1818164.29,0.1674,-1841.1,0.7,0.1995,safe_flat
sample_0083,-86.897,-143.4766,26.62,41431.72,96233.34,-111819.42,-29885.1,-1818164.29,0.1674,-1840.7,0.8,0.2545,safe_flat
sample_0084,-86.898,-145.1652,25.09,38744.31,95095.0,-111819.42,-29885.1,-1818164.29,0.1674,-1841.0,0.7,0.2226,safe_flat
sample_0085,-86.9047,-144.2495,25.92,40111.63,95642.54,-111176.78,-29371.22,-1818206.33,0.1674,-1841.4,0.7,0.3105,safe_flat
sample_0086,-86.9053,-145.7732,24.57,37694.22,94602.48,-111176.78,-29371.22,-1818206.33,0.1674,-1842.2,0.6,0.287,safe_flat
sample_0087,-86.9123,-144.9257,25.33,39089.62,95128.65,-111176.78,-29371.22,-1818206.33,0.1674,-1841.5,0.7,0.2928,safe_flat
sample_0088,-86.9189,-143.9698,26.19,40651.74,95828.34,-111176.78,-29371.22,-1818206.33,0.1674,-1840.9,0.8,0.3303,safe_flat
sample_0089,-86.9199,-145.4929,24.85,38252.19,94744.67,-111176.78,-29371.22,-1818206.33,0.1674,-1841.6,0.7,0.4827,safe_flat
sample_0090,-86.9267,-144.6142,25.63,39547.81,95364.16,-110534.11,-28857.33,-1818248.01,0.1674,-1841.9,0.7,0.3188,safe_flat
sample_0091,-86.9329,-143.7222,26.43,41000.3,96063.3,-110534.11,-28857.33,-1818248.01,0.1674,-1841.4,0.7,0.3255,safe_flat
sample_0092,-86.9343,-145.2364,25.11,38620.7,94924.82,-110534.11,-28857.33,-1818248.01,0.1674,-1842.1,0.7,0.1857,safe_flat
sample_0093,-86.9407,-144.4225,25.81,39946.7,95491.35,-110534.11,-28857.33,-1818248.01,0.1674,-1841.2,0.7,0.2064,safe_flat
sample_0094,-86.9472,-143.2803,26.86,41789.67,96348.03,-110534.11,-28857.33,-1818248.01,0.1674,-1841.1,0.7,0.4612,safe_flat
sample_0095,-86.9486,-145.0112,25.33,38942.21,95047.89,-109891.42,-28343.44,-1818289.32,0.1674,-1842.5,0.6,0.162,safe_flat
sample_0096,-86.955,-144.1262,26.11,40374.35,95718.29,-109891.42,-28343.44,-1818289.32,0.1674,-1841.8,0.7,0.5471,safe_flat
sample_0097,-86.9561,-145.5929,24.84,38085.88,94723.92,-109891.42,-28343.44,-1818289.32,0.1674,-1842.6,0.6,0.1886,safe_flat
sample_0098,-86.9629,-144.7396,25.59,39465.71,95330.53,-109891.42,-28343.44,-1818289.32,0.1674,-1841.9,0.7,0.1407,safe_flat
sample_0099,-86.9693,-143.7454,26.47,40935.07,96039.05,-109248.7,-27829.55,-1818330.26,0.1674,-1842.3,0.6,0.8528,safe_flat
sample_0100,-86.9704,-145.3523,25.09,38428.96,94932.34,-109248.7,-27829.55,-1818330.26,0.1674,-1843.2,0.6,0.2336,safe_flat
sample_0101,-86.9771,-144.4906,25.83,39816.82,95543.29,-109248.7,-27829.55,-1818330.26,0.1674,-1842.3,0.6,0.9975,safe_flat
sample_0102,-86.9834,-143.4574,26.75,41471.94,96181.23,-109248.7,-27829.55,-1818330.26,0.1674,-1841.9,0.7,0.4346,safe_flat
sample_0103,-86.9849,-145.0747,25.35,38964.21,95127.14,-109248.7,-27829.55,-1818330.26,0.1674,-1842.5,0.6,0.1786,safe_flat
sample_0104,-86.9914,-144.1607,26.14,40299.75,95672.56,-108605.96,-27315.65,-1818370.83,0.1674,-1842.7,0.6,0.6659,safe_flat
sample_0105,-86.9974,-143.1073,27.09,41978.68,96362.61,-108605.96,-27315.65,-1818370.83,0.1674,-1842.5,0.6,0.0584,safe_flat
sample_0106,-86.999,-144.8687,25.54,39248.68,95255.27,-108605.96,-27315.65,-1818370.83,0.1674,-1842.8,0.6,0.3314,safe_flat
sample_0107,-87.0056,-143.8582,26.44,40855.86,95935.74,-108605.96,-27315.65,-1818370.83,0.1674,-1842.4,0.6,0.7521,safe_flat
sample_0108,-87.0064,-145.4909,25.02,38345.14,94784.86,-108605.96,-27315.65,-1818370.83,0.1674,-1842.9,0.6,0.3216,safe_flat
sample_0109,-87.0133,-144.5966,25.81,39638.62,95422.78,-107963.2,-26801.75,-1818411.03,0.1674,-1843.3,0.6,0.9614,safe_flat
sample_0110,-87.0198,-143.4882,26.8,41389.97,96224.77,-107963.2,-26801.75,-1818411.03,0.1674,-1843.1,0.6,0.2687,safe_flat
sample_0111,-87.0206,-145.3069,25.19,38595.04,94962.62,-107963.2,-26801.75,-1818411.03,0.1674,-1843.2,0.6,0.3946,safe_flat
sample_0112,-87.0278,-144.2113,26.18,40323.06,95734.38,-107963.2,-26801.75,-1818411.03,0.1674,-1843.0,0.6,1.2318,crater_rim
sample_0113,-87.034,-143.061,27.21,42132.79,96424.53,-107963.2,-26801.75,-1818411.03,0.1674,-1842.9,0.6,0.4366,safe_flat
sample_0114,-87.0349,-145.057,25.44,38952.49,95025.36,-107320.42,-26287.85,-1818450.87,0.1674,-1843.7,0.5,0.2849,safe_flat
sample_0115,-87.042,-143.8844,26.5,40792.17,95860.66,-107320.42,-26287.85,-1818450.87,0.1674,-1843.6,0.5,0.9465,safe_flat
sample_0116,-87.0421,-145.7264,24.87,37982.12,94601.72,-107320.42,-26287.85,-1818450.87,0.1674,-1843.7,0.5,0.4264,safe_flat
sample_0117,-87.0496,-144.6654,25.81,39646.39,95326.82,-107320.42,-26287.85,-1818450.87,0.1674,-1843.2,0.6,0.2393,safe_flat
sample_0118,-87.0562,-143.5137,26.84,41440.28,96224.57,-107320.42,-26287.85,-1818450.87,0.1674,-1843.2,0.6,0.9901,safe_flat
sample_0119,-87.0565,-145.4683,25.12,38350.27,94748.79,-106677.61,-25773.94,-1818490.34,0.1674,-1844.1,0.5,0.4405,safe_flat
sample_0120,-87.0639,-144.339,26.13,40110.92,95568.61,-106677.61,-25773.94,-1818490.34,0.1674,-1843.8,0.5,0.4892,safe_flat
sample_0121,-87.0702,-143.1809,27.16,41910.81,96332.49,-106677.61,-25773.94,-1818490.34,0.1674,-1843.8,0.5,0.6975,safe_flat
sample_0122,-87.0711,-145.1291,25.44,38962.31,95009.98,-106677.61,-25773.94,-1818490.34,0.1674,-1843.6,0.5,0.3598,safe_flat
sample_0123,-87.0781,-144.0398,26.42,40650.23,95843.64,-106677.61,-25773.94,-1818490.34,0.1674,-1843.6,0.5,0.544,safe_flat
sample_0124,-87.0841,-142.88,27.43,42327.12,96631.06,-106034.77,-25260.02,-1818529.43,0.1674,-1844.2,0.5,0.5897,safe_flat
sample_0125,-87.0851,-144.9585,25.59,39187.45,95211.56,-106034.77,-25260.02,-1818529.43,0.1674,-1843.8,0.5,0.1976,safe_flat
sample_0126,-87.0924,-143.6512,26.78,41203.27,96068.24,-106034.77,-25260.02,-1818529.43,0.1674,-1844.1,0.5,0.3025,safe_flat
sample_0127,-87.0925,-145.6233,25.04,38242.84,94710.34,-106034.77,-25260.02,-1818529.43,0.1674,-1843.8,0.5,0.0682,safe_flat
sample_0128,-87.0999,-144.5331,26.02,39923.78,95428.63,-106034.77,-25260.02,-1818529.43,0.1674,-1843.8,0.5,0.3912,safe_flat
sample_0129,-87.1063,-143.3873,27.02,41564.21,96294.38,-105391.92,-24746.11,-1818568.16,0.1674,-1844.4,0.5,0.1698,safe_flat
sample_0130,-87.107,-145.331,25.33,38655.21,94931.21,-105391.92,-24746.11,-1818568.16,0.1674,-1844.4,0.5,0.0513,safe_flat
sample_0131,-87.1143,-144.1495,26.37,40465.63,95735.05,-105391.92,-24746.11,-1818568.16,0.1674,-1844.2,0.5,0.2886,safe_flat
sample_0132,-87.1204,-143.0096,27.35,42205.71,96552.0,-105391.92,-24746.11,-1818568.16,0.1674,-1844.0,0.5,0.2217,safe_flat
sample_0133,-87.1214,-145.031,25.62,39195.7,95227.62,-105391.92,-24746.11,-1818568.16,0.1674,-1844.0,0.5,0.3389,safe_flat
sample_0134,-87.1284,-143.8703,26.63,40851.77,95914.82,-104749.04,-24232.19,-1818606.52,0.1674,-1844.6,0.4,0.2312,safe_flat
sample_0135,-87.1342,-142.7258,27.61,42594.32,96609.38,-104749.04,-24232.19,-1818606.52,0.1674,-1844.5,0.5,0.3498,safe_flat
sample_0136,-87.136,-144.6591,25.96,39722.26,95417.91,-104749.04,-24232.19,-1818606.52,0.1674,-1844.4,0.5,0.4904,safe_flat
sample_0137,-87.1426,-143.5119,26.95,41463.45,96160.5,-104749.04,-24232.19,-1818606.52,0.1674,-1844.3,0.5,0.1661,safe_flat
sample_0138,-87.1427,-145.5497,25.2,38453.53,94808.35,-104749.04,-24232.19,-1818606.52,0.1674,-1844.2,0.5,0.4485,safe_flat
sample_0139,-87.1503,-144.3497,26.25,40154.4,95595.79,-104106.14,-23718.27,-1818644.52,0.1674,-1844.9,0.4,0.467,safe_flat
sample_0140,-87.1565,-143.2444,27.19,41826.74,96246.95,-104106.14,-23718.27,-1818644.52,0.1674,-1844.7,0.4,0.1247,safe_flat
sample_0141,-87.1573,-145.2177,25.5,38920.19,94960.22,-104106.14,-23718.27,-1818644.52,0.1674,-1844.5,0.5,0.4322,safe_flat
sample_0142,-87.1644,-144.0823,26.5,40629.05,95824.37,-104106.14,-23718.27,-1818644.52,0.1674,-1844.6,0.5,0.3366,safe_flat
sample_0143,-87.1702,-143.0013,27.39,42253.44,96519.16,-104106.14,-23718.27,-1818644.52,0.1674,-1844.1,0.5,0.1467,safe_flat
sample_0144,-87.1716,-144.97,25.73,39258.64,95209.58,-103463.22,-23204.34,-1818682.14,0.1674,-1844.9,0.4,0.8253,safe_flat
sample_0145,-87.1785,-143.7649,26.77,41064.95,96008.63,-103463.22,-23204.34,-1818682.14,0.1674,-1844.8,0.4,0.2278,safe_flat
sample_0146,-87.1841,-142.6863,27.65,42676.46,96783.63,-103463.22,-23204.34,-1818682.14,0.1674,-1844.3,0.5,0.2937,safe_flat
sample_0147,-87.1858,-144.691,25.99,39753.59,95374.44,-103463.22,-23204.34,-1818682.14,0.1674,-1844.5,0.5,0.3609,safe_flat
sample_0148,-87.1924,-143.5391,26.96,41367.01,96104.12,-102820.27,-22690.42,-1818719.4,0.1674,-1845.0,0.4,0.1916,safe_flat
sample_0149,-87.1927,-145.5387,25.27,38451.41,94899.03,-102820.27,-22690.42,-1818719.4,0.1674,-1845.0,0.4,0.6459,safe_flat
sample_0150,-87.2003,-144.3237,26.32,40262.41,95647.04,-102820.27,-22690.42,-1818719.4,0.1674,-1844.9,0.4,0.1228,safe_flat
sample_0151,-87.2064,-143.1896,27.26,41947.8,96302.26,-102820.27,-22690.42,-1818719.4,0.1674,-1844.6,0.4,0.1149,safe_flat
sample_0152,-87.2071,-145.2776,25.51,38921.78,95069.25,-102820.27,-22690.42,-1818719.4,0.1674,-1844.6,0.5,0.6922,safe_flat
sample_0153,-87.2143,-144.08,26.53,40590.22,95809.04,-102177.3,-22176.49,-1818756.28,0.1674,-1845.2,0.4,0.2133,safe_flat
sample_0154,-87.2202,-142.9513,27.46,42258.73,96507.52,-102177.3,-22176.49,-1818756.28,0.1674,-1844.9,0.4,0.1344,safe_flat
sample_0155,-87.2217,-144.9055,25.85,39441.45,95166.34,-102177.3,-22176.49,-1818756.28,0.1674,-1845.0,0.4,0.311,safe_flat
sample_0156,-87.2282,-143.84,26.74,41010.37,95980.83,-102177.3,-22176.49,-1818756.28,0.1674,-1844.8,0.4,0.2823,safe_flat
sample_0157,-87.2339,-142.717,27.65,42661.55,96663.83,-102177.3,-22176.49,-1818756.28,0.1674,-1844.4,0.5,0.4422,safe_flat
sample_0158,-87.236,-144.6212,26.11,39829.6,95367.33,-101534.31,-21662.55,-1818792.8,0.1674,-1845.4,0.4,0.2493,safe_flat
sample_0159,-87.2423,-143.4907,27.03,41485.3,96190.43,-101534.31,-21662.55,-1818792.8,0.1674,-1845.0,0.4,0.1682,safe_flat
sample_0160,-87.2428,-145.5196,25.35,38583.19,94833.47,-101534.31,-21662.55,-1818792.8,0.1674,-1845.0,0.4,0.4277,safe_flat
sample_0161,-87.2501,-144.3613,26.33,40277.94,95629.08,-101534.31,-21662.55,-1818792.8,0.1674,-1844.9,0.4,0.2653,safe_flat
sample_0162,-87.2562,-143.2514,27.23,41897.84,96313.97,-101534.31,-21662.55,-1818792.8,0.1674,-1844.6,0.5,0.212,safe_flat
sample_0163,-87.2572,-145.2191,25.63,38995.82,95020.88,-100891.3,-21148.62,-1818828.95,0.1674,-1845.5,0.4,0.156,safe_flat
sample_0164,-87.2644,-143.9991,26.65,40772.0,95816.11,-100891.3,-21148.62,-1818828.95,0.1674,-1845.3,0.4,0.1673,safe_flat
sample_0165,-87.2701,-142.9056,27.51,42356.78,96606.98,-100891.3,-21148.62,-1818828.95,0.1674,-1844.8,0.4,0.1673,safe_flat
sample_0166,-87.2716,-144.9221,25.9,39501.78,95206.85,-100891.3,-21148.62,-1818828.95,0.1674,-1845.2,0.4,0.2211,safe_flat
sample_0167,-87.2783,-143.7514,26.85,41194.27,96040.46,-100891.3,-21148.62,-1818828.95,0.1674,-1844.8,0.4,0.1654,safe_flat
sample_0168,-87.2784,-145.7728,25.2,38237.94,94765.44,-100248.26,-20634.68,-1818864.73,0.1674,-1845.6,0.4,0.2221,safe_flat
sample_0169,-87.2861,-144.5488,26.22,40007.7,95553.14,-100248.26,-20634.68,-1818864.73,0.1674,-1845.4,0.4,0.1826,safe_flat
sample_0170,-87.2922,-143.495,27.07,41529.34,96142.76,-100248.26,-20634.68,-1818864.73,0.1674,-1845.1,0.4,0.1671,safe_flat
sample_0171,-87.2929,-145.4764,25.47,38744.93,94900.61,-100248.26,-20634.68,-1818864.73,0.1674,-1845.3,0.4,0.1625,safe_flat
sample_0172,-87.3002,-144.2926,26.44,40444.42,95749.82,-100248.26,-20634.68,-1818864.73,0.1674,-1845.0,0.4,0.3594,safe_flat
sample_0173,-87.3062,-143.1449,27.35,41996.21,96363.06,-99605.21,-20120.74,-1818900.14,0.1674,-1845.3,0.4,0.1844,safe_flat
sample_0174,-87.3075,-145.1317,25.77,39211.88,95170.54,-99605.21,-20120.74,-1818900.14,0.1674,-1845.6,0.4,0.1443,safe_flat
sample_0175,-87.3142,-144.0333,26.66,40785.89,95794.23,-99605.21,-20120.74,-1818900.14,0.1674,-1845.3,0.4,0.2049,safe_flat
sample_0176,-87.32,-142.8732,27.57,42436.01,96619.71,-99605.21,-20120.74,-1818900.14,0.1674,-1844.9,0.4,0.1217,safe_flat
sample_0177,-87.3217,-144.8635,26.0,39668.7,95293.0,-99605.21,-20120.74,-1818900.14,0.1674,-1845.2,0.4,0.2171,safe_flat
sample_0178,-87.3283,-143.7011,26.93,41226.7,96028.97,-98962.13,-19606.79,-1818935.19,0.1674,-1845.5,0.4,0.2245,safe_flat
sample_0179,-87.3286,-145.712,25.33,38434.43,94715.05,-98962.13,-19606.79,-1818935.19,0.1674,-1845.8,0.4,0.2041,safe_flat
sample_0180,-87.3358,-144.6026,26.23,40008.52,95527.32,-98962.13,-19606.79,-1818935.19,0.1674,-1845.5,0.4,0.3024,safe_flat
sample_0181,-87.3422,-143.4372,27.15,41657.73,96231.41,-98962.13,-19606.79,-1818935.19,0.1674,-1845.2,0.4,0.205,safe_flat
sample_0182,-87.3428,-145.491,25.52,38821.79,95015.99,-98962.13,-19606.79,-1818935.19,0.1674,-1845.3,0.4,0.254,safe_flat
sample_0183,-87.3501,-144.2686,26.5,40456.88,95591.84,-98319.03,-19092.85,-1818969.86,0.1674,-1845.6,0.4,0.2796,safe_flat
sample_0184,-87.356,-143.1643,27.37,42010.84,96300.43,-98319.03,-19092.85,-1818969.86,0.1674,-1845.4,0.4,0.1433,safe_flat
sample_0185,-87.3572,-145.1944,25.78,39215.95,95156.88,-98319.03,-19092.85,-1818969.86,0.1674,-1845.6,0.4,0.1317,safe_flat
sample_0186,-87.3642,-143.9893,26.73,40909.67,95836.93,-98319.03,-19092.85,-1818969.86,0.1674,-1845.3,0.4,0.189,safe_flat
sample_0187,-87.3699,-142.7833,27.67,42595.22,96579.17,-98319.03,-19092.85,-1818969.86,0.1674,-1845.0,0.4,0.2014,safe_flat
sample_0188,-87.3717,-144.8323,26.08,39701.56,95314.22,-97675.91,-18578.9,-1819004.17,0.1674,-1845.8,0.3,0.2495,safe_flat
sample_0189,-87.3781,-143.754,26.92,41209.17,95987.64,-97675.91,-18578.9,-1819004.17,0.1674,-1845.5,0.4,0.1456,safe_flat
sample_0190,-87.3782,-145.8263,25.3,38380.69,94796.24,-97675.91,-18578.9,-1819004.17,0.1674,-1845.7,0.4,0.109,safe_flat
sample_0191,-87.3858,-144.5857,26.29,40109.37,95568.69,-97675.91,-18578.9,-1819004.17,0.1674,-1845.5,0.4,0.3402,safe_flat
sample_0192,-87.3922,-143.3651,27.23,41722.33,96155.27,-97032.77,-18064.95,-1819038.11,0.1674,-1845.7,0.4,0.1907,safe_flat
sample_0193,-87.393,-145.4255,25.64,38921.54,94914.05,-97032.77,-18064.95,-1819038.11,0.1674,-1846.0,0.3,0.1637,safe_flat
sample_0194,-87.3997,-144.3991,26.43,40346.73,95580.24,-97032.77,-18064.95,-1819038.11,0.1674,-1845.5,0.4,0.2932,safe_flat
sample_0195,-87.4059,-143.1185,27.42,42111.56,96423.61,-97032.77,-18064.95,-1819038.11,0.1674,-1845.3,0.4,0.2526,safe_flat
sample_0196,-87.4071,-145.2258,25.8,39266.86,95153.59,-97032.77,-18064.95,-1819038.11,0.1674,-1845.5,0.4,1.1102,crater_rim
sample_0197,-87.4141,-143.9812,26.77,40898.74,95805.94,-96389.61,-17551.0,-1819071.68,0.1674,-1845.8,0.4,0.0813,safe_flat
sample_0198,-87.4197,-142.8566,27.63,42443.68,96480.96,-96389.61,-17551.0,-1819071.68,0.1674,-1845.5,0.4,0.2759,safe_flat
sample_0199,-87.4213,-144.9477,26.04,39630.6,95218.55,-96389.61,-17551.0,-1819071.68,0.1674,-1845.8,0.3,0.257,safe_flat
sample_0200,-87.428,-143.7055,26.99,41331.68,95991.99,-96389.61,-17551.0,-1819071.68,0.1674,-1845.4,0.4,0.2145,safe_flat
sample_0201,-87.4281,-145.8364,25.35,38477.96,94761.38,-96389.61,-17551.0,-1819071.68,0.1674,-1845.6,0.4,0.1244,safe_flat
sample_0202,-87.4358,-144.5692,26.34,40125.31,95561.88,-95746.42,-17037.04,-1819104.88,0.1674,-1845.9,0.3,0.3552,safe_flat
sample_0203,-87.4419,-143.4385,27.2,41666.72,96239.15,-95746.42,-17037.04,-1819104.88,0.1674,-1845.6,0.4,0.3057,safe_flat
sample_0204,-87.4425,-145.5771,25.57,38817.37,94859.33,-95746.42,-17037.04,-1819104.88,0.1674,-1845.9,0.3,0.2921,safe_flat
sample_0205,-87.4499,-144.2928,26.57,40562.53,95670.17,-95746.42,-17037.04,-1819104.88,0.1674,-1845.7,0.4,0.3668,safe_flat
sample_0206,-87.4558,-143.0886,27.47,42189.69,96502.64,-95746.42,-17037.04,-1819104.88,0.1674,-1845.3,0.4,0.2539,safe_flat
sample_0207,-87.4571,-145.1917,25.89,39321.52,95202.48,-95103.22,-16523.09,-1819137.71,0.1674,-1846.1,0.3,0.4752,safe_flat
sample_0208,-87.4639,-144.0137,26.79,40917.74,95814.47,-95103.22,-16523.09,-1819137.71,0.1674,-1845.8,0.3,0.3047,safe_flat
sample_0209,-87.4696,-142.819,27.67,42523.15,96651.79,-95103.22,-16523.09,-1819137.71,0.1674,-1845.4,0.4,0.1717,safe_flat
sample_0210,-87.4713,-144.9148,26.11,39758.72,95383.24,-95103.22,-16523.09,-1819137.71,0.1674,-1845.7,0.4,0.1868,safe_flat
sample_0211,-87.4779,-143.6751,27.05,41425.82,96061.93,-95103.22,-16523.09,-1819137.71,0.1674,-1845.5,0.4,0.0764,safe_flat
sample_0212,-87.4783,-145.7879,25.47,38569.3,94776.75,-94459.99,-16009.13,-1819170.17,0.1674,-1846.4,0.3,0.1733,safe_flat
sample_0213,-87.4855,-144.6473,26.33,40102.32,95448.64,-94459.99,-16009.13,-1819170.17,0.1674,-1846.0,0.3,0.2223,safe_flat
sample_0214,-87.4918,-143.4222,27.24,41737.12,96250.8,-94459.99,-16009.13,-1819170.17,0.1674,-1845.6,0.4,0.1605,safe_flat
sample_0215,-87.4927,-145.5012,25.7,39020.8,94967.15,-94459.99,-16009.13,-1819170.17,0.1674,-1846.0,0.3,0.1348,safe_flat
sample_0216,-87.4998,-144.2846,26.61,40642.01,95755.58,-94459.99,-16009.13,-1819170.17,0.1674,-1845.6,0.4,0.3102,safe_flat
sample_0217,-87.5056,-143.1704,27.42,42048.94,96371.7,-93816.74,-15495.17,-1819202.27,0.1674,-1845.6,0.4,0.1447,safe_flat
sample_0218,-87.5069,-145.2356,25.92,39360.93,95103.58,-93816.74,-15495.17,-1819202.27,0.1674,-1846.2,0.3,0.3444,safe_flat
sample_0219,-87.5137,-144.0216,26.81,40970.7,95830.29,-93816.74,-15495.17,-1819202.27,0.1674,-1845.7,0.4,0.2014,safe_flat
sample_0220,-87.5137,-146.1134,25.27,38260.02,94613.96,-93816.74,-15495.17,-1819202.27,0.1674,-1846.1,0.3,0.1297,safe_flat
sample_0221,-87.5214,-144.8611,26.21,39917.66,95361.34,-93816.74,-15495.17,-1819202.27,0.1674,-1845.8,0.4,0.3309,safe_flat
sample_0222,-87.5277,-143.768,27.0,41286.07,95980.34,-93173.48,-14981.21,-1819233.99,0.1674,-1845.8,0.4,0.1412,safe_flat
sample_0223,-87.5281,-145.8309,25.51,38620.9,94886.81,-93173.48,-14981.21,-1819233.99,0.1674,-1846.4,0.3,0.1217,safe_flat
sample_0224,-87.5355,-144.5992,26.42,40243.78,95547.34,-93173.48,-14981.21,-1819233.99,0.1674,-1846.0,0.3,0.3308,safe_flat
sample_0225,-87.5418,-143.3557,27.32,41871.7,96295.42,-93173.48,-14981.21,-1819233.99,0.1674,-1845.6,0.4,0.1419,safe_flat
sample_0226,-87.543,-145.4025,25.85,39248.95,95132.32,-93173.48,-14981.21,-1819233.99,0.1674,-1846.1,0.3,0.1437,safe_flat
sample_0227,-87.5499,-144.2043,26.74,40746.1,95666.87,-92530.19,-14467.25,-1819265.35,0.1674,-1846.4,0.3,0.2173,safe_flat
sample_0228,-87.5557,-142.9758,27.61,42342.07,96485.23,-92530.19,-14467.25,-1819265.35,0.1674,-1845.8,0.3,0.178,safe_flat
sample_0229,-87.5576,-144.9969,26.19,39765.25,95245.9,-92530.19,-14467.25,-1819265.35,0.1674,-1846.6,0.3,0.09,safe_flat
sample_0230,-87.5642,-143.7225,27.12,41418.63,96024.99,-92530.19,-14467.25,-1819265.35,0.1674,-1846.3,0.3,0.1116,safe_flat
sample_0231,-87.5642,-145.969,25.49,38563.49,94741.85,-92530.19,-14467.25,-1819265.35,0.1674,-1846.6,0.3,0.1714,safe_flat
sample_0232,-87.5721,-144.5922,26.52,40274.68,95528.76,-91886.88,-13953.29,-1819296.34,0.1674,-1847.0,0.3,0.164,safe_flat
sample_0233,-87.5783,-143.3444,27.41,41884.97,96240.81,-91886.88,-13953.29,-1819296.34,0.1674,-1846.5,0.3,0.1741,safe_flat
sample_0234,-87.5794,-145.4425,25.93,39230.73,95073.36,-91886.88,-13953.29,-1819296.34,0.1674,-1847.2,0.2,0.3739,safe_flat
sample_0235,-87.5866,-144.1072,26.9,40948.55,95879.07,-91886.88,-13953.29,-1819296.34,0.1674,-1846.8,0.3,0.1972,safe_flat
sample_0236,-87.5921,-143.0062,27.67,42363.32,96436.76,-91886.88,-13953.29,-1819296.34,0.1674,-1846.4,0.3,0.2425,safe_flat
sample_0237,-87.5942,-144.9747,26.31,39820.22,95359.84,-91243.56,-13439.33,-1819326.96,0.1674,-1847.6,0.2,0.1685,safe_flat
sample_0238,-87.6008,-143.6792,27.24,41476.0,96139.37,-91243.56,-13439.33,-1819326.96,0.1674,-1847.3,0.2,0.2557,safe_flat
sample_0239,-87.606,-142.5895,27.97,42867.88,96677.82,-91243.56,-13439.33,-1819326.96,0.1674,-1846.6,0.3,0.2228,safe_flat
sample_0240,-87.6089,-144.4641,26.72,40524.11,95687.42,-91243.56,-13439.33,-1819326.96,0.1674,-1847.6,0.2,0.1575,safe_flat
sample_0241,-87.6148,-143.3473,27.49,41885.43,96171.92,-90600.21,-12925.36,-1819357.21,0.1674,-1847.5,0.2,0.3234,safe_flat
sample_0242,-87.6157,-145.5434,25.94,39144.11,94950.0,-90600.21,-12925.36,-1819357.21,0.1674,-1847.9,0.2,0.3068,safe_flat
sample_0243,-87.6231,-144.0924,27.01,40983.03,95767.19,-90600.21,-12925.36,-1819357.21,0.1674,-1847.9,0.2,0.2269,safe_flat
sample_0244,-87.6287,-142.9811,27.75,42385.34,96493.79,-90600.21,-12925.36,-1819357.21,0.1674,-1847.2,0.2,0.2275,safe_flat
sample_0245,-87.63,-145.2289,26.19,39597.49,95300.73,-90600.21,-12925.36,-1819357.21,0.1674,-1847.7,0.2,0.1956,safe_flat
sample_0246,-87.6372,-143.7628,27.26,41385.35,95941.36,-89956.84,-12411.4,-1819387.09,0.1674,-1848.1,0.2,0.2839,safe_flat
sample_0247,-87.6424,-142.6957,27.95,42723.4,96635.68,-89956.84,-12411.4,-1819387.09,0.1674,-1847.3,0.2,0.1868,safe_flat
sample_0248,-87.6443,-144.893,26.43,40014.32,95322.75,-89956.84,-12411.4,-1819387.09,0.1674,-1847.7,0.2,0.2255,safe_flat
sample_0249,-87.6511,-143.41,27.5,41869.3,96155.71,-89956.84,-12411.4,-1819387.09,0.1674,-1847.7,0.2,0.1941,safe_flat
sample_0250,-87.656,-142.4171,28.14,43108.96,96746.8,-89956.84,-12411.4,-1819387.09,0.1674,-1846.9,0.3,0.2097,safe_flat
sample_0251,-87.6591,-144.3508,26.87,40679.2,95722.1,-89313.45,-11897.43,-1819416.6,0.1674,-1848.3,0.1,0.168,safe_flat
sample_0252,-87.6649,-143.1877,27.65,42127.36,96362.62,-89313.45,-11897.43,-1819416.6,0.1674,-1847.7,0.2,0.2186,safe_flat
sample_0253,-87.6664,-145.2921,26.22,39558.44,95136.65,-89313.45,-11897.43,-1819416.6,0.1674,-1848.3,0.1,0.1413,safe_flat
sample_0254,-87.6733,-143.9748,27.14,41191.85,95948.31,-89313.45,-11897.43,-1819416.6,0.1674,-1848.0,0.2,0.1809,safe_flat
sample_0255,-87.6785,-142.96,27.8,42447.51,96544.82,-89313.45,-11897.43,-1819416.6,0.1674,-1847.3,0.2,0.1829,safe_flat
sample_0256,-87.6809,-144.8778,26.55,40065.04,95401.91,-88670.05,-11383.46,-1819445.75,0.1674,-1848.7,0.1,0.2033,safe_flat
sample_0257,-87.6871,-143.7534,27.29,41455.55,95961.78,-88670.05,-11383.46,-1819445.75,0.1674,-1848.0,0.2,0.1427,safe_flat
sample_0258,-87.6922,-142.6924,27.96,42759.04,96598.93,-88670.05,-11383.46,-1819445.75,0.1674,-1847.1,0.2,0.2487,safe_flat
sample_0259,-87.695,-144.6296,26.73,40421.61,95557.47,-88670.05,-11383.46,-1819445.75,0.1674,-1848.4,0.1,0.1895,safe_flat
sample_0260,-87.7008,-143.5473,27.42,41748.02,96230.83,-88670.05,-11383.46,-1819445.75,0.1674,-1847.5,0.2,0.3074,safe_flat
sample_0261,-87.7058,-142.5014,28.07,42975.07,96707.54,-88026.62,-10869.5,-1819474.52,0.1674,-1846.9,0.3,0.2798,safe_flat
sample_0262,-87.709,-144.3376,26.92,40772.18,95640.17,-88026.62,-10869.5,-1819474.52,0.1674,-1848.2,0.1,0.153,safe_flat
sample_0263,-87.7146,-143.252,27.61,42092.08,96376.04,-88026.62,-10869.5,-1819474.52,0.1674,-1847.4,0.2,0.5087,safe_flat
sample_0264,-87.7165,-145.2215,26.36,39740.41,95260.48,-88026.62,-10869.5,-1819474.52,0.1674,-1848.7,0.1,0.2086,safe_flat
sample_0265,-87.7228,-144.1315,27.06,41069.33,95791.85,-88026.62,-10869.5,-1819474.52,0.1674,-1847.8,0.2,0.3071,safe_flat
sample_0266,-87.7284,-142.9539,27.81,42441.72,96434.7,-87383.18,-10355.53,-1819502.93,0.1674,-1847.4,0.2,0.2874,safe_flat
sample_0267,-87.7308,-144.9052,26.58,40121.04,95393.48,-87383.18,-10355.53,-1819502.93,0.1674,-1848.6,0.1,0.1991,safe_flat
sample_0268,-87.7368,-143.8087,27.27,41446.67,95985.63,-87383.18,-10355.53,-1819502.93,0.1674,-1847.7,0.2,0.1635,safe_flat
sample_0269,-87.7421,-142.6383,28.03,42852.53,96686.69,-87383.18,-10355.53,-1819502.93,0.1674,-1847.3,0.2,0.2772,safe_flat
sample_0270,-87.7448,-144.6578,26.75,40467.61,95612.88,-87383.18,-10355.53,-1819502.93,0.1674,-1848.3,0.1,0.2397,safe_flat
sample_0271,-87.7507,-143.5345,27.46,41766.83,96108.74,-86739.71,-9841.56,-1819530.97,0.1674,-1847.8,0.2,0.2119,safe_flat
sample_0272,-87.7523,-145.4858,26.22,39468.92,95083.98,-86739.71,-9841.56,-1819530.97,0.1674,-1848.8,0.1,0.2464,safe_flat
sample_0273,-87.7589,-144.3403,26.96,40842.39,95681.47,-86739.71,-9841.56,-1819530.97,0.1674,-1848.2,0.2,0.2031,safe_flat
sample_0274,-87.7646,-143.2064,27.68,42194.79,96287.91,-86739.71,-9841.56,-1819530.97,0.1674,-1847.5,0.2,0.234,safe_flat
sample_0275,-87.7665,-145.2214,26.41,39837.31,95293.96,-86739.71,-9841.56,-1819530.97,0.1674,-1848.5,0.1,0.1912,safe_flat
sample_0276,-87.7729,-144.0552,27.15,41174.47,95885.11,-86096.23,-9327.59,-1819558.64,0.1674,-1848.1,0.2,0.2613,safe_flat
sample_0277,-87.7784,-142.7766,27.97,42687.86,96529.29,-86096.23,-9327.59,-1819558.64,0.1674,-1847.6,0.2,0.2301,safe_flat
sample_0278,-87.7806,-144.954,26.6,40152.48,95404.93,-86096.23,-9327.59,-1819558.64,0.1674,-1848.6,0.1,0.2729,safe_flat
sample_0279,-87.7868,-143.7451,27.37,41581.02,96036.51,-86096.23,-9327.59,-1819558.64,0.1674,-1848.0,0.2,0.3943,safe_flat
sample_0280,-87.7922,-142.3957,28.23,43166.38,96752.8,-86096.23,-9327.59,-1819558.64,0.1674,-1847.5,0.2,0.1862,safe_flat
sample_0281,-87.7949,-144.5779,26.86,40594.87,95557.02,-85452.73,-8813.62,-1819585.94,0.1674,-1848.7,0.1,0.2534,safe_flat
sample_0282,-87.8009,-143.3089,27.66,42080.21,96318.43,-85452.73,-8813.62,-1819585.94,0.1674,-1848.0,0.2,0.2189,safe_flat
sample_0283,-87.8021,-145.5523,26.24,39494.23,95156.0,-85452.73,-8813.62,-1819585.94,0.1674,-1848.9,0.1,0.661,safe_flat
sample_0284,-87.8089,-144.2978,27.05,40962.38,95851.05,-85452.73,-8813.62,-1819585.94,0.1674,-1848.4,0.1,0.2291,safe_flat
sample_0285,-87.8148,-142.92,27.93,42567.79,96504.16,-85452.73,-8813.62,-1819585.94,0.1674,-1847.9,0.2,0.119,safe_flat
sample_0286,-87.8166,-145.1774,26.5,39933.74,95398.74,-84809.2,-8299.65,-1819612.87,0.1674,-1848.9,0.1,0.2147,safe_flat
sample_0287,-87.823,-143.9208,27.29,41395.97,95980.93,-84809.2,-8299.65,-1819612.87,0.1674,-1848.3,0.1,0.3417,safe_flat
sample_0288,-87.8284,-142.6845,28.07,42825.91,96624.66,-84809.2,-8299.65,-1819612.87,0.1674,-1847.9,0.2,0.2704,safe_flat
sample_0289,-87.8307,-144.8727,26.71,40334.36,95534.58,-84809.2,-8299.65,-1819612.87,0.1674,-1848.6,0.1,0.2136,safe_flat
sample_0290,-87.837,-143.5574,27.55,41811.35,96144.42,-84165.66,-7785.69,-1819639.43,0.1674,-1848.5,0.1,0.2842,safe_flat
sample_0291,-87.842,-142.4307,28.2,43103.06,96831.49,-84165.66,-7785.69,-1819639.43,0.1674,-1847.5,0.2,0.4026,safe_flat
sample_0292,-87.8447,-144.6188,26.88,40625.56,95699.6,-84165.66,-7785.69,-1819639.43,0.1674,-1848.6,0.1,0.2445,safe_flat
sample_0293,-87.8508,-143.2687,27.73,42175.4,96273.56,-84165.66,-7785.69,-1819639.43,0.1674,-1848.2,0.2,0.2508,safe_flat
sample_0294,-87.8515,-145.756,26.14,39368.8,95093.8,-84165.66,-7785.69,-1819639.43,0.1674,-1848.5,0.1,0.3032,safe_flat
sample_0295,-87.8591,-144.1526,27.2,41158.76,95918.74,-83522.11,-7271.72,-1819665.62,0.1674,-1848.8,0.1,0.3089,safe_flat
sample_0296,-87.8646,-142.9596,27.91,42517.72,96475.01,-83522.11,-7271.72,-1819665.62,0.1674,-1848.0,0.2,0.2354,safe_flat
sample_0297,-87.8655,-145.5529,26.27,39609.39,95126.4,-83522.11,-7271.72,-1819665.62,0.1674,-1848.4,0.1,0.2059,safe_flat
sample_0298,-87.873,-143.8667,27.39,41519.44,96067.41,-83522.11,-7271.72,-1819665.62,0.1674,-1848.6,0.1,0.3588,safe_flat
sample_0299,-87.8783,-142.6303,28.12,42918.06,96644.65,-83522.11,-7271.72,-1819665.62,0.1674,-1847.8,0.2,0.3938,safe_flat
sample_0300,-87.88,-145.1494,26.54,40071.34,95436.01,-82878.53,-6757.75,-1819691.45,0.1674,-1848.4,0.1,0.2985,safe_flat
sample_0301,-87.8869,-143.5374,27.58,41886.04,96255.84,-82878.53,-6757.75,-1819691.45,0.1674,-1848.3,0.1,0.3605,safe_flat
sample_0302,-87.892,-142.2565,28.36,43324.27,96844.45,-82878.53,-6757.75,-1819691.45,0.1674,-1847.9,0.2,0.1959,safe_flat
sample_0303,-87.8939,-144.9505,26.66,40340.5,95480.69,-82878.53,-6757.75,-1819691.45,0.1674,-1847.9,0.2,0.2604,safe_flat
sample_0304,-87.9005,-143.3927,27.65,42083.59,96251.4,-82878.53,-6757.75,-1819691.45,0.1674,-1847.8,0.2,0.293,safe_flat
sample_0305,-87.8986,-146.6403,25.51,38457.77,94626.21,-82234.93,-6243.78,-1819716.91,0.1674,-1847.3,0.2,0.3426,safe_flat
sample_0306,-87.9076,-144.8047,26.74,40511.12,95480.41,-82234.93,-6243.78,-1819716.91,0.1674,-1847.7,0.2,0.4772,safe_flat
sample_0307,-87.914,-143.3125,27.66,42167.61,96304.58,-82234.93,-6243.78,-1819716.91,0.1674,-1847.3,0.2,0.3286,safe_flat
sample_0308,-87.9126,-146.4972,25.6,38670.89,94783.62,-82234.93,-6243.78,-1819716.91,0.1674,-1846.9,0.3,0.3945,safe_flat
sample_0309,-87.9215,-144.5751,26.86,40805.97,95641.57,-82234.93,-6243.78,-1819716.91,0.1674,-1847.1,0.2,0.3676,safe_flat
sample_0310,-87.9276,-143.153,27.72,42340.32,96418.79,-81591.32,-5729.81,-1819741.99,0.1674,-1846.9,0.3,0.5163,safe_flat
sample_0311,-87.9265,-146.3615,25.67,38839.25,94831.68,-81591.32,-5729.81,-1819741.99,0.1674,-1846.5,0.3,0.3538,safe_flat
sample_0312,-87.935,-144.5217,26.86,40866.0,95780.12,-81591.32,-5729.81,-1819741.99,0.1674,-1846.6,0.3,0.2784,safe_flat
sample_0313,-87.941,-143.102,27.71,42422.81,96496.46,-81591.32,-5729.81,-1819741.99,0.1674,-1846.2,0.3,0.2693,safe_flat
sample_0314,-87.9408,-146.056,25.86,39228.6,94913.83,-81591.32,-5729.81,-1819741.99,0.1674,-1846.1,0.3,0.592,safe_flat
sample_0315,-87.9488,-144.3529,26.93,41060.56,95739.11,-80947.69,-5215.85,-1819766.71,0.1674,-1846.2,0.3,0.487,safe_flat
sample_0316,-87.9445,-147.7613,24.75,37371.72,94163.14,-80947.69,-5215.85,-1819766.71,0.1674,-1845.9,0.3,0.3603,safe_flat
sample_0317,-87.9548,-145.8795,25.97,39433.3,95088.48,-80947.69,-5215.85,-1819766.71,0.1674,-1845.9,0.3,0.5217,safe_flat
sample_0318,-87.9622,-144.3115,26.92,41138.42,95881.96,-80947.69,-5215.85,-1819766.71,0.1674,-1845.5,0.4,0.4165,safe_flat
sample_0319,-87.9591,-147.4806,24.93,37737.98,94405.34,-80947.69,-5215.85,-1819766.71,0.1674,-1845.4,0.4,0.4752,safe_flat
sample_0320,-87.9687,-145.7042,26.07,39639.26,95199.26,-80304.04,-4701.88,-1819791.06,0.1674,-1845.7,0.4,0.5689,safe_flat
sample_0321,-87.9757,-144.2594,26.92,41202.14,95844.5,-80304.04,-4701.88,-1819791.06,0.1674,-1845.0,0.4,0.5193,safe_flat
sample_0322,-87.9733,-147.2831,25.05,37978.58,94409.51,-80304.04,-4701.88,-1819791.06,0.1674,-1845.1,0.4,0.4943,safe_flat
sample_0323,-87.9827,-145.4658,26.2,39941.01,95264.51,-80304.04,-4701.88,-1819791.06,0.1674,-1845.1,0.4,0.5224,safe_flat
sample_0324,-87.9776,-148.5992,24.24,36607.25,93911.32,-80304.04,-4701.88,-1819791.06,0.1674,-1845.2,0.4,0.3854,safe_flat
sample_0325,-87.9876,-147.0351,25.22,38272.76,94489.42,-79660.37,-4187.92,-1819815.04,0.1674,-1845.1,0.4,0.7264,safe_flat
sample_0326,-87.9964,-145.3723,26.23,40055.63,95297.26,-79660.37,-4187.92,-1819815.04,0.1674,-1844.7,0.4,0.2006,safe_flat
sample_0327,-87.9918,-148.4274,24.35,36825.92,93950.43,-79660.37,-4187.92,-1819815.04,0.1674,-1844.9,0.4,0.4206,safe_flat
sample_0328,-88.0025,-146.6283,25.48,38757.59,94752.99,-79660.37,-4187.92,-1819815.04,0.1674,-1844.8,0.4,0.3151,safe_flat
sample_0329,-88.0103,-145.16,26.33,40321.11,95466.63,-79660.37,-4187.92,-1819815.04,0.1674,-1844.0,0.5,0.235,safe_flat
sample_0330,-88.0061,-148.2401,24.48,37060.64,94092.88,-79016.69,-3673.95,-1819838.65,0.1674,-1844.8,0.4,0.374,safe_flat
sample_0331,-88.0166,-146.4246,25.6,38994.61,94891.88,-79016.69,-3673.95,-1819838.65,0.1674,-1844.5,0.5,0.1697,safe_flat
sample_0332,-88.0241,-145.0076,26.41,40494.72,95483.52,-79016.69,-3673.95,-1819838.65,0.1674,-1843.8,0.5,0.2102,safe_flat
sample_0333,-88.0211,-147.8737,24.71,37508.26,94317.4,-79016.69,-3673.95,-1819838.65,0.1674,-1844.4,0.5,0.2685,safe_flat
sample_0334,-88.0309,-146.1275,25.77,39329.88,95071.27,-78372.98,-3159.99,-1819861.9,0.1674,-1844.2,0.5,0.1363,safe_flat
sample_0335,-88.0243,-149.3535,23.82,35970.64,93676.28,-78372.98,-3159.99,-1819861.9,0.1674,-1844.7,0.4,0.4182,safe_flat
sample_0336,-88.0355,-147.6383,24.87,37787.34,94424.85,-78372.98,-3159.99,-1819861.9,0.1674,-1844.3,0.5,0.2566,safe_flat
sample_0337,-88.0449,-145.9183,25.89,39593.78,95065.11,-78372.98,-3159.99,-1819861.9,0.1674,-1843.8,0.5,0.2705,safe_flat
sample_0338,-88.0395,-148.9979,24.05,36415.11,93747.2,-78372.98,-3159.99,-1819861.9,0.1674,-1844.3,0.5,0.3259,safe_flat
sample_0339,-88.0497,-147.447,24.98,38022.71,94447.37,-77729.27,-2646.03,-1819884.77,0.1674,-1843.9,0.5,0.2499,safe_flat
sample_0340,-88.0589,-145.6877,26.02,39850.09,95296.31,-77729.27,-2646.03,-1819884.77,0.1674,-1843.5,0.5,0.3115,safe_flat
sample_0341,-88.0541,-148.7596,24.21,36703.22,93895.09,-77729.27,-2646.03,-1819884.77,0.1674,-1844.1,0.5,0.2466,safe_flat
sample_0342,-88.0649,-146.9433,25.31,38593.51,94690.21,-77729.27,-2646.03,-1819884.77,0.1674,-1843.8,0.5,0.1908,safe_flat
sample_0343,-88.0735,-145.2266,26.3,40362.31,95509.96,-77729.27,-2646.03,-1819884.77,0.1674,-1843.3,0.6,0.3841,safe_flat
sample_0344,-88.0687,-148.4917,24.39,37022.4,94030.98,-77085.53,-2132.06,-1819907.27,0.1674,-1843.9,0.5,0.2209,safe_flat
sample_0345,-88.0793,-146.6552,25.48,38917.3,94836.45,-77085.53,-2132.06,-1819907.27,0.1674,-1843.6,0.5,0.2257,safe_flat
sample_0346,-88.0727,-149.754,23.66,35770.47,93490.71,-77085.53,-2132.06,-1819907.27,0.1674,-1844.2,0.5,0.2535,safe_flat
sample_0347,-88.0842,-148.0042,24.71,37580.35,94229.77,-77085.53,-2132.06,-1819907.27,0.1674,-1843.8,0.5,0.2936,safe_flat
sample_0348,-88.0944,-146.0956,25.83,39529.05,95159.39,-77085.53,-2132.06,-1819907.27,0.1674,-1843.5,0.5,0.4668,safe_flat
sample_0349,-88.0876,-149.4689,23.86,36112.53,93663.65,-76441.77,-1618.11,-1819929.41,0.1674,-1844.1,0.5,0.1661,safe_flat
sample_0350,-88.0991,-147.649,24.94,37978.3,94393.46,-76441.77,-1618.11,-1819929.41,0.1674,-1843.7,0.5,0.2789,safe_flat
sample_0351,-88.1089,-145.7088,26.07,39943.03,95260.78,-76441.77,-1618.11,-1819929.41,0.1674,-1843.4,0.5,0.2828,safe_flat
sample_0352,-88.1035,-148.9613,24.19,36694.42,93820.79,-76441.77,-1618.11,-1819929.41,0.1674,-1843.9,0.5,0.2734,safe_flat
sample_0353,-88.1142,-147.1812,25.24,38501.08,94610.07,-76441.77,-1618.11,-1819929.41,0.1674,-1843.6,0.5,0.3346,safe_flat
sample_0354,-88.1233,-145.3103,26.31,40363.09,95496.97,-75798.0,-1104.15,-1819951.18,0.1674,-1843.4,0.6,0.5375,safe_flat
sample_0355,-88.1186,-148.5836,24.44,37116.16,94119.69,-75798.0,-1104.15,-1819951.18,0.1674,-1843.8,0.5,0.248,safe_flat
sample_0356,-88.1294,-146.6271,25.58,39084.01,94858.27,-75798.0,-1104.15,-1819951.18,0.1674,-1843.6,0.5,0.3955,safe_flat
sample_0357,-88.1224,-149.8928,23.7,35849.37,93610.22,-75798.0,-1104.15,-1819951.18,0.1674,-1844.1,0.5,0.3834,safe_flat
sample_0358,-88.1338,-148.1614,24.72,37597.53,94234.97,-75798.0,-1104.15,-1819951.18,0.1674,-1843.8,0.5,0.1946,safe_flat
sample_0359,-88.144,-146.2444,25.82,39494.71,94982.82,-75154.22,-590.19,-1819972.57,0.1674,-1843.6,0.5,0.2579,safe_flat
sample_0360,-88.1379,-149.4819,23.98,36313.8,93701.69,-75154.22,-590.19,-1819972.57,0.1674,-1844.1,0.5,0.2613,safe_flat
sample_0361,-88.1494,-147.5887,25.08,38201.0,94516.75,-75154.22,-590.19,-1819972.57,0.1674,-1843.8,0.5,0.3872,safe_flat
sample_0362,-88.159,-145.658,26.17,40106.0,95299.7,-75154.22,-590.19,-1819972.57,0.1674,-1843.5,0.5,0.4042,safe_flat
sample_0363,-88.1532,-149.098,24.24,36757.4,93902.46,-75154.22,-590.19,-1819972.57,0.1674,-1844.0,0.5,0.3956,safe_flat
sample_0364,-88.1642,-147.2006,25.32,38620.42,94664.57,-74510.41,-76.23,-1819993.6,0.1674,-1843.7,0.5,0.2484,safe_flat
sample_0365,-88.1734,-145.2361,26.42,40540.99,95439.02,-74510.41,-76.23,-1819993.6,0.1674,-1843.5,0.5,0.3045,safe_flat
sample_0366,-88.169,-148.5467,24.58,37342.99,94151.49,-74510.41,-76.23,-1819993.6,0.1674,-1843.9,0.5,0.2861,safe_flat
sample_0367,-88.179,-146.7969,25.56,39058.66,94784.9,-74510.41,-76.23,-1819993.6,0.1674,-1843.5,0.5,0.2961,safe_flat
sample_0368,-88.1718,-150.0983,23.72,35876.02,93464.57,-74510.41,-76.23,-1819993.6,0.1674,-1844.1,0.5,0.2949,safe_flat
sample_0369,-88.1841,-148.1511,24.83,37772.79,94357.63,-73866.59,437.72,-1820014.26,0.1674,-1843.8,0.5,0.1827,safe_flat
sample_0370,-88.1941,-146.2054,25.91,39656.14,95185.8,-73866.59,437.72,-1820014.26,0.1674,-1843.4,0.5,0.2859,safe_flat
sample_0371,-88.1879,-149.561,24.06,36449.3,93825.5,-73866.59,437.72,-1820014.26,0.1674,-1844.0,0.5,0.3663,safe_flat
sample_0372,-88.199,-147.7446,25.09,38213.23,94572.76,-73866.59,437.72,-1820014.26,0.1674,-1843.8,0.5,0.1836,safe_flat
sample_0373,-88.2087,-145.7602,26.18,40118.14,95384.68,-73866.59,437.72,-1820014.26,0.1674,-1843.5,0.5,0.2596,safe_flat
sample_0374,-88.2033,-149.1345,24.34,36916.41,93915.49,-73222.75,951.67,-1820034.55,0.1674,-1844.0,0.5,0.2402,safe_flat
sample_0375,-88.2145,-147.1559,25.44,38814.33,94815.61,-73222.75,951.67,-1820034.55,0.1674,-1843.7,0.5,0.308,safe_flat
sample_0376,-88.2065,-150.537,23.58,35614.55,93446.99,-73222.75,951.67,-1820034.55,0.1674,-1844.3,0.5,0.1724,safe_flat
sample_0377,-88.2185,-148.7438,24.58,37346.56,94066.99,-73222.75,951.67,-1820034.55,0.1674,-1843.8,0.5,0.1548,safe_flat
sample_0378,-88.2291,-146.7773,25.66,39215.05,94996.34,-73222.75,951.67,-1820034.55,0.1674,-1843.5,0.5,0.1489,safe_flat
sample_0379,-88.222,-150.1367,23.84,36061.0,93539.1,-72578.9,1465.62,-1820054.48,0.1674,-1844.2,0.5,0.2326,safe_flat
sample_0380,-88.2341,-148.1937,24.91,37911.63,94391.74,-72578.9,1465.62,-1820054.48,0.1674,-1843.7,0.5,0.0659,safe_flat
sample_0381,-88.2438,-146.3258,25.92,39670.91,95174.22,-72578.9,1465.62,-1820054.48,0.1674,-1843.4,0.5,0.2133,safe_flat
sample_0382,-88.2374,-149.7437,24.09,36495.38,93735.26,-72578.9,1465.62,-1820054.48,0.1674,-1844.0,0.5,0.261,safe_flat
sample_0383,-88.2492,-147.7552,25.18,38371.36,94524.31,-71935.03,1979.57,-1820074.03,0.1674,-1843.7,0.5,0.116,safe_flat
sample_0384,-88.2588,-145.7098,26.27,40278.16,95312.66,-71935.03,1979.57,-1820074.03,0.1674,-1843.4,0.5,0.1116,safe_flat
sample_0385,-88.2534,-149.1796,24.43,37079.67,93964.19,-71935.03,1979.57,-1820074.03,0.1674,-1843.9,0.5,0.2661,safe_flat
sample_0386,-88.2641,-147.3051,25.45,38831.67,94692.74,-71935.03,1979.57,-1820074.03,0.1674,-1843.7,0.5,0.3214,safe_flat
sample_0387,-88.256,-150.7276,23.62,35678.63,93468.55,-71935.03,1979.57,-1820074.03,0.1674,-1844.2,0.5,0.1699,safe_flat
sample_0388,-88.2687,-148.7481,24.7,37533.71,94240.22,-71291.14,2493.51,-1820093.21,0.1674,-1843.9,0.5,0.2408,safe_flat
sample_0389,-88.2794,-146.6947,25.79,39432.47,94956.56,-71291.14,2493.51,-1820093.21,0.1674,-1843.5,0.5,0.2532,safe_flat
sample_0390,-88.2723,-150.1689,23.96,36263.52,93612.34,-71291.14,2493.51,-1820093.21,0.1674,-1844.1,0.5,0.2061,safe_flat
sample_0391,-88.2839,-148.3087,24.96,37989.31,94297.57,-71291.14,2493.51,-1820093.21,0.1674,-1843.8,0.5,0.285,safe_flat
sample_0392,-88.294,-146.2623,26.04,39859.6,95198.75,-71291.14,2493.51,-1820093.21,0.1674,-1843.5,0.5,0.4582,safe_flat
sample_0393,-88.2877,-149.7597,24.22,36702.22,93858.51,-70647.24,3007.46,-1820112.03,0.1674,-1844.0,0.5,0.4171,safe_flat
sample_0394,-88.2995,-147.699,25.31,38591.41,94583.93,-70647.24,3007.46,-1820112.03,0.1674,-1843.7,0.5,0.2959,safe_flat
sample_0395,-88.3086,-145.8245,26.28,40287.44,95394.36,-70647.24,3007.46,-1820112.03,0.1674,-1843.4,0.5,0.8088,safe_flat
sample_0396,-88.3033,-149.2825,24.51,37193.73,93969.02,-70647.24,3007.46,-1820112.03,0.1674,-1844.0,0.5,0.5055,safe_flat
sample_0397,-88.3144,-147.2646,25.56,39024.52,94756.83,-70647.24,3007.46,-1820112.03,0.1674,-1843.6,0.5,0.5266,safe_flat
sample_0398,-88.3065,-150.7473,23.77,35913.03,93523.06,-70003.32,3521.4,-1820130.47,0.1674,-1844.3,0.5,0.1666,safe_flat
sample_0399,-88.3193,-148.6561,24.88,37813.76,94252.89,-70003.32,3521.4,-1820130.47,0.1674,-1844.0,0.5,0.2251,safe_flat
sample_0400,-88.3292,-146.8061,25.82,39474.26,94964.12,-70003.32,3521.4,-1820130.47,0.1674,-1843.6,0.5,0.3856,safe_flat
sample_0401,-88.3224,-150.2427,24.08,36427.8,93785.77,-70003.32,3521.4,-1820130.47,0.1674,-1844.3,0.5,0.2198,safe_flat
sample_0402,-88.3344,-148.2175,25.13,38252.77,94413.65,-70003.32,3521.4,-1820130.47,0.1674,-1843.9,0.5,0.2741,safe_flat
sample_0403,-88.3442,-146.195,26.15,40053.73,95254.16,-69359.39,4035.34,-1820148.55,0.1674,-1843.4,0.5,0.3036,safe_flat
sample_0404,-88.3389,-149.5748,24.47,37090.9,93933.43,-69359.39,4035.34,-1820148.55,0.1674,-1844.2,0.5,0.3614,safe_flat
sample_0405,-88.3493,-147.7996,25.37,38668.51,94681.96,-69359.39,4035.34,-1820148.55,0.1674,-1843.8,0.5,0.2894,safe_flat
sample_0406,-88.3588,-145.7334,26.4,40486.35,95382.23,-69359.39,4035.34,-1820148.55,0.1674,-1843.4,0.5,0.7599,safe_flat
sample_0407,-88.3542,-149.1599,24.72,37508.93,94179.66,-69359.39,4035.34,-1820148.55,0.1674,-1844.2,0.5,0.2936,safe_flat
sample_0408,-88.3646,-147.2238,25.68,39219.66,94965.21,-68715.44,4549.27,-1820166.26,0.1674,-1843.6,0.5,0.322,safe_flat
sample_0409,-88.3575,-150.6389,23.99,36259.56,93574.01,-68715.44,4549.27,-1820166.26,0.1674,-1844.4,0.5,0.3306,safe_flat
sample_0410,-88.369,-148.8076,24.92,37872.54,94376.41,-68715.44,4549.27,-1820166.26,0.1674,-1844.0,0.5,0.3155,safe_flat
sample_0411,-88.3793,-146.7769,25.92,39640.95,95098.15,-68715.44,4549.27,-1820166.26,0.1674,-1843.5,0.5,0.4925,safe_flat
sample_0412,-88.3727,-150.2984,24.19,36618.17,93713.08,-68715.44,4549.27,-1820166.26,0.1674,-1844.2,0.5,0.452,safe_flat
sample_0413,-88.3845,-148.2526,25.22,38413.56,94459.21,-68071.47,5063.21,-1820183.6,0.1674,-1843.8,0.5,0.3723,safe_flat
sample_0414,-88.3939,-146.3321,26.16,40065.01,95238.01,-68071.47,5063.21,-1820183.6,0.1674,-1843.5,0.5,0.38,safe_flat
sample_0415,-88.3878,-149.9349,24.41,36998.06,93917.16,-68071.47,5063.21,-1820183.6,0.1674,-1844.1,0.5,0.4081,safe_flat
sample_0416,-88.3994,-147.8488,25.44,38797.48,94706.2,-68071.47,5063.21,-1820183.6,0.1674,-1843.7,0.5,0.4234,safe_flat
sample_0417,-88.4087,-145.7453,26.45,40588.58,95516.01,-68071.47,5063.21,-1820183.6,0.1674,-1843.3,0.6,0.3603,safe_flat
sample_0418,-88.4036,-149.3796,24.71,37539.48,94187.31,-67427.49,5577.14,-1820200.57,0.1674,-1843.8,0.5,0.2054,safe_flat
sample_0419,-88.4142,-147.4186,25.67,39213.62,94844.1,-67427.49,5577.14,-1820200.57,0.1674,-1843.5,0.5,0.4426,safe_flat
sample_0420,-88.4057,-151.141,23.86,36077.1,93515.31,-67427.49,5577.14,-1820200.57,0.1674,-1844.1,0.5,0.1709,safe_flat
sample_0421,-88.4187,-148.9744,24.94,37931.97,94275.91,-67427.49,5577.14,-1820200.57,0.1674,-1843.8,0.5,0.2797,safe_flat
sample_0422,-88.4293,-146.8046,25.99,39762.55,95064.55,-67427.49,5577.14,-1820200.57,0.1674,-1843.5,0.5,0.2459,safe_flat
sample_0423,-88.422,-150.5565,24.19,36647.95,93852.47,-66783.5,6091.06,-1820217.17,0.1674,-1844.0,0.5,0.4275,safe_flat
sample_0424,-88.4339,-148.5111,25.2,38379.25,94509.57,-66783.5,6091.06,-1820217.17,0.1674,-1843.7,0.5,0.3254,safe_flat
sample_0425,-88.444,-146.3229,26.23,40202.01,95372.78,-66783.5,6091.06,-1820217.17,0.1674,-1843.3,0.6,0.2386,safe_flat
sample_0426,-88.4373,-150.1462,24.43,37048.68,93941.61,-66783.5,6091.06,-1820217.17,0.1674,-1844.0,0.5,0.3797,safe_flat
sample_0427,-88.4493,-147.9136,25.5,38915.21,94747.96,-66783.5,6091.06,-1820217.17,0.1674,-1843.6,0.5,0.4118,safe_flat
sample_0428,-88.4586,-145.8255,26.49,40656.72,95434.66,-66139.49,6604.99,-1820233.4,0.1674,-1843.3,0.6,0.3522,safe_flat
sample_0429,-88.4528,-149.684,24.69,37501.54,94157.71,-66139.49,6604.99,-1820233.4,0.1674,-1843.8,0.5,0.3044,safe_flat
sample_0430,-88.4642,-147.4317,25.76,39360.93,94989.14,-66139.49,6604.99,-1820233.4,0.1674,-1843.5,0.5,0.2938,safe_flat
sample_0431,-88.4555,-151.3109,23.93,36194.44,93653.94,-66139.49,6604.99,-1820233.4,0.1674,-1844.1,0.5,0.3411,safe_flat
sample_0432,-88.4688,-149.0366,25.03,38103.81,94338.48,-65495.46,7118.91,-1820249.26,0.1674,-1843.6,0.5,0.4291,safe_flat
sample_0433,-88.4791,-146.9356,26.01,39817.53,95101.72,-65495.46,7118.91,-1820249.26,0.1674,-1843.3,0.6,0.297,safe_flat
sample_0434,-88.4712,-150.8493,24.19,36653.35,93842.92,-65495.46,7118.91,-1820249.26,0.1674,-1843.9,0.5,0.224,safe_flat
sample_0435,-88.484,-148.5467,25.29,38538.58,94635.07,-65495.46,7118.91,-1820249.26,0.1674,-1843.6,0.5,0.3922,safe_flat
sample_0436,-88.4943,-146.2185,26.36,40419.41,95354.3,-65495.46,7118.91,-1820249.26,0.1674,-1843.3,0.6,0.3843,safe_flat
sample_0437,-88.4875,-150.2164,24.53,37246.88,94087.51,-64851.42,7632.83,-1820264.75,0.1674,-1843.7,0.5,0.1681,safe_flat
sample_0438,-88.499,-148.0668,25.54,38987.55,94701.8,-64851.42,7632.83,-1820264.75,0.1674,-1843.5,0.5,0.1952,safe_flat
sample_0439,-88.4889,-152.0537,23.69,35799.63,93390.73,-64851.42,7632.83,-1820264.75,0.1674,-1844.0,0.5,0.3098,safe_flat
sample_0440,-88.503,-149.7294,24.8,37685.55,94269.28,-64851.42,7632.83,-1820264.75,0.1674,-1843.8,0.5,0.1197,safe_flat
sample_0441,-88.5145,-147.4004,25.87,39546.58,95065.33,-64851.42,7632.83,-1820264.75,0.1674,-1843.5,0.5,0.236,safe_flat
sample_0442,-88.5047,-151.6072,23.95,36250.58,93521.49,-64207.37,8146.74,-1820279.88,0.1674,-1843.9,0.5,0.1866,safe_flat
sample_0443,-88.5182,-149.2685,25.04,38123.4,94400.54,-64207.37,8146.74,-1820279.88,0.1674,-1843.6,0.5,0.1542,safe_flat
sample_0444,-88.5293,-146.8792,26.13,40008.66,95216.41,-64207.37,8146.74,-1820279.88,0.1674,-1843.4,0.6,0.3578,safe_flat
sample_0445,-88.5214,-150.9256,24.31,36848.56,93795.2,-64207.37,8146.74,-1820279.88,0.1674,-1843.9,0.5,0.1241,safe_flat
sample_0446,-88.5342,-148.5579,25.4,38724.06,94562.67,-64207.37,8146.74,-1820279.88,0.1674,-1843.6,0.5,0.1734,safe_flat
sample_0447,-88.5441,-146.3324,26.39,40487.22,95323.14,-63563.3,8660.66,-1820294.63,0.1674,-1843.2,0.6,0.3176,safe_flat
sample_0448,-88.537,-150.4445,24.57,37307.39,93990.14,-63563.3,8660.66,-1820294.63,0.1674,-1843.7,0.5,0.2137,safe_flat
sample_0449,-88.5493,-148.0509,25.65,39176.62,94846.73,-63563.3,8660.66,-1820294.63,0.1674,-1843.4,0.5,0.2917,safe_flat
sample_0450,-88.5393,-152.1152,23.84,36034.7,93578.92,-63563.3,8660.66,-1820294.63,0.1674,-1844.1,0.5,0.0873,safe_flat
sample_0451,-88.5533,-149.754,24.92,37891.95,94231.28,-63563.3,8660.66,-1820294.63,0.1674,-1843.8,0.5,0.3708,safe_flat
sample_0452,-88.5643,-147.5221,25.91,39644.04,95015.55,-62919.22,9174.56,-1820309.02,0.1674,-1843.3,0.6,0.3137,safe_flat
sample_0453,-88.5552,-151.642,24.1,36495.65,93704.6,-62919.22,9174.56,-1820309.02,0.1674,-1843.9,0.5,0.2011,safe_flat
sample_0454,-88.5686,-149.2542,25.18,38347.25,94398.16,-62919.22,9174.56,-1820309.02,0.1674,-1843.6,0.5,0.5353,safe_flat
sample_0455,-88.5795,-146.8213,26.24,40197.91,95332.45,-62919.22,9174.56,-1820309.02,0.1674,-1843.3,0.6,0.2711,safe_flat
sample_0456,-88.5712,-151.1105,24.39,36961.0,93884.51,-62919.22,9174.56,-1820309.02,0.1674,-1844.0,0.5,0.2436,safe_flat
sample_0457,-88.584,-148.6885,25.46,38843.51,94752.81,-62275.12,9688.47,-1820323.04,0.1674,-1843.4,0.5,0.4825,safe_flat
sample_0458,-88.5944,-146.2132,26.53,40706.54,95495.46,-62275.12,9688.47,-1820323.04,0.1674,-1843.3,0.6,0.2154,safe_flat
sample_0459,-88.5876,-150.4254,24.73,37561.8,94201.5,-62275.12,9688.47,-1820323.04,0.1674,-1843.8,0.5,0.3972,safe_flat
sample_0460,-88.5998,-147.9259,25.82,39446.6,94996.28,-62275.12,9688.47,-1820323.04,0.1674,-1843.5,0.5,0.3795,safe_flat
sample_0461,-88.5892,-152.3057,23.94,36178.12,93621.18,-62275.12,9688.47,-1820323.04,0.1674,-1844.2,0.5,0.151,safe_flat
sample_0462,-88.6032,-149.8927,25.0,38044.48,94301.8,-61631.01,10202.37,-1820336.69,0.1674,-1843.6,0.5,0.3573,safe_flat
sample_0463,-88.615,-147.3012,26.12,39971.73,95118.92,-61631.01,10202.37,-1820336.69,0.1674,-1843.5,0.5,0.2745,safe_flat
sample_0464,-88.6066,-151.4871,24.36,36887.45,93829.11,-61631.01,10202.37,-1820336.69,0.1674,-1844.2,0.5,0.1442,safe_flat
sample_0465,-88.6199,-148.9857,25.44,38755.75,94553.88,-61631.01,10202.37,-1820336.69,0.1674,-1843.8,0.5,0.2049,safe_flat
sample_0466,-88.6302,-146.5697,26.47,40527.22,95425.75,-61631.01,10202.37,-1820336.69,0.1674,-1843.8,0.5,0.2161,safe_flat
sample_0467,-88.6229,-150.8311,24.7,37461.97,94111.84,-60986.88,10716.27,-1820349.96,0.1674,-1844.1,0.5,0.2037,safe_flat
sample_0468,-88.6357,-148.225,25.81,39379.42,94834.31,-60986.88,10716.27,-1820349.96,0.1674,-1843.9,0.5,0.1638,safe_flat
sample_0469,-88.6457,-145.5079,26.95,41341.18,95811.16,-60986.88,10716.27,-1820349.96,0.1674,-1843.9,0.5,0.4771,safe_flat
sample_0470,-88.6395,-150.0418,25.08,38086.49,94262.9,-60986.88,10716.27,-1820349.96,0.1674,-1844.2,0.5,0.1417,safe_flat
sample_0471,-88.6512,-147.4759,26.17,39943.7,95221.53,-60986.88,10716.27,-1820349.96,0.1674,-1844.2,0.5,0.2248,safe_flat
sample_0472,-88.6429,-151.667,24.45,36978.61,93792.74,-60342.74,11230.16,-1820362.87,0.1674,-1844.6,0.5,0.1661,safe_flat
sample_0473,-88.6559,-149.2238,25.48,38750.16,94692.45,-60342.74,11230.16,-1820362.87,0.1674,-1844.3,0.5,0.1307,safe_flat
sample_0474,-88.667,-146.4993,26.61,40698.47,95408.26,-60342.74,11230.16,-1820362.87,0.1674,-1844.3,0.5,0.2011,safe_flat
sample_0475,-88.6593,-150.9956,24.79,37511.83,94087.68,-60342.74,11230.16,-1820362.87,0.1674,-1844.8,0.4,0.1196,safe_flat
sample_0476,-88.6719,-148.4037,25.87,39370.89,94805.24,-60342.74,11230.16,-1820362.87,0.1674,-1844.6,0.4,0.1465,safe_flat
sample_0477,-88.6822,-145.5892,27.02,41386.41,95846.08,-59698.59,11744.05,-1820375.41,0.1674,-1844.4,0.5,0.2313,safe_flat
sample_0478,-88.676,-150.1695,25.18,38185.6,94362.39,-59698.59,11744.05,-1820375.41,0.1674,-1844.7,0.4,0.104,safe_flat
sample_0479,-88.6878,-147.5177,26.27,40056.77,95105.12,-59698.59,11744.05,-1820375.41,0.1674,-1844.6,0.4,0.1254,safe_flat
sample_0480,-88.6969,-144.7488,27.39,41977.09,96042.48,-59698.59,11744.05,-1820375.41,0.1674,-1844.8,0.4,0.3014,safe_flat
sample_0481,-88.6919,-149.4725,25.51,38758.01,94589.61,-59054.42,12257.93,-1820387.59,0.1674,-1844.6,0.5,0.0432,safe_flat
sample_0482,-88.7031,-146.7531,26.61,40646.32,95406.93,-59054.42,12257.93,-1820387.59,0.1674,-1844.6,0.5,0.1545,safe_flat
sample_0483,-88.6964,-150.9577,24.97,37748.86,94189.23,-59054.42,12257.93,-1820387.59,0.1674,-1845.3,0.4,0.1812,safe_flat
sample_0484,-88.7083,-148.5397,25.94,39433.62,94882.46,-59054.42,12257.93,-1820387.59,0.1674,-1845.0,0.4,0.1855,safe_flat
sample_0485,-88.7183,-145.8537,27.01,41273.11,95706.94,-59054.42,12257.93,-1820387.59,0.1674,-1845.0,0.4,0.2409,safe_flat
sample_0486,-88.7122,-150.3555,25.26,38257.78,94325.97,-58410.24,12771.82,-1820399.39,0.1674,-1845.1,0.4,0.2065,safe_flat
sample_0487,-88.7237,-147.8399,26.25,39978.97,95211.83,-58410.24,12771.82,-1820399.39,0.1674,-1844.9,0.4,0.1739,safe_flat
sample_0488,-88.7333,-144.8619,27.42,41988.4,96077.11,-58410.24,12771.82,-1820399.39,0.1674,-1845.0,0.4,0.2775,safe_flat
sample_0489,-88.7281,-149.6881,25.57,38750.02,94528.47,-58410.24,12771.82,-1820399.39,0.1674,-1845.4,0.4,0.1673,safe_flat
sample_0490,-88.7389,-147.1066,26.57,40496.22,95303.3,-58410.24,12771.82,-1820399.39,0.1674,-1845.1,0.4,0.2476,safe_flat
sample_0491,-88.7328,-151.1148,25.08,37858.11,94225.08,-57766.05,13285.69,-1820410.82,0.1674,-1845.8,0.4,0.1799,safe_flat
sample_0492,-88.7445,-148.7506,25.99,39458.44,94884.66,-57766.05,13285.69,-1820410.82,0.1674,-1845.4,0.4,0.2468,safe_flat
sample_0493,-88.7546,-146.0179,27.03,41274.39,95747.6,-57766.05,13285.69,-1820410.82,0.1674,-1845.2,0.4,0.348,safe_flat
sample_0494,-88.7491,-150.3858,25.42,38388.05,94493.77,-57766.05,13285.69,-1820410.82,0.1674,-1846.1,0.3,0.1791,safe_flat
sample_0495,-88.7601,-147.9506,26.34,40013.41,95153.73,-57766.05,13285.69,-1820410.82,0.1674,-1845.7,0.4,0.1855,safe_flat
sample_0496,-88.7695,-145.1025,27.42,41927.65,96027.77,-57121.84,13799.56,-1820421.89,0.1674,-1845.4,0.4,0.2311,safe_flat
sample_0497,-88.7656,-149.4655,25.82,39084.42,94723.04,-57121.84,13799.56,-1820421.89,0.1674,-1846.0,0.3,0.1718,safe_flat
sample_0498,-88.7761,-146.8703,26.8,40782.78,95553.84,-57121.84,13799.56,-1820421.89,0.1674,-1845.8,0.3,0.1195,safe_flat
sample_0499,-88.7839,-144.3481,27.72,42416.16,96152.26,-57121.84,13799.56,-1820421.89,0.1674,-1845.7,0.4,0.3908,safe_flat
sample_0500,-88.7814,-148.7147,26.16,39605.76,94884.2,-57121.84,13799.56,-1820421.89,0.1674,-1846.4,0.3,0.2022,safe_flat
sample_0501,-88.7912,-145.9963,27.16,41409.16,95730.47,-56477.62,14313.43,-1820432.58,0.1674,-1845.8,0.3,0.2358,safe_flat
sample_0502,-88.7871,-150.0505,25.73,38810.99,94607.88,-56477.62,14313.43,-1820432.58,0.1674,-1846.8,0.3,0.1668,safe_flat
sample_0503,-88.7971,-147.8685,26.52,40219.65,95260.28,-56477.62,14313.43,-1820432.58,0.1674,-1846.4,0.3,0.2376,safe_flat
sample_0504,-88.8057,-145.3443,27.42,41827.66,95902.48,-56477.62,14313.43,-1820432.58,0.1674,-1846.1,0.3,0.126,safe_flat
sample_0505,-88.803,-149.3025,26.06,39324.56,94805.77,-56477.62,14313.43,-1820432.58,0.1674,-1847.1,0.2,0.291,safe_flat
sample_0506,-88.8128,-146.8263,26.95,40947.79,95604.21,-55833.39,14827.29,-1820442.91,0.1674,-1846.5,0.3,0.2556,safe_flat
sample_0507,-88.8201,-144.591,27.69,42350.33,96122.29,-55833.39,14827.29,-1820442.91,0.1674,-1845.7,0.4,0.2779,safe_flat
sample_0508,-88.8186,-148.5707,26.37,39866.12,95015.37,-55833.39,14827.29,-1820442.91,0.1674,-1847.0,0.2,0.1998,safe_flat
sample_0509,-88.8275,-146.2129,27.19,41342.89,95654.65,-55833.39,14827.29,-1820442.91,0.1674,-1846.6,0.3,0.3006,safe_flat
sample_0510,-88.8342,-144.0001,27.91,42710.26,96319.2,-55833.39,14827.29,-1820442.91,0.1674,-1845.9,0.3,0.2416,safe_flat
sample_0511,-88.8342,-147.67,26.73,40501.41,95326.1,-55189.14,15341.15,-1820452.86,0.1674,-1846.9,0.3,0.1611,safe_flat
sample_0512,-88.8422,-145.4163,27.48,41888.23,95984.52,-55189.14,15341.15,-1820452.86,0.1674,-1846.3,0.3,0.3595,safe_flat
sample_0513,-88.8398,-149.3249,26.21,39495.0,94829.65,-55189.14,15341.15,-1820452.86,0.1674,-1847.7,0.2,0.2484,safe_flat
sample_0514,-88.8493,-146.9489,27.02,40958.28,95489.61,-55189.14,15341.15,-1820452.86,0.1674,-1847.2,0.2,0.3042,safe_flat
sample_0515,-88.8564,-144.7746,27.72,42276.12,96223.19,-55189.14,15341.15,-1820452.86,0.1674,-1846.6,0.3,0.3203,safe_flat
sample_0516,-88.8557,-148.4174,26.57,40128.68,95251.51,-54544.89,15855.01,-1820462.45,0.1674,-1847.6,0.2,0.1392,safe_flat
sample_0517,-88.8639,-146.3081,27.27,41407.65,95767.33,-54544.89,15855.01,-1820462.45,0.1674,-1847.1,0.2,0.3399,safe_flat
sample_0518,-88.8706,-144.0696,27.97,42748.7,96313.65,-54544.89,15855.01,-1820462.45,0.1674,-1846.3,0.3,0.2558,safe_flat
sample_0519,-88.8709,-147.6892,26.87,40589.16,95299.44,-54544.89,15855.01,-1820462.45,0.1674,-1848.0,0.2,0.2462,safe_flat
sample_0520,-88.8787,-145.4742,27.57,41908.34,96032.23,-54544.89,15855.01,-1820462.45,0.1674,-1847.3,0.2,0.6322,safe_flat
sample_0521,-88.8848,-143.1119,28.31,43357.82,96628.96,-53900.62,16368.85,-1820471.67,0.1674,-1846.3,0.3,0.376,safe_flat
sample_0522,-88.8858,-147.0305,27.12,41048.04,95599.12,-53900.62,16368.85,-1820471.67,0.1674,-1847.8,0.2,0.2269,safe_flat
sample_0523,-88.893,-144.7514,27.83,42389.39,96116.23,-53900.62,16368.85,-1820471.67,0.1674,-1847.1,0.2,0.2217,safe_flat
sample_0524,-88.8925,-148.3881,26.74,40260.52,95171.8,-53900.62,16368.85,-1820471.67,0.1674,-1848.7,0.1,0.3343,safe_flat
sample_0525,-88.9007,-146.1772,27.43,41617.08,95777.9,-53256.33,16882.7,-1820480.52,0.1674,-1847.6,0.2,0.4105,safe_flat
sample_0526,-88.9074,-143.8001,28.16,42988.24,96470.83,-53256.33,16882.7,-1820480.52,0.1674,-1846.9,0.3,0.1534,safe_flat
sample_0527,-88.9075,-147.7336,26.99,40716.64,95439.86,-53256.33,16882.7,-1820480.52,0.1674,-1848.5,0.1,0.2237,safe_flat
sample_0528,-88.9153,-145.417,27.71,42052.0,96068.49,-53256.33,16882.7,-1820480.52,0.1674,-1847.9,0.2,0.2845,safe_flat
sample_0529,-88.9214,-142.9812,28.44,43438.98,96748.87,-53256.33,16882.7,-1820480.52,0.1674,-1847.2,0.2,0.462,safe_flat
sample_0530,-88.9228,-146.8323,27.32,41309.68,95628.95,-52612.04,17396.53,-1820489.0,0.1674,-1848.3,0.1,0.3777,safe_flat
sample_0531,-88.9297,-144.6009,28.0,42573.85,96217.41,-52612.04,17396.53,-1820489.0,0.1674,-1847.8,0.2,0.3671,safe_flat
sample_0532,-88.9351,-142.0997,28.74,43977.21,96847.51,-52612.04,17396.53,-1820489.0,0.1674,-1847.2,0.2,0.2838,safe_flat
sample_0533,-88.9376,-146.0415,27.6,41759.83,95812.55,-52612.04,17396.53,-1820489.0,0.1674,-1848.6,0.1,0.3426,safe_flat
sample_0534,-88.944,-143.6281,28.32,43106.14,96507.21,-52612.04,17396.53,-1820489.0,0.1674,-1848.1,0.2,0.2813,safe_flat
sample_0535,-88.9446,-147.5551,27.19,40979.49,95490.51,-51967.73,17910.37,-1820497.11,0.1674,-1849.0,0.1,0.3237,safe_flat
sample_0536,-88.9521,-145.2727,27.88,42248.94,96040.78,-51967.73,17910.37,-1820497.11,0.1674,-1848.6,0.1,0.3662,safe_flat
sample_0537,-88.958,-142.7173,28.63,43652.39,96712.46,-51967.73,17910.37,-1820497.11,0.1674,-1848.1,0.2,0.3879,safe_flat
sample_0538,-88.9595,-146.7834,27.47,41411.57,95770.59,-51967.73,17910.37,-1820497.11,0.1674,-1849.4,0.0,0.3448,safe_flat
sample_0539,-88.9666,-144.3093,28.19,42767.44,96361.05,-51967.73,17910.37,-1820497.11,0.1674,-1848.8,0.1,0.4614,safe_flat
sample_0540,-88.9717,-141.5832,28.99,44304.29,97133.66,-51323.41,18424.19,-1820504.85,0.1674,-1848.0,0.2,0.3627,safe_flat
sample_0541,-88.974,-146.1422,27.69,41832.5,95843.0,-51323.41,18424.19,-1820504.85,0.1674,-1849.2,0.1,0.4217,safe_flat
sample_0542,-88.9808,-143.3285,28.53,43345.72,96601.94,-51323.41,18424.19,-1820504.85,0.1674,-1848.9,0.1,0.4065,safe_flat
sample_0543,-88.981,-147.7203,27.26,40978.72,95573.1,-51323.41,18424.19,-1820504.85,0.1674,-1849.9,0.0,0.2959,safe_flat
sample_0544,-88.9888,-145.0991,28.03,42388.74,96144.71,-51323.41,18424.19,-1820504.85,0.1674,-1849.4,0.0,0.4937,safe_flat
sample_0545,-88.9947,-142.2149,28.88,43981.74,96896.35,-50679.08,18938.02,-1820512.22,0.1674,-1848.8,0.1,0.5486,safe_flat
sample_0546,-88.9954,-147.2358,27.42,41314.8,95698.92,-50679.08,18938.02,-1820512.22,0.1674,-1849.4,0.0,0.4276,safe_flat
sample_0547,-89.0034,-144.0095,28.4,43016.28,96521.88,-50679.08,18938.02,-1820512.22,0.1674,-1849.6,0.0,0.5184,safe_flat
sample_0548,-89.0082,-141.3279,29.15,44416.69,97095.78,-50679.08,18938.02,-1820512.22,0.1674,-1849.1,0.1,0.6378,safe_flat
sample_0549,-89.0108,-145.999,27.84,41969.61,95971.18,-50679.08,18938.02,-1820512.22,0.1674,-1850.0,0.0,0.5671,safe_flat
sample_0550,-89.0174,-143.0922,28.7,43546.23,96660.17,-50034.73,19451.83,-1820519.22,0.1674,-1849.6,0.0,0.35,safe_flat
sample_0551,-89.0215,-140.4613,29.41,44893.58,97345.08,-50034.73,19451.83,-1820519.22,0.1674,-1849.1,0.1,0.439,safe_flat
sample_0552,-89.0258,-144.7696,28.27,42668.15,96235.48,-50034.73,19451.83,-1820519.22,0.1674,-1849.6,0.0,0.4381,safe_flat
sample_0553,-89.0312,-142.0126,29.02,44072.55,96945.52,-50034.73,19451.83,-1820519.22,0.1674,-1849.9,0.0,0.33,safe_flat
sample_0554,-89.0328,-146.8013,27.7,41622.45,95800.96,-50034.73,19451.83,-1820519.22,0.1674,-1849.3,0.1,0.3611,safe_flat
sample_0555,-89.04,-143.8394,28.56,43197.52,96474.21,-49390.38,19965.64,-1820525.86,0.1674,-1849.8,0.0,0.2155,safe_flat
sample_0556,-89.0447,-141.145,29.28,44545.07,97190.82,-49390.38,19965.64,-1820525.86,0.1674,-1849.8,0.0,0.3229,safe_flat
sample_0557,-89.0481,-145.5234,28.14,42334.95,96192.23,-49390.38,19965.64,-1820525.86,0.1674,-1849.0,0.1,0.2368,safe_flat
sample_0558,-89.0541,-142.7283,28.9,43727.91,96860.79,-49390.38,19965.64,-1820525.86,0.1674,-1849.3,0.1,0.1673,safe_flat
sample_0559,-89.0579,-140.0821,29.57,45037.68,97372.6,-49390.38,19965.64,-1820525.86,0.1674,-1850.0,0.0,0.2189,safe_flat
sample_0560,-89.0625,-144.6382,28.42,42839.65,96343.09,-48746.01,20479.45,-1820532.12,0.1674,-1849.0,0.1,0.1833,safe_flat
sample_0561,-89.0677,-141.897,29.14,44182.06,96963.81,-48746.01,20479.45,-1820532.12,0.1674,-1849.5,0.0,0.2963,safe_flat
sample_0562,-89.0709,-139.2569,29.79,45461.35,97660.6,-48746.01,20479.45,-1820532.12,0.1674,-1849.8,0.0,0.3121,safe_flat
sample_0563,-89.0767,-143.5793,28.73,43337.95,96654.62,-48746.01,20479.45,-1820532.12,0.1674,-1848.7,0.1,0.2064,safe_flat
sample_0564,-89.0812,-141.1019,29.35,44531.23,97241.61,-48746.01,20479.45,-1820532.12,0.1674,-1849.3,0.1,0.3672,safe_flat
sample_0565,-89.0846,-145.5565,28.24,42443.38,96197.67,-48101.64,20993.25,-1820538.02,0.1674,-1848.5,0.1,0.1419,safe_flat
sample_0566,-89.0905,-142.8556,28.93,43736.63,96765.17,-48101.64,20993.25,-1820538.02,0.1674,-1849.0,0.1,0.2143,safe_flat
sample_0567,-89.0944,-140.2333,29.57,44977.83,97391.94,-48101.64,20993.25,-1820538.02,0.1674,-1849.6,0.0,0.4368,safe_flat
sample_0568,-89.0991,-144.467,28.56,42951.94,96420.27,-48101.64,20993.25,-1820538.02,0.1674,-1848.1,0.2,0.3684,safe_flat
sample_0569,-89.1041,-142.2338,29.09,44004.81,96842.32,-48101.64,20993.25,-1820538.02,0.1674,-1848.9,0.1,0.5556,safe_flat
sample_0570,-89.1075,-139.5007,29.75,45349.07,97574.65,-47457.25,21507.04,-1820543.54,0.1674,-1850.0,0.0,0.3508,safe_flat
sample_0571,-89.1131,-143.7948,28.75,43323.66,96577.47,-47457.25,21507.04,-1820543.54,0.1674,-1848.4,0.1,0.3304,safe_flat
sample_0572,-89.1176,-141.3875,29.3,44437.14,97063.65,-47457.25,21507.04,-1820543.54,0.1674,-1849.3,0.1,0.3111,safe_flat
sample_0573,-89.1201,-138.3341,30.04,45838.7,97806.74,-47457.25,21507.04,-1820543.54,0.1674,-1849.7,0.0,0.3086,safe_flat
sample_0574,-89.1268,-143.2148,28.89,43646.3,96707.57,-46812.85,22020.82,-1820548.7,0.1674,-1848.9,0.1,0.2802,safe_flat
sample_0575,-89.131,-140.6769,29.47,44798.79,97220.64,-46812.85,22020.82,-1820548.7,0.1674,-1849.7,0.0,0.3765,safe_flat
sample_0576,-89.1354,-144.7714,28.56,42918.62,96312.48,-46812.85,22020.82,-1820548.7,0.1674,-1847.9,0.2,0.4934,safe_flat
sample_0577,-89.1405,-142.3785,29.09,43993.9,96948.91,-46812.85,22020.82,-1820548.7,0.1674,-1848.9,0.1,0.2261,safe_flat
sample_0578,-89.1441,-139.8011,29.69,45149.41,97380.39,-46812.85,22020.82,-1820548.7,0.1674,-1849.4,0.1,0.314,safe_flat
sample_0579,-89.1494,-144.1323,28.73,43266.29,96544.35,-46168.44,22534.61,-1820553.49,0.1674,-1848.3,0.1,0.2157,safe_flat
sample_0580,-89.1541,-141.6306,29.28,44371.69,97106.83,-46168.44,22534.61,-1820553.49,0.1674,-1849.1,0.1,0.2926,safe_flat
sample_0581,-89.1568,-138.4524,30.03,45770.05,97753.59,-46168.44,22534.61,-1820553.49,0.1674,-1849.4,0.0,0.1903,safe_flat
sample_0582,-89.1633,-143.2564,28.94,43631.13,96638.11,-46168.44,22534.61,-1820553.49,0.1674,-1848.2,0.1,0.2563,safe_flat
sample_0583,-89.1674,-140.7329,29.5,44727.36,97240.42,-46168.44,22534.61,-1820553.49,0.1674,-1848.9,0.1,0.3742,safe_flat
sample_0584,-89.1686,-136.762,30.48,46526.89,98143.67,-45524.01,23048.38,-1820557.91,0.1674,-1849.0,0.1,0.26,safe_flat
sample_0585,-89.177,-142.4047,29.16,44050.27,96888.22,-45524.01,23048.38,-1820557.91,0.0157,-1848.4,0.1,0.1289,shadowing_obscuration
sample_0586,-89.1804,-139.4482,29.82,45312.21,97559.67,-45524.01,23048.38,-1820557.91,0.0196,-1848.9,0.1,0.1293,shadowing_obscuration
sample_0587,-89.186,-143.9499,28.86,43360.91,96651.03,-45524.01,23048.38,-1820557.91,0.0157,-1847.4,0.2,0.2044,shadowing_obscuration
sample_0588,-89.1906,-141.4148,29.41,44434.84,97153.07,-45524.01,23048.38,-1820557.91,0.0157,-1848.0,0.2,0.1118,shadowing_obscuration
sample_0589,-89.1929,-137.9059,30.22,45991.58,97905.78,-44879.58,23562.15,-1820561.96,0.0157,-1848.7,0.1,0.1374,shadowing_obscuration
sample_0590,-89.1999,-143.0421,29.09,43801.16,96842.2,-44879.58,23562.15,-1820561.96,0.0157,-1847.6,0.2,0.1127,shadowing_obscuration
sample_0591,-89.2038,-140.0072,29.76,45062.07,97449.4,-44879.58,23562.15,-1820561.96,0.0196,-1848.0,0.2,0.1137,shadowing_obscuration
sample_0592,-89.2047,-136.3296,30.62,46587.78,98119.76,-44879.58,23562.15,-1820561.96,0.0,-1847.7,0.2,0.0236,shadowing_obscuration
sample_0593,-89.2136,-141.9618,29.37,44217.22,97035.59,-44879.58,23562.15,-1820561.96,0.0157,-1847.1,0.2,0.1909,shadowing_obscuration
sample_0594,-89.2165,-138.5805,30.11,45681.22,97713.78,-44235.14,24075.91,-1820565.64,0.0157,-1847.9,0.2,0.0422,shadowing_obscuration
sample_0595,-89.2227,-143.6015,29.06,43605.21,96624.84,-44235.14,24075.91,-1820565.64,0.0196,-1846.7,0.3,0.3719,shadowing_obscuration
sample_0596,-89.227,-140.5043,29.72,44853.47,97290.06,-44235.14,24075.91,-1820565.64,0.0196,-1847.1,0.2,0.1345,shadowing_obscuration
sample_0597,-89.2288,-137.2028,30.44,46178.94,97907.79,-44235.14,24075.91,-1820565.64,0.0196,-1847.2,0.2,0.0949,shadowing_obscuration
sample_0598,-89.2366,-142.5272,29.33,44005.22,96931.14,-44235.14,24075.91,-1820565.64,0.0196,-1846.1,0.3,0.5111,shadowing_obscuration
sample_0599,-89.2399,-139.1367,30.05,45433.41,97612.16,-43590.68,24589.66,-1820568.95,0.0157,-1847.0,0.2,0.0445,shadowing_obscuration
sample_0600,-89.2401,-135.3218,30.88,46938.28,98380.39,-43590.68,24589.66,-1820568.95,0.0235,-1847.0,0.3,0.2009,shadowing_obscuration
sample_0601,-89.2501,-141.0258,29.69,44644.76,97233.3,-43590.68,24589.66,-1820568.95,0.0196,-1846.1,0.3,0.0749,shadowing_obscuration
sample_0602,-89.2524,-137.7604,30.37,45914.9,97834.58,-43590.68,24589.66,-1820568.95,0.0196,-1846.4,0.3,0.1985,shadowing_obscuration
sample_0603,-89.2508,-133.5518,31.3,47555.31,98669.36,-43590.68,24589.66,-1820568.95,0.0196,-1845.9,0.3,0.1867,shadowing_obscuration
sample_0604,-89.2632,-139.6225,30.02,45226.97,97523.24,-42946.22,25103.41,-1820571.89,0.0157,-1846.1,0.3,0.1328,shadowing_obscuration
sample_0605,-89.2639,-135.7847,30.83,46693.72,98240.88,-42946.22,25103.41,-1820571.89,0.0196,-1846.0,0.3,0.2906,shadowing_obscuration
sample_0606,-89.2732,-141.5821,29.65,44438.23,97082.51,-42946.22,25103.41,-1820571.89,0.0157,-1845.2,0.4,0.0769,shadowing_obscuration
sample_0607,-89.2759,-138.1738,30.35,45720.98,97746.0,-42946.22,25103.41,-1820571.89,0.0196,-1845.4,0.4,0.2269,shadowing_obscuration
sample_0608,-89.2749,-134.0717,31.22,47268.82,98490.52,-42946.22,25103.41,-1820571.89,0.0196,-1845.1,0.4,0.368,shadowing_obscuration
sample_0609,-89.2865,-140.0784,30.01,45045.97,97364.38,-42301.74,25617.15,-1820574.46,0.0196,-1845.0,0.4,0.2147,shadowing_obscuration
sample_0610,-89.2875,-136.1732,30.8,46491.53,98045.11,-42301.74,25617.15,-1820574.46,0.0196,-1845.0,0.4,0.2158,shadowing_obscuration
sample_0611,-89.2859,-132.595,31.52,47812.4,98811.98,-42301.74,25617.15,-1820574.46,0.0196,-1845.0,0.4,0.4314,shadowing_obscuration
sample_0612,-89.2993,-138.6745,30.32,45508.91,97542.84,-42301.74,25617.15,-1820574.46,0.0157,-1844.3,0.5,0.1778,shadowing_obscuration
sample_0613,-89.2991,-134.6724,31.12,46965.57,98291.81,-42301.74,25617.15,-1820574.46,0.0235,-1844.3,0.5,0.2614,shadowing_obscuration
sample_0614,-89.2963,-131.0788,31.8,48358.89,99079.33,-41657.26,26130.88,-1820576.66,0.0196,-1845.2,0.4,0.8215,shadowing_obscuration
sample_0615,-89.3114,-136.89,30.69,46177.98,97855.77,-41657.26,26130.88,-1820576.66,0.0196,-1844.3,0.5,0.2113,shadowing_obscuration
sample_0616,-89.3104,-133.26,31.4,47474.51,98497.04,-41657.26,26130.88,-1820576.66,0.0235,-1844.3,0.5,0.1273,shadowing_obscuration
sample_0617,-89.3228,-139.4641,30.21,45200.05,97505.08,-41657.26,26130.88,-1820576.66,0.0196,-1843.6,0.5,0.2039,shadowing_obscuration
sample_0618,-89.3232,-135.3667,31.01,46641.98,98180.92,-41657.26,26130.88,-1820576.66,0.0196,-1843.5,0.5,0.2965,shadowing_obscuration
sample_0619,-89.3211,-131.7042,31.68,48018.6,98786.81,-41012.77,26644.61,-1820578.5,0.0196,-1844.4,0.5,0.8125,shadowing_obscuration
sample_0620,-89.3353,-137.7903,30.55,45817.0,97692.73,-41012.77,26644.61,-1820578.5,0.0196,-1843.6,0.5,0.2643,shadowing_obscuration
sample_0621,-89.3349,-133.9988,31.27,47119.74,98429.89,-41012.77,26644.61,-1820578.5,0.0196,-1843.5,0.5,0.624,shadowing_obscuration
sample_0622,-89.3318,-130.3427,31.92,48386.37,99068.66,-41012.77,26644.61,-1820578.5,0.0196,-1843.9,0.5,0.7987,shadowing_obscuration
sample_0623,-89.3476,-136.4596,30.8,46291.71,97982.49,-40368.26,27158.33,-1820579.96,0.0196,-1843.8,0.5,0.1451,shadowing_obscuration
sample_0624,-89.3456,-132.3156,31.57,47695.57,98668.5,-40368.26,27158.33,-1820579.96,0.0235,-1843.7,0.5,0.7956,shadowing_obscuration
sample_0625,-89.3427,-129.1852,32.09,48758.46,99191.11,-40368.26,27158.33,-1820579.96,0.0196,-1844.3,0.5,0.8453,shadowing_obscuration
sample_0626,-89.3597,-135.217,31.03,46627.39,98149.62,-40368.26,27158.33,-1820579.96,0.0157,-1843.2,0.6,0.1756,shadowing_obscuration
sample_0627,-89.3572,-131.2708,31.72,47941.86,98797.07,-40368.26,27158.33,-1820579.96,0.0196,-1843.5,0.5,0.6473,shadowing_obscuration
sample_0628,-89.3722,-138.3362,30.43,45624.05,97588.65,-39723.75,27672.04,-1820581.05,0.0157,-1843.8,0.5,0.2439,shadowing_obscuration
sample_0629,-89.3709,-133.4974,31.33,47197.32,98482.85,-39723.75,27672.04,-1820581.05,0.0196,-1843.4,0.6,0.2559,shadowing_obscuration
sample_0630,-89.3696,-130.6633,31.75,48115.45,98914.03,-39723.75,27672.04,-1820581.05,0.0196,-1844.3,0.5,0.2279,shadowing_obscuration
sample_0631,-89.3846,-136.9075,30.69,46014.21,97786.05,-39723.75,27672.04,-1820581.05,0.0196,-1843.3,0.6,0.2213,shadowing_obscuration
sample_0632,-89.383,-132.6039,31.44,47390.42,98444.6,-39723.75,27672.04,-1820581.05,0.0196,-1843.3,0.6,0.2397,shadowing_obscuration
sample_0633,-89.3803,-129.3081,31.93,48534.0,99082.97,-39079.23,28185.75,-1820581.78,0.0275,-1844.8,0.4,0.339,shadowing_obscuration
sample_0634,-89.396,-134.867,31.06,46675.78,98138.48,-39079.23,28185.75,-1820581.78,0.0196,-1843.2,0.6,0.3803,shadowing_obscuration
sample_0635,-89.3951,-131.7346,31.53,47646.96,98693.97,-39079.23,28185.75,-1820581.78,0.0235,-1843.9,0.5,0.2017,shadowing_obscuration
sample_0636,-89.3917,-128.3396,32.03,48715.3,99186.39,-39079.23,28185.75,-1820581.78,0.0275,-1844.8,0.4,0.46,shadowing_obscuration
sample_0637,-89.4081,-133.8136,31.21,46910.52,98255.76,-39079.23,28185.75,-1820581.78,0.0235,-1842.9,0.6,0.1303,shadowing_obscuration
sample_0638,-89.4065,-130.5859,31.66,47988.59,98841.59,-38434.69,28699.44,-1820582.14,0.0196,-1844.6,0.5,0.156,shadowing_obscuration
sample_0639,-89.4209,-136.5306,30.78,46097.21,97888.16,-38434.69,28699.44,-1820582.14,0.0196,-1842.8,0.6,0.2161,shadowing_obscuration
sample_0640,-89.4203,-132.8874,31.31,47185.13,98413.53,-38434.69,28699.44,-1820582.14,0.0196,-1843.6,0.5,0.1906,shadowing_obscuration
sample_0641,-89.4182,-129.6087,31.76,48164.14,98966.1,-38434.69,28699.44,-1820582.14,0.0196,-1844.5,0.5,0.135,shadowing_obscuration
sample_0642,-89.4329,-135.0717,30.99,46448.85,98054.05,-38434.69,28699.44,-1820582.14,0.0196,-1842.6,0.6,0.2179,shadowing_obscuration
sample_0643,-89.432,-131.7202,31.44,47523.1,98605.46,-37790.15,29213.13,-1820582.12,0.0196,-1844.2,0.5,0.1384,shadowing_obscuration
sample_0644,-89.4296,-128.5671,31.86,48446.02,99057.44,-37790.15,29213.13,-1820582.12,0.0275,-1845.1,0.4,0.1562,shadowing_obscuration
sample_0645,-89.4453,-134.1242,31.1,46726.5,98219.7,-37790.15,29213.13,-1820582.12,0.0235,-1843.1,0.6,0.2827,shadowing_obscuration
sample_0646,-89.444,-130.804,31.52,47677.88,98576.81,-37790.15,29213.13,-1820582.12,0.0196,-1844.2,0.5,0.2902,shadowing_obscuration
sample_0647,-89.4576,-136.7817,30.7,45893.93,97731.67,-37790.15,29213.13,-1820582.12,0.0196,-1842.4,0.6,0.3007,shadowing_obscuration
sample_0648,-89.4572,-132.896,31.23,47078.79,98303.02,-37145.6,29726.82,-1820581.74,0.0196,-1843.9,0.5,0.3096,shadowing_obscuration
sample_0649,-89.4557,-129.7373,31.63,47958.19,98730.63,-37145.6,29726.82,-1820581.74,0.1294,-1844.8,0.4,0.32,safe_flat
sample_0650,-89.4702,-135.6645,30.84,46219.0,97902.65,-37145.6,29726.82,-1820581.74,0.0196,-1842.9,0.6,0.3762,shadowing_obscuration
sample_0651,-89.4694,-131.9653,31.32,47225.21,98470.25,-37145.6,29726.82,-1820581.74,0.0275,-1843.7,0.5,0.3444,shadowing_obscuration
sample_0652,-89.4666,-128.389,31.76,48209.21,98898.47,-37145.6,29726.82,-1820581.74,0.0196,-1844.8,0.4,0.2877,shadowing_obscuration
sample_0653,-89.4828,-134.7755,30.93,46471.11,98009.1,-36501.04,30240.49,-1820580.99,0.0588,-1843.5,0.5,0.4806,safe_flat
sample_0654,-89.4815,-131.0539,31.39,47461.14,98480.56,-36501.04,30240.49,-1820580.99,0.0196,-1844.4,0.5,0.6463,shadowing_obscuration
sample_0655,-89.478,-127.3044,31.85,48466.33,99042.17,-36501.04,30240.49,-1820580.99,0.0275,-1845.4,0.4,0.2877,shadowing_obscuration
sample_0656,-89.495,-133.6805,31.02,46660.83,98176.33,-36501.04,30240.49,-1820580.99,0.0314,-1843.7,0.5,0.2877,shadowing_obscuration
sample_0657,-89.4932,-129.8829,31.48,47649.48,98648.72,-36501.04,30240.49,-1820580.99,0.0275,-1844.6,0.5,0.2877,shadowing_obscuration
sample_0658,-89.5078,-137.0281,30.56,45817.65,97716.58,-35856.47,30754.16,-1820579.87,0.0235,-1843.7,0.5,0.2877,shadowing_obscuration
sample_0659,-89.5076,-132.8668,31.07,46869.42,98193.82,-35856.47,30754.16,-1820579.87,0.0275,-1844.4,0.5,0.2877,shadowing_obscuration
sample_0660,-89.505,-128.9007,31.54,47877.14,98714.51,-35856.47,30754.16,-1820579.87,0.0275,-1845.4,0.4,0.2877,shadowing_obscuration
sample_0661,-89.5204,-135.8817,30.66,46020.58,97817.73,-35856.47,30754.16,-1820579.87,0.0235,-1843.8,0.5,0.2877,shadowing_obscuration
sample_0662,-89.5196,-131.738,31.15,47045.47,98228.28,-35856.47,30754.16,-1820579.87,0.0235,-1844.6,0.4,0.2877,shadowing_obscuration
sample_0663,-89.5166,-127.8144,31.61,48120.14,98828.25,-35211.89,31267.82,-1820578.38,0.0314,-1846.1,0.3,0.2877,shadowing_obscuration
sample_0664,-89.5333,-135.2569,30.69,46185.66,97913.52,-35211.89,31267.82,-1820578.38,0.0235,-1844.6,0.5,0.2877,shadowing_obscuration
sample_0665,-89.532,-130.9089,31.19,47227.56,98455.05,-35211.89,31267.82,-1820578.38,0.0235,-1845.4,0.4,0.2877,shadowing_obscuration
sample_0666,-89.527,-126.1814,31.76,48382.54,99033.71,-35211.89,31267.82,-1820578.38,0.1843,-1846.0,0.3,0.2877,safe_flat
sample_0667,-89.5458,-134.2089,30.75,46446.63,98036.87,-34567.31,31781.47,-1820576.52,0.0235,-1845.6,0.4,0.2877,shadowing_obscuration
sample_0668,-89.5439,-129.7962,31.27,47475.18,98565.98,-34567.31,31781.47,-1820576.52,0.0275,-1846.0,0.3,0.2877,shadowing_obscuration
sample_0669,-89.5584,-138.2279,30.24,45432.16,97546.28,-34567.31,31781.47,-1820576.52,0.0196,-1845.0,0.4,0.2877,shadowing_obscuration
sample_0670,-89.5586,-133.5006,30.77,46503.32,98058.9,-34567.31,31781.47,-1820576.52,0.0235,-1845.7,0.4,0.2877,shadowing_obscuration
sample_0671,-89.5548,-128.2071,31.39,47716.37,98686.09,-34567.31,31781.47,-1820576.52,0.3373,-1846.2,0.3,0.2877,safe_flat
sample_0672,-89.5715,-137.6395,30.26,45600.93,97511.15,-33922.71,32295.11,-1820574.29,0.0235,-1845.9,0.3,0.2877,shadowing_obscuration
sample_0673,-89.5713,-132.7119,30.8,46678.03,98173.76,-33922.71,32295.11,-1820574.29,0.0314,-1846.5,0.3,0.2877,shadowing_obscuration
sample_0674,-89.5658,-126.7317,31.51,48019.19,98780.19,-33922.71,32295.11,-1820574.29,0.1255,-1846.7,0.3,0.2877,safe_flat
sample_0675,-89.5844,-136.5995,30.33,45739.15,97656.37,-33922.71,32295.11,-1820574.29,0.0235,-1846.0,0.3,0.2877,shadowing_obscuration
sample_0676,-89.583,-131.2138,30.91,46895.18,98139.54,-33922.71,32295.11,-1820574.29,0.0275,-1846.6,0.3,0.2877,shadowing_obscuration
sample_0677,-89.5766,-125.207,31.62,48313.97,98991.03,-33278.11,32808.74,-1820571.69,0.3686,-1847.3,0.2,0.2877,safe_flat
sample_0678,-89.5973,-135.8442,30.36,45920.15,97742.8,-33278.11,32808.74,-1820571.69,0.0196,-1846.8,0.3,0.2877,shadowing_obscuration
sample_0679,-89.5945,-129.6754,31.04,47207.14,98293.69,-33278.11,32808.74,-1820571.69,0.0627,-1847.1,0.2,0.2877,safe_flat
sample_0680,-89.6087,-139.7555,29.93,45047.54,97241.15,-33278.11,32808.74,-1820571.69,0.0196,-1846.2,0.3,0.2877,shadowing_obscuration
sample_0681,-89.6096,-134.3188,30.47,46137.44,97783.51,-33278.11,32808.74,-1820571.69,0.0275,-1846.9,0.3,0.2877,shadowing_obscuration
sample_0682,-89.6054,-127.8705,31.19,47555.78,98577.45,-32633.5,33322.37,-1820568.73,0.3804,-1847.6,0.2,0.2877,safe_flat
sample_0683,-89.6219,-138.9313,29.98,45252.03,97446.76,-32633.5,33322.37,-1820568.73,0.0196,-1847.0,0.3,0.2877,shadowing_obscuration
sample_0684,-89.6217,-132.7033,30.61,46462.33,97963.63,-32633.5,33322.37,-1820568.73,0.0275,-1847.4,0.2,0.2877,shadowing_obscuration
sample_0685,-89.6148,-125.3786,31.41,47919.74,98656.47,-32633.5,33322.37,-1820568.73,0.3412,-1847.3,0.2,0.2877,safe_flat
sample_0686,-89.6349,-137.7397,30.07,45403.82,97459.38,-32633.5,33322.37,-1820568.73,0.0196,-1846.9,0.3,0.2877,shadowing_obscuration
sample_0687,-89.6332,-130.8201,30.77,46822.34,98154.03,-31988.88,33835.98,-1820565.39,0.0392,-1847.9,0.2,0.2877,shadowing_obscuration
sample_0688,-89.6242,-123.1092,31.6,48318.87,98957.92,-31988.88,33835.98,-1820565.39,0.4902,-1847.6,0.2,0.2877,safe_flat
sample_0689,-89.6474,-135.9063,30.22,45773.43,97602.09,-31988.88,33835.98,-1820565.39,0.0235,-1847.6,0.2,0.2877,shadowing_obscuration
sample_0690,-89.6432,-128.0498,31.01,47210.37,98409.59,-31988.88,33835.98,-1820565.39,0.7137,-1847.5,0.2,0.2877,boulder
sample_0691,-89.6587,-141.248,29.7,44743.58,97170.96,-31988.88,33835.98,-1820565.39,0.0196,-1847.0,0.3,0.2877,shadowing_obscuration
sample_0692,-89.66,-134.5585,30.3,46031.88,97779.48,-31344.25,34349.59,-1820561.68,0.1333,-1848.3,0.1,0.2877,safe_flat
sample_0693,-89.6538,-126.017,31.16,47550.72,98526.17,-31344.25,34349.59,-1820561.68,0.4235,-1847.9,0.2,0.2877,safe_flat
sample_0694,-89.6719,-139.7605,29.8,45054.52,97329.92,-31344.25,34349.59,-1820561.68,0.0235,-1847.9,0.2,0.2877,shadowing_obscuration
sample_0695,-89.672,-132.6829,30.42,46243.69,97933.58,-31344.25,34349.59,-1820561.68,0.3412,-1848.3,0.1,0.2877,safe_flat
sample_0696,-89.6637,-123.7038,31.32,47803.01,98637.99,-31344.25,34349.59,-1820561.68,0.4392,-1847.6,0.2,0.2877,safe_flat
sample_0697,-89.685,-138.2748,29.91,45347.27,97460.35,-30699.61,34863.19,-1820557.61,0.0275,-1848.5,0.1,0.2877,shadowing_obscuration
sample_0698,-89.6836,-130.556,30.57,46596.84,98030.55,-30699.61,34863.19,-1820557.61,0.3216,-1848.8,0.1,0.2877,safe_flat
sample_0699,-89.695,-142.911,29.54,44545.82,97093.27,-30699.61,34863.19,-1820557.61,0.0196,-1847.6,0.2,0.2877,shadowing_obscuration
sample_0700,-89.6977,-136.3327,30.06,45568.92,97538.16,-30699.61,34863.19,-1820557.61,0.3373,-1848.2,0.2,0.2877,safe_flat
sample_0701,-89.6937,-127.4973,30.82,46956.42,98218.06,-30699.61,34863.19,-1820557.61,0.4118,-1848.2,0.2,0.2877,safe_flat
sample_0702,-89.7085,-140.9998,29.7,44907.77,97279.79,-30054.97,35376.78,-1820553.16,0.0353,-1848.1,0.2,0.2877,shadowing_obscuration
sample_0703,-89.7093,-133.2384,30.3,46063.08,97799.68,-30054.97,35376.78,-1820553.16,0.4196,-1848.6,0.1,0.2877,safe_flat
sample_0704,-89.702,-123.7211,31.1,47516.78,98558.61,-30054.97,35376.78,-1820553.16,0.2745,-1848.5,0.1,0.2877,safe_flat
sample_0705,-89.7216,-138.7432,29.88,45167.2,97403.87,-30054.97,35376.78,-1820553.16,0.349,-1847.7,0.2,0.2877,safe_flat
sample_0706,-89.7202,-130.0715,30.54,46413.08,97869.55,-30054.97,35376.78,-1820553.16,0.3961,-1848.0,0.2,0.2877,safe_flat
sample_0707,-89.7111,-120.8285,31.28,47905.61,98721.72,-29410.32,35890.36,-1820548.35,0.102,-1848.9,0.1,0.2877,safe_flat
sample_0708,-89.7338,-135.1968,30.15,45704.69,97543.12,-29410.32,35890.36,-1820548.35,0.4157,-1848.0,0.2,0.2877,safe_flat
sample_0709,-89.7295,-126.0451,30.82,46965.39,98257.28,-29410.32,35890.36,-1820548.35,0.2353,-1848.3,0.1,0.2877,safe_flat
sample_0710,-89.745,-140.8423,29.77,44871.24,97156.78,-29410.32,35890.36,-1820548.35,0.298,-1847.0,0.2,0.2877,safe_flat
sample_0711,-89.7453,-132.0015,30.37,46024.21,97708.56,-29410.32,35890.36,-1820548.35,0.5176,-1847.5,0.2,0.2877,safe_flat
sample_0712,-89.739,-122.8689,31.0,47365.7,98400.22,-28765.66,36403.93,-1820543.17,0.2,-1848.7,0.1,0.2877,safe_flat
sample_0713,-89.7578,-137.2376,30.03,45382.52,97434.41,-28765.66,36403.93,-1820543.17,0.2745,-1847.4,0.2,0.2877,safe_flat
sample_0714,-89.7565,-129.0125,30.54,46399.53,97945.21,-28765.66,36403.93,-1820543.17,0.2314,-1847.9,0.2,0.2877,safe_flat
sample_0715,-89.7479,-119.6069,31.17,47618.67,98567.13,-28765.66,36403.93,-1820543.17,0.0392,-1848.3,0.1,0.2877,shadowing_obscuration
sample_0716,-89.7702,-134.5454,30.18,45742.37,97533.32,-28121.0,36917.5,-1820537.61,0.1059,-1847.9,0.2,0.2877,safe_flat
sample_0717,-89.7664,-125.3168,30.73,46835.98,98091.99,-28121.0,36917.5,-1820537.61,0.2196,-1848.5,0.1,0.2877,safe_flat
sample_0718,-89.7556,-115.9268,31.33,48025.07,98672.23,-28121.0,36917.5,-1820537.61,0.0314,-1849.0,0.1,0.2877,shadowing_obscuration
sample_0719,-89.7822,-131.8844,30.31,45926.64,97752.06,-28121.0,36917.5,-1820537.61,0.251,-1847.6,0.2,0.2877,safe_flat
sample_0720,-89.7768,-122.4084,30.84,47006.48,98193.25,-28121.0,36917.5,-1820537.61,0.0314,-1848.3,0.1,0.2877,shadowing_obscuration
sample_0721,-89.7944,-137.5897,30.0,45346.73,97333.21,-27476.32,37431.05,-1820531.69,0.2627,-1847.5,0.2,0.2877,safe_flat
sample_0722,-89.7932,-128.2604,30.47,46318.2,97932.08,-27476.32,37431.05,-1820531.69,0.2667,-1848.3,0.1,0.2877,safe_flat
sample_0723,-89.7854,-118.448,31.0,47393.74,98488.6,-27476.32,37431.05,-1820531.69,0.0275,-1849.0,0.1,0.2877,shadowing_obscuration
sample_0724,-89.807,-134.7495,30.13,45535.19,97456.87,-27476.32,37431.05,-1820531.69,0.2863,-1847.2,0.2,0.2877,safe_flat
sample_0725,-89.804,-124.9335,30.59,46508.05,97964.1,-27476.32,37431.05,-1820531.69,0.2431,-1848.1,0.2,0.2877,safe_flat
sample_0726,-89.7943,-114.9734,31.1,47695.26,98514.46,-26831.64,37944.6,-1820525.4,0.0275,-1849.7,0.0,0.2877,shadowing_obscuration
sample_0727,-89.8189,-131.3455,30.26,45873.01,97713.85,-26831.64,37944.6,-1820525.4,0.2588,-1847.9,0.2,0.2877,safe_flat
sample_0728,-89.8144,-121.5467,30.69,46794.3,98067.48,-26831.64,37944.6,-1820525.4,0.2039,-1848.8,0.1,0.2877,safe_flat
sample_0729,-89.8022,-111.1437,31.21,47867.26,98702.71,-26831.64,37944.6,-1820525.4,0.051,-1849.5,0.0,0.2877,safe_flat
sample_0730,-89.8303,-127.8054,30.38,46051.52,97798.12,-26831.64,37944.6,-1820525.4,0.2196,-1847.6,0.2,0.2877,safe_flat
sample_0731,-89.8231,-117.0348,30.83,47152.4,98342.28,-26186.96,38458.13,-1820518.74,0.1686,-1849.5,0.0,0.2877,safe_flat
sample_0732,-89.8437,-134.857,30.07,45479.24,97408.46,-26186.96,38458.13,-1820518.74,0.2941,-1847.6,0.2,0.2877,safe_flat
sample_0733,-89.8412,-123.9726,30.48,46345.95,97859.82,-26186.96,38458.13,-1820518.74,0.2353,-1848.4,0.1,0.2877,safe_flat
sample_0734,-89.8319,-112.9618,30.91,47296.46,98358.17,-26186.96,38458.13,-1820518.74,0.0824,-1849.4,0.0,0.2877,safe_flat
sample_0735,-89.8558,-131.0741,30.19,45646.76,97563.12,-26186.96,38458.13,-1820518.74,0.3137,-1847.3,0.2,0.2877,safe_flat
sample_0736,-89.8506,-118.9582,30.61,46695.11,97995.58,-25542.26,38971.66,-1820511.71,0.2588,-1849.1,0.1,0.2877,safe_flat
sample_0737,-89.8381,-107.4969,31.05,47665.28,98560.85,-25542.26,38971.66,-1820511.71,0.2902,-1849.8,0.0,0.2877,safe_flat
sample_0738,-89.8673,-126.8565,30.29,45936.34,97628.23,-25542.26,38971.66,-1820511.71,0.4353,-1848.0,0.2,0.2877,safe_flat
sample_0739,-89.8597,-114.1652,30.7,46836.76,98135.83,-25542.26,38971.66,-1820511.71,0.2275,-1849.0,0.1,0.2877,safe_flat
sample_0740,-89.8445,-102.4671,31.14,47818.31,98641.04,-25542.26,38971.66,-1820511.71,0.2039,-1849.9,0.0,0.2877,safe_flat
sample_0741,-89.8771,-120.8439,30.43,46294.84,97857.23,-24897.56,39485.17,-1820504.31,0.3373,-1848.7,0.1,0.2877,safe_flat
sample_0742,-89.8664,-107.8121,30.82,47190.15,98330.44,-24897.56,39485.17,-1820504.31,0.5059,-1849.9,0.0,0.2877,safe_flat
sample_0743,-89.8927,-130.7037,30.12,45551.22,97445.04,-24897.56,39485.17,-1820504.31,0.3216,-1847.5,0.2,0.2877,safe_flat
sample_0744,-89.8864,-114.9202,30.53,46446.71,97926.37,-24897.56,39485.17,-1820504.31,0.4706,-1848.5,0.1,0.2877,safe_flat
sample_0745,-89.8727,-101.7049,30.92,47341.28,98417.51,-24897.56,39485.17,-1820504.31,0.3804,-1849.6,0.0,0.2877,safe_flat
sample_0746,-89.9033,-123.3779,30.26,45917.78,97596.63,-24252.86,39998.68,-1820496.54,0.3686,-1848.2,0.1,0.2877,safe_flat
sample_0747,-89.8942,-107.9502,30.63,46740.82,98087.28,-24252.86,39998.68,-1820496.54,0.4784,-1849.2,0.1,0.2877,safe_flat
sample_0748,-89.8777,-95.1389,31.0,47617.4,98503.52,-24252.86,39998.68,-1820496.54,0.2824,-1849.5,0.0,0.2877,safe_flat
sample_0749,-89.9127,-115.5525,30.38,46087.25,97679.25,-24252.86,39998.68,-1820496.54,0.3098,-1847.9,0.2,0.2877,safe_flat
sample_0750,-89.8989,-99.1781,30.75,46957.96,98157.99,-24252.86,39998.68,-1820496.54,0.5294,-1849.2,0.1,0.2877,safe_flat
sample_0751,-89.9291,-127.9559,30.09,45530.27,97525.95,-23608.14,40512.18,-1820488.4,0.3216,-1847.8,0.2,0.2877,safe_flat
sample_0752,-89.9205,-106.4481,30.48,46377.78,97813.5,-23608.14,40512.18,-1820488.4,0.3373,-1848.6,0.1,0.2877,safe_flat
sample_0753,-89.9027,-90.5633,30.85,47246.86,98298.2,-23608.14,40512.18,-1820488.4,0.549,-1849.9,0.0,0.2877,safe_flat
sample_0754,-89.9394,-117.8028,30.2,45687.97,97568.56,-23608.14,40512.18,-1820488.4,0.3922,-1847.5,0.2,0.2877,safe_flat
sample_0755,-89.9246,-94.7751,30.59,46577.82,98039.99,-23608.14,40512.18,-1820488.4,0.4745,-1848.7,0.1,0.2877,safe_flat
sample_0756,-89.9028,-81.0449,30.96,47584.84,98438.32,-22963.42,41025.66,-1820479.9,0.4667,-1849.2,0.1,0.2877,safe_flat
sample_0757,-89.9479,-105.3344,30.27,45948.91,97647.13,-22963.42,41025.66,-1820479.9,0.4471,-1848.4,0.1,0.2877,safe_flat
sample_0758,-89.9282,-83.7413,30.65,46820.91,98094.47,-22963.42,41025.66,-1820479.9,0.4392,-1849.5,0.0,0.2877,safe_flat
sample_0759,-89.9022,-72.1686,31.04,47720.21,98491.29,-22963.42,41025.66,-1820479.9,0.5412,-1849.3,0.1,0.2877,safe_flat
sample_0760,-89.9514,-87.7146,30.37,46129.2,97709.55,-22963.42,41025.66,-1820479.9,0.4314,-1848.4,0.1,0.2877,safe_flat
sample_0761,-89.9283,-71.8123,30.73,47082.79,98281.6,-22318.7,41539.14,-1820471.02,0.5176,-1849.7,0.0,0.2877,safe_flat
sample_0762,-89.9769,-107.2494,30.0,45436.84,97439.87,-22318.7,41539.14,-1820471.02,0.3176,-1848.3,0.1,0.2877,safe_flat
sample_0763,-89.9516,-69.9021,30.45,46395.04,97922.51,-22318.7,41539.14,-1820471.02,0.5412,-1849.2,0.1,0.2877,safe_flat
sample_0764,-89.9229,-60.0687,30.83,47280.17,98287.46,-22318.7,41539.14,-1820471.02,0.6314,-1849.6,0.0,0.2877,safe_flat
sample_0765,-89.9755,-64.8033,30.15,45831.02,97672.98,-21673.97,42052.61,-1820461.77,0.2588,-1849.1,0.1,0.2877,safe_flat
sample_0766,-89.9473,-53.5109,30.53,46668.3,98003.1,-21673.97,42052.61,-1820461.77,0.4863,-1850.0,0.0,0.2877,safe_flat
sample_0767,-89.9172,-50.1652,30.91,47543.97,98413.39,-21673.97,42052.61,-1820461.77,0.5137,-1848.8,0.1,0.2877,safe_flat
sample_0768,-89.9669,-37.9272,30.27,46005.42,97625.01,-21673.97,42052.61,-1820461.77,0.2745,-1848.8,0.1,0.2877,safe_flat
sample_0769,-89.9373,-40.8837,30.64,46858.93,98134.52,-21673.97,42052.61,-1820461.77,0.5725,-1850.0,0.0,0.2877,safe_flat
sample_0770,-89.9073,-41.9754,31.01,47873.0,98566.75,-21029.23,42566.06,-1820452.16,0.6,-1847.9,0.2,0.2877,safe_flat
sample_0771,-89.956,-22.7047,30.34,46263.98,97870.05,-21029.23,42566.06,-1820452.16,0.4627,-1849.7,0.0,0.2877,safe_flat
sample_0772,-89.9274,-31.3779,30.72,47126.33,98184.48,-21029.23,42566.06,-1820452.16,0.6431,-1849.3,0.1,0.2877,safe_flat
sample_0773,-89.9709,4.5611,30.03,45583.73,97531.91,-21029.23,42566.06,-1820452.16,0.0235,-1848.9,0.1,0.2877,shadowing_obscuration
sample_0774,-89.9416,-15.1456,30.45,46440.92,97912.48,-21029.23,42566.06,-1820452.16,0.1882,-1849.5,0.0,0.2877,safe_flat
sample_0775,-89.9164,-24.1919,30.79,47380.99,98316.18,-20384.49,43079.51,-1820442.17,0.6667,-1848.4,0.1,0.2877,boulder
sample_0776,-89.9559,6.4076,30.13,45873.78,97666.25,-20384.49,43079.51,-1820442.17,0.0314,-1849.6,0.0,0.2877,shadowing_obscuration
sample_0777,-89.9289,-9.0693,30.51,46674.04,98050.67,-20384.49,43079.51,-1820442.17,0.6235,-1849.7,0.0,0.2877,safe_flat
sample_0778,-89.902,-19.5906,30.89,47568.42,98422.92,-20384.49,43079.51,-1820442.17,0.7137,-1848.4,0.1,0.2877,boulder
sample_0779,-89.9403,7.3173,30.22,46017.18,97646.46,-20384.49,43079.51,-1820442.17,0.2824,-1849.5,0.0,0.2877,safe_flat
sample_0780,-89.9151,-5.2045,30.58,46934.05,98111.11,-19739.74,43592.94,-1820431.82,0.4941,-1848.8,0.1,0.2877,safe_flat
sample_0781,-89.8887,-15.6581,30.98,47849.7,98565.75,-19739.74,43592.94,-1820431.82,0.7255,-1847.6,0.2,0.2877,boulder
sample_0782,-89.9264,9.4042,30.28,46236.91,97778.81,-19739.74,43592.94,-1820431.82,0.2196,-1849.8,0.0,0.2877,safe_flat
sample_0783,-89.8991,-3.6346,30.69,47121.89,98267.06,-19739.74,43592.94,-1820431.82,0.6078,-1848.9,0.1,0.2877,safe_flat
sample_0784,-89.9391,23.0665,30.03,45689.3,97539.74,-19739.74,43592.94,-1820431.82,0.0275,-1849.6,0.0,0.2877,shadowing_obscuration
sample_0785,-89.912,10.8027,30.35,46463.0,97943.82,-19094.98,44106.37,-1820421.1,0.0,-1849.1,0.1,0.2877,shadowing_obscuration
sample_0786,-89.8848,-1.545,30.77,47389.8,98293.95,-19094.98,44106.37,-1820421.1,0.0,-1848.1,0.2,0.2877,shadowing_obscuration
sample_0787,-89.9235,23.8803,30.07,45849.83,97576.32,-19094.98,44106.37,-1820421.1,0.0,-1849.8,0.0,0.2877,shadowing_obscuration
sample_0788,-89.8946,10.5704,30.45,46622.86,97988.74,-19094.98,44106.37,-1820421.1,0.0,-1849.2,0.1,0.2877,shadowing_obscuration
sample_0789,-89.8702,-97.3564,31.28,49229.18,99307.59,-19094.98,44106.37,-1820421.1,0.2,-1842.4,0.6,0.2877,safe_flat
sample_0790,-89.9072,24.0204,30.11,46032.92,97604.32,-18450.22,44619.78,-1820410.0,0.0,-1849.0,0.1,0.2877,shadowing_obscuration
sample_0791,-89.8795,11.4437,30.51,46854.49,98139.18,-18450.22,44619.78,-1820410.0,0.0,-1848.4,0.1,0.2877,shadowing_obscuration
sample_0792,-89.8535,45.1993,29.51,44495.32,96911.1,-18450.22,44619.78,-1820410.0,0.1674,-1848.0,0.2,0.2877,safe_flat
sample_0793,-89.8884,22.6865,30.2,46132.21,97723.5,-18450.22,44619.78,-1820410.0,0.0,-1849.4,0.0,0.2877,shadowing_obscuration
sample_0794,-89.8637,11.8366,30.59,46958.88,98119.04,-18450.22,44619.78,-1820410.0,0.0,-1848.7,0.1,0.2877,shadowing_obscuration
sample_0795,-89.8995,35.0319,29.88,45628.03,97547.85,-17805.46,45133.18,-1820398.54,0.0,-1848.9,0.1,0.2877,shadowing_obscuration
sample_0796,-89.8716,22.3185,30.26,46356.61,97772.2,-17805.46,45133.18,-1820398.54,0.0,-1848.7,0.1,0.2877,shadowing_obscuration
sample_0797,-89.8455,10.9716,30.72,47328.7,98250.12,-17805.46,45133.18,-1820398.54,0.1674,-1847.9,0.2,0.2877,safe_flat
sample_0798,-89.8798,33.0538,29.95,45657.47,97475.32,-17805.46,45133.18,-1820398.54,0.0,-1849.6,0.0,0.2877,shadowing_obscuration
sample_0799,-89.8553,22.2842,30.32,46395.63,97819.45,-17805.46,45133.18,-1820398.54,0.1674,-1849.1,0.1,0.2877,safe_flat
sample_0800,-89.8284,10.6129,30.84,47660.4,98415.21,-17160.69,45646.57,-1820386.71,0.1674,-1847.1,0.2,0.2877,safe_flat
sample_0801,-89.8629,32.631,29.98,45796.95,97516.73,-17160.69,45646.57,-1820386.71,0.1674,-1849.0,0.1,0.2877,safe_flat
sample_0802,-89.837,21.3846,30.4,46673.68,98039.65,-17160.69,45646.57,-1820386.71,0.1674,-1848.2,0.1,0.2877,safe_flat
sample_0803,-89.8708,43.2155,29.63,45121.39,97206.67,-17160.69,45646.57,-1820386.71,0.1674,-1849.3,0.1,0.2877,safe_flat
sample_0804,-89.8465,32.5482,29.99,45745.78,97507.52,-17160.69,45646.57,-1820386.71,0.1674,-1849.4,0.0,0.2877,safe_flat
sample_0805,-89.82,21.0591,30.47,46915.54,98113.24,-16515.91,46159.95,-1820374.51,0.1674,-1847.5,0.2,0.2877,safe_flat
sample_0806,-89.8539,42.7687,29.62,45178.76,97204.41,-16515.91,46159.95,-1820374.51,0.1674,-1848.8,0.1,0.2877,safe_flat
sample_0807,-89.8282,31.6433,30.04,45935.77,97544.51,-16515.91,46159.95,-1820374.51,0.1674,-1848.8,0.1,0.2877,safe_flat
sample_0808,-89.803,20.6365,30.56,47012.1,98082.42,-16515.91,46159.95,-1820374.51,0.1674,-1848.0,0.2,0.2877,safe_flat
sample_0809,-89.8375,42.6772,29.6,45034.62,97179.77,-16515.91,46159.95,-1820374.51,0.1674,-1849.5,0.0,0.2877,safe_flat
sample_0810,-89.8114,31.3691,30.06,46080.09,97741.67,-15871.13,46673.32,-1820361.94,0.1674,-1848.0,0.2,0.2877,safe_flat
sample_0811,-89.7842,19.3175,30.7,47382.63,98255.35,-15871.13,46673.32,-1820361.94,0.1674,-1847.2,0.2,0.2877,safe_flat
sample_0812,-89.8193,41.8,29.61,45131.78,97160.59,-15871.13,46673.32,-1820361.94,0.1674,-1848.9,0.1,0.2877,safe_flat
sample_0813,-89.7944,30.977,30.09,46074.85,97737.31,-15871.13,46673.32,-1820361.94,0.1674,-1848.4,0.1,0.2877,safe_flat
sample_0814,-89.8283,52.7195,29.14,44496.28,96834.81,-15226.35,47186.68,-1820349.0,0.1674,-1847.5,0.2,0.2877,safe_flat
sample_0815,-89.8026,41.5914,29.58,45190.42,97179.61,-15226.35,47186.68,-1820349.0,0.1674,-1848.2,0.2,0.2877,safe_flat
sample_0816,-89.7757,29.707,30.18,46347.47,97805.31,-15226.35,47186.68,-1820349.0,0.1674,-1847.7,0.2,0.2877,safe_flat
sample_0817,-89.8103,51.8935,29.11,44303.18,96794.71,-15226.35,47186.68,-1820349.0,0.1674,-1848.4,0.1,0.2877,safe_flat
sample_0818,-89.7857,41.2562,29.56,45079.86,97200.87,-15226.35,47186.68,-1820349.0,0.1674,-1848.6,0.1,0.2877,safe_flat
sample_0819,-89.7589,29.4378,30.2,46517.24,97958.76,-14581.56,47700.03,-1820335.69,0.1674,-1846.8,0.3,0.2877,safe_flat
sample_0820,-89.7937,51.7554,29.04,44278.08,96819.04,-14581.56,47700.03,-1820335.69,0.1674,-1847.7,0.2,0.2877,safe_flat
sample_0821,-89.7671,40.0466,29.59,45250.19,97214.89,-14581.56,47700.03,-1820335.69,0.1674,-1847.9,0.2,0.2877,safe_flat
sample_0822,-89.742,29.1368,30.25,46528.45,97972.35,-14581.56,47700.03,-1820335.69,0.1674,-1847.3,0.2,0.2877,safe_flat
sample_0823,-89.7769,51.4815,28.98,44069.36,96719.34,-14581.56,47700.03,-1820335.69,0.1674,-1848.4,0.1,0.2877,safe_flat
sample_0824,-89.7504,39.8266,29.56,45328.57,97313.02,-13936.76,48213.37,-1820322.01,0.1674,-1847.0,0.3,0.2877,safe_flat
sample_0825,-89.7846,61.8559,28.36,43404.32,96365.87,-13936.76,48213.37,-1820322.01,0.1674,-1845.5,0.4,0.2877,safe_flat
sample_0826,-89.7584,50.3234,28.95,44142.12,96655.52,-13936.76,48213.37,-1820322.01,0.1674,-1847.6,0.2,0.2877,safe_flat
sample_0827,-89.7335,39.5686,29.55,45234.46,97275.39,-13936.76,48213.37,-1820322.01,0.1674,-1847.5,0.2,0.2877,safe_flat
sample_0828,-89.7679,61.6288,28.27,43103.66,96254.77,-13936.76,48213.37,-1820322.01,0.1674,-1846.4,0.3,0.2877,safe_flat
sample_0829,-89.7417,50.1364,28.88,44138.05,96678.14,-13291.97,48726.69,-1820307.96,0.1674,-1846.7,0.3,0.2877,safe_flat
sample_0830,-89.7148,38.2715,29.62,45464.9,97366.54,-13291.97,48726.69,-1820307.96,0.1674,-1846.8,0.3,0.2877,safe_flat
sample_0831,-89.7495,60.5123,28.24,43083.9,96260.61,-13291.97,48726.69,-1820307.96,0.1674,-1846.2,0.3,0.2877,safe_flat
sample_0832,-89.725,49.912,28.81,43942.59,96630.47,-13291.97,48726.69,-1820307.96,0.1674,-1847.2,0.2,0.2877,safe_flat
sample_0833,-89.6978,37.9354,29.63,45403.36,97385.97,-13291.97,48726.69,-1820307.96,0.1674,-1847.3,0.2,0.2877,safe_flat
sample_0834,-89.7329,60.3559,28.14,43010.6,96229.35,-12647.16,49240.0,-1820293.55,0.1674,-1845.4,0.4,0.2877,safe_flat
sample_0835,-89.7063,48.6636,28.82,44067.37,96678.06,-12647.16,49240.0,-1820293.55,0.1674,-1846.5,0.3,0.2877,safe_flat
sample_0836,-89.7422,71.5327,27.29,42112.66,95772.49,-12647.16,49240.0,-1820293.55,0.1674,-1841.4,0.7,0.2877,safe_flat
sample_0837,-89.7162,60.1683,28.03,42723.49,95975.92,-12647.16,49240.0,-1820293.55,0.1674,-1846.1,0.3,0.2877,safe_flat
sample_0838,-89.6894,48.3626,28.77,43900.85,96620.38,-12647.16,49240.0,-1820293.55,0.1674,-1847.0,0.3,0.2877,safe_flat
sample_0839,-89.7239,70.4919,27.22,42024.76,95701.15,-12002.36,49753.3,-1820278.76,0.1674,-1841.1,0.7,0.2877,safe_flat
sample_0840,-89.6976,58.9746,27.98,42747.76,96028.19,-12002.36,49753.3,-1820278.76,0.1674,-1845.3,0.4,0.2877,safe_flat
sample_0841,-89.6725,48.0549,28.72,43931.65,96686.39,-12002.36,49753.3,-1820278.76,0.1674,-1846.2,0.3,0.2877,safe_flat
sample_0842,-89.7073,70.3457,27.1,41651.73,95516.5,-12002.36,49753.3,-1820278.76,0.1674,-1842.3,0.6,0.2877,safe_flat
sample_0843,-89.6808,58.7141,27.87,42478.69,95976.21,-12002.36,49753.3,-1820278.76,0.1674,-1845.8,0.3,0.2877,safe_flat
sample_0844,-89.6537,46.7382,28.75,44121.78,96620.7,-11357.55,50266.59,-1820263.6,0.1674,-1845.2,0.4,0.2877,safe_flat
sample_0845,-89.6889,69.2092,27.06,41590.48,95567.2,-11357.55,50266.59,-1820263.6,0.1674,-1842.2,0.7,0.2877,safe_flat
sample_0846,-89.664,58.4462,27.74,42434.09,95912.63,-11357.55,50266.59,-1820263.6,0.1674,-1844.5,0.5,0.2877,safe_flat
sample_0847,-89.6983,80.4463,26.12,40810.75,95224.16,-11357.55,50266.59,-1820263.6,0.1674,-1836.3,1.1,0.2877,safe_flat
sample_0848,-89.6721,68.9899,26.94,41234.8,95267.72,-11357.55,50266.59,-1820263.6,0.1674,-1843.2,0.6,0.2877,safe_flat
sample_0849,-89.6453,57.1828,27.71,42512.94,95930.44,-10712.73,50779.87,-1820248.08,0.1674,-1843.6,0.5,0.2877,safe_flat
sample_0850,-89.6817,80.2996,25.96,40660.37,95068.94,-10712.73,50779.87,-1820248.08,0.1674,-1835.4,1.2,0.2877,safe_flat
sample_0851,-89.6554,68.762,26.8,41125.14,95364.27,-10712.73,50779.87,-1820248.08,0.1674,-1842.2,0.6,0.2877,safe_flat
sample_0852,-89.6284,56.8687,27.61,42273.27,95779.23,-10712.73,50779.87,-1820248.08,0.1674,-1844.1,0.5,0.2877,safe_flat
sample_0853,-89.6633,79.1878,25.88,40253.14,94949.82,-10712.73,50779.87,-1820248.08,0.1674,-1837.3,1.1,0.2877,safe_flat
sample_0854,-89.6368,67.551,26.72,41110.74,95218.17,-10067.92,51293.13,-1820232.18,0.1674,-1841.4,0.7,0.2877,safe_flat
sample_0855,-89.6114,56.5334,27.52,42253.78,95853.62,-10067.92,51293.13,-1820232.18,0.1674,-1843.1,0.6,0.2877,safe_flat
sample_0856,-89.6466,78.9985,25.73,40108.99,94884.27,-10067.92,51293.13,-1820232.18,0.1674,-1836.5,1.1,0.2877,safe_flat
sample_0857,-89.6199,67.2753,26.57,40766.03,95202.64,-10067.92,51293.13,-1820232.18,0.1674,-1842.0,0.7,0.2877,safe_flat
sample_0858,-89.6543,89.3043,24.9,39963.04,94768.95,-9423.09,51806.39,-1820215.92,0.1674,-1827.5,1.9,0.2877,safe_flat
sample_0859,-89.6281,77.8392,25.67,40014.71,94776.68,-9423.09,51806.39,-1820215.92,0.1674,-1836.4,1.1,0.2877,safe_flat
sample_0860,-89.603,66.9779,26.43,40682.9,95155.95,-9423.09,51806.39,-1820215.92,0.1674,-1840.8,0.8,0.2877,safe_flat
sample_0861,-89.6377,89.154,24.73,39483.34,94508.14,-9423.09,51806.39,-1820215.92,0.1674,-1828.8,1.8,0.2877,safe_flat
sample_0862,-89.6113,77.6027,25.53,39592.07,94608.54,-9423.09,51806.39,-1820215.92,0.1674,-1837.7,1.0,0.2877,safe_flat
sample_0863,-89.5843,65.6739,26.37,40719.52,95093.03,-8778.27,52319.63,-1820199.29,0.1674,-1839.9,0.8,0.2877,safe_flat
sample_0864,-89.621,88.9871,24.56,39337.65,94494.52,-8778.27,52319.63,-1820199.29,0.1674,-1827.8,1.8,0.2877,safe_flat
sample_0865,-89.5945,77.3444,25.39,39467.3,94557.77,-8778.27,52319.63,-1820199.29,0.1674,-1836.8,1.1,0.2877,safe_flat
sample_0866,-89.6286,99.2282,23.96,39318.89,94466.86,-8778.27,52319.63,-1820199.29,0.1674,-1820.7,2.4,0.2877,safe_flat
sample_0867,-89.6026,87.8507,24.46,38854.89,94331.58,-8778.27,52319.63,-1820199.29,0.1674,-1830.0,1.7,0.2877,safe_flat
sample_0868,-89.5758,76.0918,25.29,39407.38,94562.66,-8133.44,52832.85,-1820182.28,0.1674,-1836.0,1.2,0.2877,safe_flat
sample_0869,-89.612,99.1018,23.77,39203.03,94362.12,-8133.44,52832.85,-1820182.28,0.1674,-1819.3,2.6,0.2877,safe_flat
sample_0870,-89.5858,87.6322,24.31,38720.65,94139.07,-8133.44,52832.85,-1820182.28,0.1674,-1829.2,1.7,0.2877,safe_flat
sample_0871,-89.5589,75.7902,25.12,39000.76,94354.2,-8133.44,52832.85,-1820182.28,0.1674,-1836.9,1.1,0.2877,safe_flat
sample_0872,-89.5936,98.0195,23.62,38644.34,94217.09,-8133.44,52832.85,-1820182.28,0.1674,-1821.4,2.4,0.2877,safe_flat
sample_0873,-89.5672,86.4325,24.23,38594.93,94129.81,-7488.61,53346.07,-1820164.91,0.1674,-1829.1,1.7,0.2877,safe_flat
sample_0874,-89.542,75.4692,24.95,38897.94,94299.12,-7488.61,53346.07,-1820164.91,0.1674,-1835.5,1.2,0.2877,safe_flat
sample_0875,-89.577,97.8413,23.45,38534.05,94205.22,-7488.61,53346.07,-1820164.91,0.1674,-1820.1,2.5,0.2877,safe_flat
sample_0876,-89.5504,86.17,24.08,38119.8,94006.74,-7488.61,53346.07,-1820164.91,0.1674,-1830.6,1.6,0.2877,safe_flat
sample_0877,-89.5846,108.1079,23.13,39025.24,94303.93,-7488.61,53346.07,-1820164.91,0.1674,-1812.8,3.1,0.2877,safe_flat
sample_0878,-89.5585,96.6945,23.32,38380.65,94030.67,-6843.78,53859.27,-1820147.17,0.1674,-1819.6,2.5,0.2877,safe_flat
sample_0879,-89.5336,85.8878,23.94,38001.45,93972.96,-6843.78,53859.27,-1820147.17,0.1674,-1829.8,1.7,0.2877,safe_flat
sample_0880,-89.568,107.9703,22.96,38970.75,94356.56,-6843.78,53859.27,-1820147.17,0.1674,-1811.1,3.2,0.2877,safe_flat
sample_0881,-89.5418,96.4715,23.15,37874.0,93885.37,-6843.78,53859.27,-1820147.17,0.1674,-1821.2,2.4,0.2877,safe_flat
sample_0882,-89.5148,84.6016,23.81,37550.31,93676.17,-6843.78,53859.27,-1820147.17,0.1674,-1831.4,1.5,0.2877,safe_flat
sample_0883,-89.5514,107.8128,22.8,38929.67,94367.32,-6198.94,54372.46,-1820129.06,0.1674,-1809.5,3.4,0.2877,safe_flat
sample_0884,-89.525,96.2286,22.99,37775.54,93859.98,-6198.94,54372.46,-1820129.06,0.1674,-1820.0,2.5,0.2877,safe_flat
sample_0885,-89.4979,84.2737,23.6,37441.19,93604.43,-6198.94,54372.46,-1820129.06,0.1674,-1829.7,1.7,0.2877,safe_flat
sample_0886,-89.533,106.6936,22.64,38322.77,94080.2,-6198.94,54372.46,-1820129.06,0.1674,-1811.9,3.2,0.2877,safe_flat
sample_0887,-89.5063,94.9943,22.87,37218.3,93535.45,-6198.94,54372.46,-1820129.06,0.1674,-1822.5,2.3,0.2877,safe_flat
sample_0888,-89.5423,117.9011,22.8,40082.74,94832.05,-5554.1,54885.64,-1820110.58,0.1674,-1801.4,4.1,0.2877,safe_flat
sample_0889,-89.5162,106.4903,22.48,38281.97,94071.04,-5554.1,54885.64,-1820110.58,0.1674,-1810.2,3.3,0.2877,safe_flat
sample_0890,-89.4895,94.7049,22.71,37125.3,93559.6,-5554.1,54885.64,-1820110.58,0.1674,-1821.3,2.4,0.2877,safe_flat
sample_0891,-89.524,116.8357,22.63,39472.54,94483.97,-5554.1,54885.64,-1820110.58,0.1674,-1803.6,3.9,0.2877,safe_flat
sample_0892,-89.4977,105.3087,22.33,37666.52,93685.35,-5554.1,54885.64,-1820110.58,0.1674,-1812.8,3.1,0.2877,safe_flat
sample_0893,-89.4726,94.3963,22.55,37042.56,93423.47,-4909.26,55398.81,-1820091.73,0.1674,-1819.9,2.5,0.2877,safe_flat
sample_0894,-89.5074,116.6725,22.51,39525.71,94555.76,-4909.26,55398.81,-1820091.73,0.1674,-1801.8,4.0,0.2877,safe_flat
sample_0895,-89.4809,105.0588,22.18,37629.48,93695.88,-4909.26,55398.81,-1820091.73,0.1674,-1811.3,3.2,0.2877,safe_flat
sample_0896,-89.4538,93.076,22.39,36483.64,93296.0,-4909.26,55398.81,-1820091.73,0.1674,-1822.0,2.3,0.2877,safe_flat
sample_0897,-89.4907,116.4888,22.39,39061.64,94370.24,-4909.26,55398.81,-1820091.73,0.1674,-1803.6,3.9,0.2877,safe_flat
sample_0898,-89.4641,104.789,22.02,37604.1,93642.91,-4264.41,55911.96,-1820072.51,0.1674,-1809.5,3.4,0.2877,safe_flat
sample_0899,-89.4983,126.7743,23.1,41429.29,95464.58,-4264.41,55911.96,-1820072.51,0.1674,-1795.6,4.5,0.2877,safe_flat
sample_0900,-89.4722,115.3336,22.22,38944.82,94348.96,-4264.41,55911.96,-1820072.51,0.1674,-1802.4,4.0,0.2877,safe_flat
sample_0901,-89.4454,103.5201,21.87,36962.98,93488.55,-4264.41,55911.96,-1820072.51,0.1674,-1812.3,3.1,0.2877,safe_flat
sample_0902,-89.4817,126.631,23.02,41040.26,95285.86,-4264.41,55911.96,-1820072.51,0.1674,-1797.3,4.4,0.2877,safe_flat
sample_0903,-89.4554,115.1035,22.1,39009.12,94356.38,-3619.56,56425.1,-1820052.92,0.1674,-1800.5,4.1,0.2877,safe_flat
sample_0904,-89.4284,103.2052,21.72,36934.38,93409.95,-3619.56,56425.1,-1820052.92,0.1674,-1810.7,3.3,0.2877,safe_flat
sample_0905,-89.4633,125.5293,22.85,40997.03,95197.49,-3619.56,56425.1,-1820052.92,0.1674,-1795.6,4.5,0.2877,safe_flat
sample_0906,-89.4368,113.887,21.92,38346.13,93953.92,-3619.56,56425.1,-1820052.92,0.1674,-1803.0,3.9,0.2877,safe_flat
sample_0907,-89.4115,102.871,21.57,36916.88,93359.2,-2974.71,56938.22,-1820032.97,0.1674,-1809.0,3.4,0.2877,safe_flat
sample_0908,-89.4466,125.3389,22.78,41176.62,95287.14,-2974.71,56938.22,-1820032.97,0.1674,-1793.5,4.7,0.2877,safe_flat
sample_0909,-89.42,113.6108,21.8,38407.83,94079.75,-2974.71,56938.22,-1820032.97,0.1674,-1801.1,4.1,0.2877,safe_flat
sample_0910,-89.4543,135.6446,24.1,43653.64,96430.9,-2974.71,56938.22,-1820032.97,0.1674,-1792.4,4.8,0.3545,safe_flat
sample_0911,-89.4299,125.1287,22.71,40776.07,95065.77,-2974.71,56938.22,-1820032.97,0.1674,-1795.4,4.6,0.2877,safe_flat
sample_0912,-89.4031,113.3151,21.68,38478.41,94103.85,-2329.86,57451.33,-1820012.64,0.1674,-1799.1,4.2,0.2877,safe_flat
sample_0913,-89.4377,135.4945,24.1,43961.76,96533.87,-2329.86,57451.33,-1820012.64,0.1674,-1790.3,5.0,0.2149,safe_flat
sample_0914,-89.4114,123.9384,22.53,40714.48,95062.89,-2329.86,57451.33,-1820012.64,0.1674,-1793.6,4.7,0.2877,safe_flat
sample_0915,-89.3843,112.0119,21.49,37777.6,93758.69,-2329.86,57451.33,-1820012.64,0.1674,-1801.9,4.0,0.2877,safe_flat
sample_0916,-89.4211,135.3243,24.1,43655.93,96418.3,-2329.86,57451.33,-1820012.64,0.1674,-1792.3,4.8,0.3031,safe_flat
sample_0917,-89.3946,123.682,22.46,40900.95,95160.89,-1685.01,57964.43,-1819991.94,0.1674,-1791.5,4.9,0.2877,safe_flat
sample_0918,-89.4286,145.5692,25.9,47202.63,98070.43,-1685.01,57964.43,-1819991.94,0.1674,-1790.4,5.0,0.3522,safe_flat
sample_0919,-89.4026,134.187,23.95,43689.14,96376.98,-1685.01,57964.43,-1819991.94,0.1674,-1790.3,5.0,0.1391,safe_flat
sample_0920,-89.3759,122.4303,22.28,40212.61,94877.79,-1685.01,57964.43,-1819991.94,0.1674,-1794.1,4.7,0.2877,safe_flat
sample_0921,-89.4121,145.4396,25.98,47004.77,97983.32,-1685.01,57964.43,-1819991.94,0.1674,-1792.6,4.8,0.276,safe_flat
sample_0922,-89.3859,133.9701,23.95,44002.54,96566.13,-1040.15,58477.52,-1819970.88,0.1674,-1788.2,5.2,0.2132,safe_flat
sample_0923,-89.359,122.1282,22.2,40396.25,94832.05,-1040.15,58477.52,-1819970.88,0.1674,-1791.9,4.8,0.2877,safe_flat
sample_0924,-89.3937,144.356,25.88,47148.72,98062.14,-1040.15,58477.52,-1819970.88,0.1674,-1790.5,5.0,0.1625,safe_flat
sample_0925,-89.3691,133.7333,23.95,43679.14,96421.96,-1040.15,58477.52,-1819970.88,0.1674,-1790.3,5.0,0.2073,safe_flat
sample_0926,-89.3421,121.8069,22.13,39955.28,94778.24,-1040.15,58477.52,-1819970.88,0.1674,-1794.1,4.7,0.2877,safe_flat
sample_0927,-89.377,144.179,25.95,47588.44,98363.91,-395.3,58990.59,-1819949.44,0.1674,-1788.4,5.1,0.2153,safe_flat
sample_0928,-89.3505,132.508,23.78,43683.63,96400.79,-395.3,58990.59,-1819949.44,0.1674,-1788.2,5.1,0.5162,safe_flat
sample_0929,-89.3846,154.4443,28.07,50919.31,100041.86,-395.3,58990.59,-1819949.44,0.1674,-1792.6,4.8,0.149,safe_flat
sample_0930,-89.3603,143.9819,26.02,47374.59,98257.31,-395.3,58990.59,-1819949.44,0.1674,-1790.6,4.9,0.1101,safe_flat
sample_0931,-89.3336,132.2252,23.77,43339.43,96302.33,-395.3,58990.59,-1819949.44,0.1674,-1790.4,5.0,0.178,safe_flat
sample_0932,-89.368,154.3077,28.14,51486.03,100310.11,249.56,59503.65,-1819927.64,0.1674,-1789.9,5.0,0.2943,safe_flat
sample_0933,-89.3418,142.8093,25.88,47493.02,98198.23,249.56,59503.65,-1819927.64,0.1674,-1788.2,5.1,0.0848,safe_flat
sample_0934,-89.3149,130.9391,23.57,43315.64,96224.45,249.56,59503.65,-1819927.64,0.1674,-1788.2,5.1,0.2287,safe_flat
sample_0935,-89.3514,154.1509,28.19,51380.23,100355.78,249.56,59503.65,-1819927.64,0.1674,-1791.1,4.9,0.3385,safe_flat
sample_0936,-89.325,142.566,25.88,47257.16,98191.19,249.56,59503.65,-1819927.64,0.1674,-1789.7,5.0,0.3877,safe_flat
sample_0937,-89.2979,130.6114,23.52,43615.37,96443.27,894.42,60016.69,-1819905.47,0.1674,-1785.5,5.4,0.1576,safe_flat
sample_0938,-89.333,153.0314,28.04,51619.94,100365.62,894.42,60016.69,-1819905.47,0.1674,-1787.9,5.2,0.2053,safe_flat
sample_0939,-89.3064,141.3318,25.65,47339.92,98252.89,894.42,60016.69,-1819905.47,0.1674,-1786.4,5.3,0.9828,safe_flat
sample_0940,-89.3424,164.2392,30.3,55536.53,102586.53,894.42,60016.69,-1819905.47,0.1674,-1791.1,4.9,0.2241,safe_flat
sample_0941,-89.3163,152.8278,28.11,51496.79,100398.24,894.42,60016.69,-1819905.47,0.1674,-1789.4,5.0,0.1531,safe_flat
sample_0942,-89.2895,141.0426,25.62,47773.59,98399.63,1539.29,60529.72,-1819882.92,0.1674,-1783.2,5.6,0.2293,safe_flat
sample_0943,-89.324,163.1736,30.25,55896.4,102775.72,1539.29,60529.72,-1819882.92,0.1674,-1788.3,5.1,0.3208,safe_flat
sample_0944,-89.2995,152.6042,28.16,52062.69,100613.86,1539.29,60529.72,-1819882.92,0.1674,-1786.5,5.3,0.2058,safe_flat
sample_0945,-89.2726,140.7341,25.61,47514.48,98322.75,1539.29,60529.72,-1819882.92,0.1674,-1784.8,5.4,0.1571,safe_flat
sample_0946,-89.3074,163.0101,30.38,55881.88,102864.27,1539.29,60529.72,-1819882.92,0.1674,-1790.0,5.0,0.1596,safe_flat
sample_0947,-89.281,151.3965,28.01,52256.27,100821.47,2184.15,61042.74,-1819860.01,0.1674,-1783.5,5.5,0.0775,safe_flat
sample_0948,-89.2538,139.4137,25.38,47556.25,98230.2,2184.15,61042.74,-1819860.01,0.1674,-1781.7,5.7,0.413,safe_flat
sample_0949,-89.2907,162.8264,30.5,56563.7,103120.24,2184.15,61042.74,-1819860.01,0.1674,-1787.4,5.2,0.1352,safe_flat
sample_0950,-89.2641,151.1267,28.07,52114.87,100673.69,2184.15,61042.74,-1819860.01,0.1674,-1785.1,5.4,0.1401,safe_flat
sample_0951,-89.2984,173.1119,32.58,60277.42,105344.42,2184.15,61042.74,-1819860.01,0.1674,-1790.9,4.9,0.1503,safe_flat
sample_0952,-89.2722,161.6714,30.44,56885.22,103332.74,2829.01,61555.74,-1819836.73,0.1674,-1784.8,5.4,0.2155,safe_flat
sample_0953,-89.2454,149.8578,27.88,52272.49,100819.93,2829.01,61555.74,-1819836.73,0.1674,-1781.8,5.7,0.1809,safe_flat
sample_0954,-89.2818,172.9686,32.77,61057.74,105764.41,2829.01,61555.74,-1819836.73,0.1674,-1788.8,5.1,0.147,safe_flat
sample_0955,-89.2555,161.4412,30.57,56850.62,103349.78,2829.01,61555.74,-1819836.73,0.1674,-1786.5,5.3,0.2232,safe_flat
sample_0956,-89.2285,149.5429,27.93,52816.49,101080.66,3473.88,62068.72,-1819813.08,0.1674,-1779.0,5.9,0.1106,safe_flat
sample_0957,-89.2634,171.867,32.77,61501.98,106087.94,3473.88,62068.72,-1819813.08,0.1674,-1786.3,5.3,0.1995,safe_flat
sample_0958,-89.2387,161.1915,30.71,57516.2,103786.84,3473.88,62068.72,-1819813.08,0.1674,-1784.3,5.5,0.121,safe_flat
sample_0959,-89.2115,149.2086,27.96,52641.93,101018.47,3473.88,62068.72,-1819813.08,0.1674,-1780.5,5.8,0.2055,safe_flat
sample_0960,-89.2467,171.6766,32.95,61574.19,106099.76,3473.88,62068.72,-1819813.08,0.1674,-1788.0,5.2,0.1694,safe_flat
sample_0961,-89.22,159.9484,30.62,57793.93,103938.99,4118.74,62581.7,-1819789.06,0.1674,-1781.5,5.7,0.1658,safe_flat
sample_0962,-89.2544,-178.0177,35.03,65993.33,108865.92,4118.74,62581.7,-1819789.06,0.1674,-1789.0,5.1,0.09,safe_flat
sample_0963,-89.23,171.4663,33.13,62341.31,106636.39,4118.74,62581.7,-1819789.06,0.1674,-1785.9,5.3,0.304,safe_flat
sample_0964,-89.2031,159.6527,30.73,57735.08,103858.76,4118.74,62581.7,-1819789.06,0.1674,-1783.2,5.6,0.3345,safe_flat
sample_0965,-89.2378,-178.1678,35.26,66155.99,109014.44,4118.74,62581.7,-1819789.06,0.1674,-1790.8,4.9,0.2853,safe_flat
sample_0966,-89.2114,170.276,33.12,62747.67,106865.95,4763.61,63094.66,-1819764.67,0.1674,-1783.5,5.5,0.1589,safe_flat
sample_0967,-89.1844,158.3496,30.58,57973.05,103944.23,4763.61,63094.66,-1819764.67,0.1674,-1780.0,5.8,0.1737,safe_flat
sample_0968,-89.2211,-178.3381,35.5,67016.99,109559.48,4763.61,63094.66,-1819764.67,0.1674,-1789.2,5.1,0.6336,safe_flat
sample_0969,-89.1946,170.0196,33.3,62794.19,106863.83,4763.61,63094.66,-1819764.67,0.1674,-1785.4,5.4,0.1962,safe_flat
sample_0970,-89.2287,-168.0931,37.43,70509.89,111810.36,4763.61,63094.66,-1819764.67,0.1674,-1794.4,4.6,0.204,safe_flat
sample_0971,-89.2027,-179.4754,35.55,67547.24,109844.4,5408.48,63607.6,-1819739.91,0.1674,-1787.0,5.3,0.3903,safe_flat
sample_0972,-89.1778,169.7433,33.48,63552.25,107275.05,5408.48,63607.6,-1819739.91,0.1674,-1783.4,5.5,0.1442,safe_flat
sample_0973,-89.2121,-168.2228,37.66,71448.65,112394.05,5408.48,63607.6,-1819739.91,0.1674,-1792.5,4.8,0.1792,safe_flat
sample_0974,-89.1859,-179.6923,35.75,67687.0,109998.34,5408.48,63607.6,-1819739.91,0.1674,-1788.7,5.1,0.2156,safe_flat
sample_0975,-89.159,168.4658,33.44,63178.68,107175.08,5408.48,63607.6,-1819739.91,0.1674,-1785.0,5.4,0.1574,safe_flat
sample_0976,-89.1937,-169.3064,37.73,72089.97,112884.08,6053.34,64120.53,-1819714.78,0.1674,-1790.1,5.0,0.3003,safe_flat
sample_0977,-89.1692,-179.929,35.96,68536.89,110491.26,6053.34,64120.53,-1819714.78,0.1674,-1786.8,5.3,0.1344,safe_flat
sample_0978,-89.1421,168.1445,33.6,63917.0,107626.25,6053.34,64120.53,-1819714.78,0.1674,-1782.8,5.6,0.303,safe_flat
sample_0979,-89.1771,-169.4834,37.96,72319.02,113005.25,6053.34,64120.53,-1819714.78,0.1674,-1791.7,4.9,0.3161,safe_flat
sample_0980,-89.1505,178.8456,35.98,68303.81,110339.53,6053.34,64120.53,-1819714.78,0.1674,-1788.2,5.1,0.4476,safe_flat
sample_0981,-89.1847,-159.2181,39.93,76299.66,115736.22,6698.21,64633.44,-1819689.29,0.1674,-1796.2,4.5,0.2157,safe_flat
sample_0982,-89.1604,-169.6804,38.19,73248.0,113589.32,6698.21,64633.44,-1819689.29,0.1674,-1790.0,5.0,0.1806,safe_flat
sample_0983,-89.1337,178.5628,36.17,69132.24,110944.44,6698.21,64633.44,-1819689.29,0.1674,-1786.2,5.3,0.2422,safe_flat
sample_0984,-89.1681,-159.3547,40.16,76601.15,115980.02,6698.21,64633.44,-1819689.29,0.1674,-1797.6,4.4,0.2623,safe_flat
sample_0985,-89.1419,-170.8531,38.26,73143.48,113524.55,6698.21,64633.44,-1819689.29,0.1674,-1791.3,4.9,0.3068,safe_flat
sample_0986,-89.1168,178.2607,36.36,69965.38,111432.42,7343.08,65146.34,-1819663.42,0.1674,-1784.2,5.5,0.1958,safe_flat
sample_0987,-89.1515,-159.5115,40.4,77597.13,116586.08,7343.08,65146.34,-1819663.42,0.1674,-1795.8,4.5,0.4408,safe_flat
sample_0988,-89.1251,-171.0964,38.48,74055.65,114179.48,7343.08,65146.34,-1819663.42,0.1674,-1789.5,5.0,0.3599,safe_flat
sample_0989,-89.098,176.949,36.33,69667.16,111271.23,7343.08,65146.34,-1819663.42,0.1674,-1785.4,5.4,0.1584,safe_flat
sample_0990,-89.1331,-160.631,40.47,77617.65,116582.85,7343.08,65146.34,-1819663.42,0.1674,-1796.6,4.5,0.3266,safe_flat
sample_0991,-89.1083,-171.3595,38.68,74970.39,114750.31,7987.95,65659.23,-1819637.18,0.1674,-1787.5,5.2,0.2124,safe_flat
sample_0992,-89.1424,-149.4232,42.23,81523.64,119358.71,7987.95,65659.23,-1819637.18,0.1674,-1800.0,4.2,0.2727,safe_flat
sample_0993,-89.1163,-160.8346,40.68,78596.8,117338.19,7987.95,65659.23,-1819637.18,0.1674,-1794.5,4.6,0.3795,safe_flat
sample_0994,-89.0896,-172.6198,38.7,74809.7,114668.87,7987.95,65659.23,-1819637.18,0.1674,-1788.5,5.1,0.2495,safe_flat
sample_0995,-89.1241,-150.4888,42.4,81655.34,119496.95,7987.95,65659.23,-1819637.18,0.1674,-1801.5,4.0,0.3156,safe_flat
sample_0996,-89.0996,-161.0582,40.89,79574.94,118047.91,8632.82,66172.1,-1819610.58,0.1674,-1792.6,4.8,0.293,safe_flat
sample_0997,-89.0727,-172.9283,38.9,75708.25,115237.45,8632.82,66172.1,-1819610.58,0.1674,-1786.6,5.3,0.2615,safe_flat
sample_0998,-89.1075,-150.6523,42.63,82687.52,120264.74,8632.82,66172.1,-1819610.58,0.1674,-1799.7,4.2,0.3364,safe_flat
sample_0999,-89.081,-162.2659,40.94,79554.67,117919.34,8632.82,66172.1,-1819610.58,0.1674,-1793.3,4.7,0.2116,safe_flat
sample_1000,-89.0539,-174.2487,38.92,76225.86,115654.78,9277.68,66684.95,-1819583.6,0.1674,-1784.4,5.5,0.1531,safe_flat
