Feature_1,Feature_2,Feature_3,Feature_4,Feature_5,Feature_6,Feature_7,Feature_8,Feature_9,Feature_10,Feature_11,Feature_12,Feature_13,Feature_14,Feature_15,Feature_16,Feature_17,Feature_18,Feature_19,Feature_20,Feature_21,Feature_22,Feature_23,Feature_24,Feature_25,Feature_26,Feature_27,Feature_28,Feature_29,Feature_30,Feature_31,Feature_32,Feature_33,Feature_34,Feature_35,Feature_36,Feature_37,Feature_38,Feature_39,Feature_40,Feature_41,Feature_42,Feature_43,Feature_44,Feature_45,Feature_46,Feature_47,Feature_48,Feature_49,Feature_50,Feature_51,Feature_52,Feature_53,Feature_54,Feature_55,Feature_56,Feature_57,Feature_58,Feature_59,Feature_60,Feature_61,Feature_62,Feature_63,Feature_64,Feature_65,Feature_66,Feature_67,Feature_68,Feature_69,Feature_70,Feature_71,Feature_72,Feature_73,Feature_74,Feature_75,Feature_76,Feature_77,Feature_78,Feature_79,Feature_80,Feature_81,Feature_82,Feature_83,Feature_84,Feature_85,Feature_86,Feature_87,Feature_88,Feature_89,Feature_90,Feature_91,Feature_92,Feature_93,Feature_94,Feature_95,Feature_96,Feature_97,Feature_98,Feature_99,Feature_100,Feature_101,Feature_102,Feature_103,Feature_104,Feature_105,Feature_106,Feature_107,Feature_108,Feature_109,Feature_110,Feature_111,Feature_112,Feature_113,Feature_114,Feature_115,Feature_116,Feature_117,Feature_118,Feature_119,Feature_120,Feature_121,Feature_122,Feature_123,Feature_124,Feature_125,Feature_126,Feature_127,Feature_128,Feature_129,Feature_130,Feature_131,Feature_132,Feature_133,Feature_134,Feature_135,Feature_136,Feature_137,Feature_138,Feature_139,Feature_140,Feature_141,Feature_142,Feature_143,Feature_144,Feature_145,Feature_146,Feature_147,Feature_148,Feature_149,Feature_150,Feature_151,Feature_152,Feature_153,Feature_154,Feature_155,Feature_156,Feature_157,Feature_158,Feature_159,Feature_160,Feature_161,Feature_162,Feature_163,Feature_164,Feature_165,Feature_166,Feature_167,Feature_168,Feature_169,Feature_170,Feature_171,Feature_172,Feature_173,Feature_174,Feature_175,Feature_176,Feature_177,Feature_178,Feature_179,Feature_180,Feature_181,Feature_182,Feature_183,Feature_184,Feature_185,Feature_186,Feature_187,Feature_188,Feature_189,Feature_190,Feature_191,Feature_192,Feature_193,Feature_194,Feature_195,Feature_196,Feature_197,Feature_198,Feature_199,Feature_200,Feature_201,Feature_202,Feature_203,Feature_204,Feature_205,Feature_206,Feature_207,Feature_208,Feature_209,Feature_210,Feature_211,Feature_212,Feature_213,Feature_214,Feature_215,Feature_216,Feature_217,Feature_218,Feature_219,Feature_220,Feature_221,Feature_222,Feature_223,Feature_224,Feature_225,Feature_226,Feature_227,Feature_228,Feature_229,Feature_230,Feature_231,Feature_232,Feature_233,Feature_234,Feature_235,Feature_236,Feature_237,Feature_238,Feature_239,Feature_240,Feature_241,Feature_242,Feature_243,Feature_244,Feature_245,Feature_246,Feature_247,Feature_248,Feature_249,Feature_250,Feature_251,Feature_252,Feature_253,Feature_254,Feature_255,Feature_256
-0.007903,0.019367,0.091603,0.017070,0.027873,0.002032,0.050401,0.015569,-0.016380,-0.037028,0.024753,-0.054043,-0.007207,-0.019102,-0.020486,-0.005204,0.004431,0.029101,-0.026273,0.008536,-0.040310,0.054520,0.029272,0.006363,-0.071544,0.035300,0.074927,-0.039626,0.005830,-0.005377,0.049733,-0.001268,0.062155,-0.018870,0.049002,-0.037136,0.087404,0.113101,-0.019813,-0.116691,0.033293,-0.083472,0.026850,-0.041439,-0.058607,0.027856,-0.045119,0.028795,-0.001354,0.027493,-0.064194,-0.019502,0.028458,0.095064,-0.040078,-0.030200,0.028696,0.026621,-0.024228,0.029930,0.044393,0.011224,0.032924,-0.001480,-0.060959,0.046120,0.041286,0.043660,-0.080990,0.019102,-0.037676,0.013799,-0.093718,0.007818,-0.054710,-0.096365,0.111392,0.031859,0.039395,0.038057,0.028671,0.021415,0.077963,-0.091273,0.027661,-0.013974,0.106899,0.033013,0.063564,0.026813,0.014497,-0.092574,0.130780,-0.017410,0.022973,-0.024896,0.025927,-0.061165,0.014436,0.011619,0.034132,0.041928,0.051990,-0.014803,-0.091749,-0.027561,0.102098,-0.003142,-0.066661,-0.034678,-0.022565,0.046407,0.015323,-0.035041,0.011238,0.066221,-0.024813,0.012460,-0.027504,-0.000884,-0.001758,0.037491,0.023424,0.008090,0.037134,-0.073302,0.002525,0.047006,0.059981,0.066727,0.062784,-0.008312,-0.007943,-0.050592,-0.025593,-0.091880,-0.006617,-0.005828,-0.040644,0.023041,0.039264,-0.084210,0.030871,0.003328,-0.040665,0.021205,0.082592,-0.064930,0.042593,-0.050881,0.011895,0.067115,0.034235,0.001346,0.034395,0.101751,-0.065477,-0.056043,-0.000655,0.044205,0.018999,-0.106050,0.057105,-0.023210,-0.128476,0.050294,-0.015106,-0.105171,0.006926,-0.096780,0.026172,0.056164,0.000156,0.006993,-0.062985,0.042808,-0.097896,0.018039,0.003961,0.000831,-0.014526,0.033966,0.023623,0.044961,0.027642,0.058150,-0.012346,0.029230,0.019325,-0.086872,0.007884,-0.028239,-0.111589,-0.014233,0.061671,0.027854,-0.042763,0.072060,-0.028917,-0.096039,0.044628,0.035263,0.114363,0.063310,-0.063066,0.041543,-0.082502,-0.007991,-0.008618,0.151077,-0.061392,-0.084025,-0.009029,0.041352,-0.084850,0.012034,-0.007138,0.022139,0.076906,-0.056012,0.029969,0.042684,-0.038946,-0.039133,-0.072969,0.043202,0.049519,0.073443,0.001892,0.063165,-0.022561,-0.105295,0.138805,-0.001061,-0.041763,0.011920,-0.027422,-0.031279,-0.064064,0.047503,0.053245,-0.013058,0.043660,-0.025485,0.033342,-0.045529,0.053075,0.046112,0.144087,0.024996,0.022136,0.052793,0.098345,-0.038989,-0.025698,-0.079905
0.019701,0.068816,0.095278,0.025192,0.053166,0.012459,0.030150,-0.000065,-0.052976,-0.071455,0.006509,0.020883,-0.038521,-0.034771,0.030415,0.015745,-0.000303,0.058443,0.007078,0.001467,-0.016629,0.021753,-0.007039,0.047510,-0.105893,0.047245,0.082911,0.001480,0.004254,0.026885,0.009384,0.018422,0.004711,-0.058075,0.106132,-0.094038,0.055378,0.022881,0.076339,-0.119569,-0.024412,-0.036795,0.052288,-0.115566,-0.022106,0.074107,-0.022201,0.036169,-0.071918,0.004045,-0.019653,-0.066374,0.075873,0.038159,-0.028865,-0.045875,0.028084,-0.009789,0.014056,0.022030,-0.049301,0.048005,-0.090465,0.014322,-0.000903,0.026477,0.009545,0.090969,-0.008099,-0.001582,-0.028821,0.068426,-0.080166,0.018856,-0.009956,-0.064114,0.066803,0.060897,0.016902,-0.012822,-0.002205,0.118839,0.055034,-0.136266,0.075033,-0.001421,0.132981,0.003485,0.049687,0.000324,0.013401,-0.018573,0.174025,0.033283,0.043526,0.011773,0.023992,-0.073257,-0.068292,-0.018128,-0.044775,0.040316,0.025226,-0.048089,0.007623,-0.040752,0.065842,0.052874,-0.037506,0.051419,0.015783,0.014435,0.045801,-0.020503,-0.040123,0.156228,-0.042382,-0.022289,-0.100815,0.055396,-0.044152,0.098816,-0.013807,0.079332,-0.022692,-0.081333,0.080391,0.044087,0.024332,0.073234,-0.003155,-0.042896,0.032416,-0.004756,-0.123272,-0.047600,0.004809,-0.033891,-0.050510,0.074229,0.012959,-0.023342,0.036278,-0.016901,-0.056999,-0.045407,0.063680,-0.034356,-0.038104,-0.060829,-0.059570,0.054899,-0.002552,0.063857,0.086068,0.095577,0.016480,0.005783,-0.025246,-0.075620,-0.009230,-0.095405,0.097032,0.013512,-0.012112,0.030918,-0.036379,-0.149443,0.014533,-0.078965,-0.046826,0.046167,-0.018777,-0.067914,-0.046441,0.019630,-0.055372,0.073819,0.030576,-0.013665,0.061072,-0.061668,0.055951,0.025357,-0.013747,0.002927,-0.031554,0.010754,-0.022773,-0.058005,-0.092185,-0.053937,-0.101317,-0.011333,0.013033,0.040778,-0.042836,0.098571,-0.005499,-0.103422,0.019047,-0.000195,0.005264,0.087093,-0.043626,-0.014951,-0.063757,-0.007199,0.047949,0.119384,0.005058,-0.095010,-0.044663,0.007071,0.004606,-0.037364,-0.012173,0.021099,0.082747,-0.094587,0.050117,0.018822,0.035221,0.015485,0.029814,-0.058098,0.060239,0.045206,-0.075357,0.044515,-0.000280,-0.066218,0.031753,0.052071,-0.007719,-0.016561,0.009190,-0.072191,-0.036006,0.057446,0.058693,-0.010604,-0.025902,0.043894,0.102089,0.025352,0.048118,0.002247,0.148402,0.055896,-0.008621,0.000709,0.110080,-0.029017,-0.017144,-0.082850
-0.034816,0.049984,0.025012,0.052213,0.020296,-0.005253,0.010427,0.071860,-0.004121,-0.049675,0.018561,-0.094437,0.025895,-0.075662,0.041048,-0.004270,-0.006798,0.087095,0.038830,0.017804,-0.007181,0.028925,0.059852,-0.012396,-0.131668,0.039643,0.140469,0.019073,-0.078997,0.029790,0.022942,0.028914,-0.024602,-0.046209,0.112023,-0.129126,-0.035291,0.107181,0.019307,-0.063517,0.034924,-0.045376,0.038442,-0.042910,-0.079393,0.049030,-0.097537,0.073648,-0.094213,0.002933,0.000381,0.001797,0.060230,0.013075,0.004194,-0.025607,0.078528,0.011013,0.080690,-0.006546,-0.040815,0.034334,0.010689,-0.053238,-0.030201,0.012488,0.042057,0.103785,-0.088560,0.020234,-0.035365,-0.015977,-0.133654,-0.055095,-0.027296,-0.098849,0.067238,0.043340,-0.012283,0.023331,0.019769,0.101072,0.112993,-0.091605,0.027539,-0.041675,0.085890,0.064816,0.057890,0.042047,0.014867,-0.023968,0.114512,-0.001148,0.040368,0.024679,0.019668,-0.015514,-0.028529,0.050500,0.011549,0.055838,0.057200,-0.081941,-0.025169,0.007181,0.062732,0.093276,-0.021036,0.008281,-0.026833,0.067908,0.004749,0.029178,0.020041,0.148285,-0.024260,-0.020815,-0.043118,0.044473,-0.026732,0.051600,0.027115,0.013254,0.033301,0.022677,-0.012192,0.003459,0.062101,0.032684,-0.039125,-0.001160,0.089871,-0.079844,-0.094464,-0.090311,-0.012388,-0.004104,0.009092,0.081174,0.018404,-0.030638,0.064012,0.008780,-0.020912,-0.001891,0.051530,-0.038092,0.060120,-0.020174,0.049862,0.048695,-0.004783,0.033671,0.037182,0.076271,-0.085196,-0.047862,0.054159,0.051807,-0.030402,-0.063555,0.078306,0.070656,-0.019268,0.009461,-0.057456,-0.132971,0.062566,-0.043033,-0.013389,0.018669,0.033416,-0.053614,-0.078954,0.048928,-0.036316,0.044744,0.035035,0.091804,0.002833,-0.024708,0.085250,0.058847,0.035984,-0.029601,0.040420,-0.028306,0.026924,-0.058877,-0.028973,-0.066306,-0.100305,-0.033392,0.026204,0.046242,-0.076185,0.109029,-0.030137,-0.010034,0.059737,0.029489,0.082180,0.108240,-0.051231,0.049147,-0.003386,-0.034261,-0.011495,0.159023,-0.021987,-0.036669,-0.006162,-0.015703,-0.062121,-0.027586,-0.008443,0.028059,-0.019802,-0.082710,0.026874,-0.009378,-0.001954,-0.012092,0.004865,0.043431,0.064786,0.012717,-0.050587,0.069628,0.005092,-0.125156,0.029208,0.005967,-0.033929,0.083745,0.009286,-0.041262,-0.053108,0.068630,-0.004544,-0.013337,0.001307,0.003487,-0.001294,0.005720,0.005055,-0.018740,0.113540,0.025229,0.021911,0.063508,0.111728,0.013871,0.061499,-0.063250
0.051759,0.042907,0.001531,0.046215,0.066887,0.059914,0.061323,0.038966,-0.003970,-0.083333,0.018546,-0.022240,-0.005963,-0.002557,-0.021668,-0.024540,0.052567,0.078625,0.056410,0.005236,0.021720,-0.015082,0.058481,-0.011027,-0.068358,0.048509,0.135503,0.021839,-0.030150,-0.052427,0.078686,0.031993,-0.037871,-0.024428,0.035696,-0.039064,0.027452,0.047338,0.025118,-0.076849,0.098523,-0.062434,0.026509,-0.013797,-0.049822,-0.015050,-0.044539,0.008007,-0.057692,0.052716,-0.031387,-0.065966,-0.014490,0.043141,0.011867,0.026774,0.036547,-0.027147,-0.021635,-0.015432,0.043971,-0.007860,-0.007191,0.030469,0.044437,0.031467,0.028100,0.023187,-0.094319,0.003086,-0.036146,0.090676,-0.124133,-0.049893,-0.093951,-0.081121,0.113309,0.013404,0.036315,0.045247,0.051310,-0.004718,0.041288,-0.050355,0.046170,0.013450,0.083659,0.029367,0.018727,0.045854,0.075107,-0.044732,0.098057,0.037106,0.043254,0.013439,-0.019018,-0.049072,-0.005812,-0.006729,0.061017,0.022381,-0.005022,-0.038857,-0.095994,-0.041871,0.025920,0.024982,-0.078529,-0.006002,0.035964,0.024661,0.057054,0.011373,0.049932,0.065614,-0.025332,-0.048020,-0.098756,-0.039373,-0.021294,0.055099,-0.044824,0.091202,-0.011245,-0.059711,-0.014235,0.015102,0.026586,0.077219,0.002077,0.008013,-0.044888,-0.018604,-0.106566,-0.050749,0.042793,0.010970,-0.041021,0.035206,0.026207,-0.041206,0.033015,0.006182,-0.018643,-0.008356,0.047616,-0.033459,0.013039,-0.028548,0.074926,0.083897,0.004831,0.033675,0.017548,0.114141,-0.041330,-0.024218,-0.020319,0.000728,0.005498,-0.082554,0.042650,0.002641,-0.078936,0.050190,-0.085253,-0.140544,0.012719,-0.117871,0.036436,0.010709,0.009780,-0.025439,-0.084144,0.079797,-0.019842,0.034212,0.006679,-0.002359,0.020429,0.024925,0.027258,0.067734,0.062272,0.007184,0.048672,0.034007,-0.027033,-0.024380,-0.039157,-0.062024,-0.096508,0.018618,-0.017595,0.021881,-0.057211,0.046184,-0.016901,-0.070874,0.007835,-0.003665,0.074971,0.076228,-0.010031,0.024539,-0.094420,-0.122103,-0.044759,0.094741,-0.045267,-0.072768,-0.042365,-0.030820,-0.019181,-0.056267,0.004151,0.008102,0.015317,-0.091226,0.060281,0.056473,-0.069752,-0.013615,-0.004049,-0.054234,0.059535,0.100550,-0.043944,0.003035,-0.024618,-0.071362,0.075723,0.034686,0.002263,-0.016839,-0.039824,-0.084122,-0.051326,0.093746,0.019767,0.000146,0.000071,0.042968,0.017510,-0.001935,-0.038910,0.048892,0.084089,-0.013266,-0.026988,0.018034,0.071994,0.005955,-0.003088,-0.102803
0.044661,0.050754,0.035351,0.010253,0.035142,-0.002937,0.076505,0.087734,-0.021277,-0.024265,0.038669,-0.037563,-0.021123,0.029605,-0.074135,-0.035001,-0.052036,0.012418,0.000237,-0.001215,-0.018922,0.016200,0.037761,-0.009026,-0.053655,0.081692,0.025196,-0.026352,-0.019554,0.046346,0.014151,-0.023863,-0.044253,-0.017424,0.110027,-0.065421,0.052749,0.049402,0.039860,-0.135584,0.046102,-0.003648,0.055510,-0.067767,-0.008621,0.095178,-0.113159,0.066159,-0.061114,0.038887,-0.031005,-0.024461,0.002853,0.080210,0.029089,-0.068049,0.043255,-0.022181,0.036072,0.026962,0.005925,-0.024162,-0.051154,-0.027033,-0.064405,0.049731,0.030949,0.025619,-0.092763,-0.002717,-0.074290,0.004168,-0.054149,-0.005658,-0.018734,-0.052443,0.086686,0.048347,0.024611,0.032403,0.005843,0.040834,0.114659,-0.154058,0.002423,-0.017252,0.139687,0.016940,0.055335,0.077648,0.055345,-0.027183,0.148558,0.031614,0.036773,0.009498,-0.037371,0.007742,-0.053740,-0.019803,-0.036697,0.051284,0.087350,-0.043406,-0.043325,0.005276,0.078540,0.062358,-0.062341,-0.010805,-0.000734,0.030159,0.059985,-0.043094,-0.054740,0.126173,-0.025942,0.016124,-0.040663,0.044577,-0.056612,0.040227,-0.035355,0.098141,0.034952,-0.062073,0.065569,0.074274,0.073166,0.033118,0.006329,0.016168,0.052440,-0.039833,-0.096540,-0.043121,-0.035230,0.048581,-0.035463,0.061943,0.003444,-0.051051,0.046684,0.001325,-0.081209,0.028431,0.074843,-0.036913,0.012321,-0.047526,-0.036901,0.075058,-0.046910,0.061296,-0.006079,0.060770,-0.019646,-0.013313,0.021832,-0.031885,-0.003387,-0.083202,-0.013628,0.010275,-0.032073,0.024274,-0.064069,-0.137209,-0.041424,-0.106300,0.007440,0.040627,0.016794,0.010458,-0.054095,0.132405,-0.044183,0.072221,0.020846,-0.003605,0.018208,-0.018093,0.070272,0.026256,0.035733,0.056351,0.069839,0.021708,-0.003323,-0.105169,-0.053480,-0.073964,-0.098354,-0.013406,-0.001200,0.025210,-0.064156,0.116490,-0.003143,-0.074359,-0.015045,0.029249,0.058017,0.065213,-0.046627,0.031688,-0.073931,-0.053333,-0.018504,0.097707,-0.049772,-0.099244,-0.050181,0.009629,-0.050981,0.016011,-0.035238,-0.013047,0.077095,-0.131932,0.052623,-0.006924,0.032792,0.054092,0.037503,-0.023476,0.042554,0.079309,-0.050387,-0.030407,0.005523,-0.036463,0.070513,0.015327,-0.034766,0.014426,-0.001039,-0.099137,-0.038693,0.054371,0.036696,0.020734,0.020410,-0.000307,-0.017646,-0.012762,-0.022131,0.005676,0.068481,0.046440,0.003927,0.021648,0.112676,0.011688,0.015987,-0.099850
0.044565,0.051800,0.008610,0.043323,0.070212,-0.039436,0.056277,0.060362,-0.031201,-0.038357,0.044247,-0.030688,0.019248,0.003696,-0.029339,-0.073969,0.013718,0.039589,0.057146,0.020979,-0.032449,-0.017876,0.024023,0.087533,-0.105678,0.069918,0.095385,0.033972,-0.010430,0.028361,0.057014,0.003028,0.006653,-0.049998,0.073298,-0.079350,0.006404,0.122050,0.088606,-0.047131,0.078979,-0.084613,0.087185,-0.033820,-0.038318,0.065127,-0.093013,0.018556,-0.016773,0.042633,-0.012575,-0.044441,0.103314,0.033127,-0.011584,-0.019943,0.073771,0.071528,0.016089,-0.032522,-0.008653,0.032230,-0.010508,-0.015089,-0.032746,0.030491,0.001047,0.067420,-0.081518,0.018770,-0.065477,0.018851,-0.139919,0.007779,-0.109482,-0.117991,0.101625,-0.028455,0.029657,-0.012019,0.029410,0.069708,0.120707,-0.072064,0.048153,0.001428,0.090236,0.070457,0.055320,0.024168,0.047909,-0.008932,0.155180,0.013945,0.032909,0.054672,0.036454,-0.052552,0.033879,-0.063974,0.040556,0.077879,0.049259,-0.003549,-0.002556,0.030871,0.057515,0.085401,-0.061188,0.001471,0.008456,0.044706,0.055228,-0.041751,-0.015849,0.116082,-0.035684,-0.035680,-0.029634,-0.015949,-0.040472,0.072214,-0.019974,0.035101,0.037384,-0.020070,-0.042854,0.021049,0.065563,0.034704,-0.016569,-0.038228,0.042526,0.005881,-0.091553,-0.025333,0.047381,-0.043945,-0.154973,0.074778,0.050293,-0.061085,0.030386,-0.008144,-0.030642,0.029705,0.051842,-0.052887,0.002637,-0.050795,0.078007,0.054872,-0.004531,0.013918,0.068351,0.098007,-0.056137,-0.024405,-0.013163,-0.030842,0.005389,-0.129270,0.082632,0.035796,-0.036970,0.086724,-0.079771,-0.146650,-0.036325,-0.106900,-0.021042,0.015188,-0.012176,-0.025499,-0.040338,0.123782,-0.011188,0.004107,-0.010713,0.032321,-0.044976,0.016516,0.024389,0.036875,0.010987,0.040893,0.006896,0.035350,-0.053180,-0.034002,0.025082,-0.102833,-0.091123,-0.020640,0.032125,0.035767,-0.059687,0.047898,-0.035800,-0.082305,0.041638,-0.030642,0.087306,0.019338,-0.047546,0.033868,-0.091264,-0.061398,-0.019910,0.105638,-0.070172,-0.021159,-0.025029,-0.036620,-0.009272,0.014702,-0.050364,0.021723,0.070419,-0.076843,0.034439,-0.010498,-0.032101,-0.020057,-0.016106,-0.084579,0.074750,0.079917,-0.027867,0.040584,-0.019655,-0.103643,0.086025,0.031856,-0.029069,-0.048173,0.019809,-0.069415,-0.028421,0.073525,0.016887,0.027266,-0.031444,-0.028327,0.067997,0.020782,0.007969,0.017662,0.129535,-0.002686,-0.046469,0.081358,0.121778,0.053417,-0.062271,-0.125154
-0.021550,0.010043,0.030785,0.091545,-0.011310,-0.011767,0.014481,0.065406,0.015762,-0.060332,0.048446,-0.072837,-0.007337,-0.018418,-0.019129,-0.014054,0.031671,-0.015925,-0.020051,0.048758,-0.096642,0.026565,0.028547,0.015100,-0.118290,0.047806,0.112642,0.053749,-0.037730,-0.003271,0.117348,0.015709,0.006070,-0.031915,0.051873,-0.053079,0.026949,0.067172,-0.000646,-0.086900,-0.030433,-0.088840,0.025674,-0.111776,0.041057,0.002560,-0.078996,0.069596,-0.065541,0.071550,-0.022599,-0.031350,0.018115,-0.008194,0.076944,-0.113318,0.094274,0.077470,0.030512,0.023143,-0.027831,0.012703,-0.046818,-0.056834,0.019843,0.066278,0.019962,0.136508,-0.077138,0.002518,-0.103070,0.015991,-0.112595,-0.038103,-0.070096,-0.084484,-0.014007,0.044891,0.053508,0.020851,0.085591,0.095887,0.072364,-0.144662,0.049414,0.035338,0.106137,0.037985,0.019389,0.075250,0.069501,-0.042096,0.121250,0.004226,0.043611,0.005912,-0.026643,-0.034181,0.049866,-0.043648,0.025448,0.017592,0.105571,-0.026202,-0.023743,0.035193,0.078643,0.035139,-0.062943,0.036590,0.057962,0.028996,-0.013907,-0.012692,-0.054290,0.044841,0.008820,0.048315,-0.046940,-0.018330,-0.077914,0.055936,-0.030894,0.036142,0.025492,-0.011642,-0.023023,0.120891,0.084880,0.017727,0.054462,-0.016645,0.073223,0.012955,-0.044129,-0.036364,0.001604,-0.008864,-0.064912,0.054063,-0.016477,-0.094714,0.033812,0.054302,-0.057366,0.040042,0.076387,-0.057756,0.003353,-0.055591,0.044763,0.155525,0.047531,0.021315,0.078196,0.067448,-0.011108,-0.054897,0.013690,-0.005695,0.045401,0.018398,0.066604,0.048301,0.021223,0.045764,-0.087941,-0.092598,-0.039066,-0.052597,-0.062471,0.019717,-0.010276,-0.007003,-0.048053,0.062844,-0.058937,0.044300,0.023576,-0.018376,0.027591,-0.005700,0.048898,0.043825,0.042540,0.049440,-0.014041,0.078017,-0.022842,-0.013940,-0.025183,-0.044145,-0.088027,-0.004267,0.003604,0.061374,-0.025661,0.042204,-0.009879,-0.081545,0.032313,-0.020586,0.071956,0.007819,-0.044544,0.004758,-0.065704,-0.076927,0.008413,0.068706,-0.056722,-0.075112,0.051129,-0.019569,0.010818,0.056562,-0.056711,-0.020056,0.010108,-0.115681,0.020515,0.014102,0.068280,0.049501,0.042846,0.000453,0.084617,0.117314,-0.080373,0.009097,-0.044722,-0.115762,0.100799,-0.022000,-0.002455,-0.092058,0.011571,-0.047604,-0.073700,0.066279,-0.000918,0.043335,-0.029866,0.029539,0.061477,0.057347,-0.035841,-0.038482,0.089024,0.015530,0.017242,0.086808,0.057293,0.063369,-0.020071,-0.076857
0.001934,-0.007195,0.035596,0.007495,0.062904,0.016308,0.053300,0.055293,-0.009859,-0.040649,-0.016210,-0.041186,-0.005690,-0.037279,0.005242,-0.030369,0.053366,-0.003705,-0.005687,0.042323,0.046725,-0.021640,0.070130,0.039054,-0.159383,0.048029,0.177838,0.016548,-0.007006,0.052135,0.017725,0.021922,-0.041866,-0.012922,0.124556,-0.141087,-0.052829,0.062695,0.032750,-0.120562,0.017223,-0.093190,0.044688,-0.001209,-0.065444,0.062156,-0.050698,0.024144,-0.050512,0.115754,-0.019087,-0.059946,-0.019773,-0.047930,-0.024737,-0.061094,0.065645,-0.023672,0.005803,-0.001094,0.057039,0.032890,-0.024731,0.000279,-0.008847,0.033707,0.005983,0.075750,-0.106959,0.015053,-0.084679,0.046727,-0.116543,0.004119,-0.021696,-0.110420,0.086140,0.096429,-0.033820,0.042220,-0.003879,0.065355,0.120826,-0.134686,0.011154,0.003908,0.121973,0.038015,0.019643,0.055506,0.049682,-0.008774,0.168290,-0.056861,0.064602,0.055204,-0.068140,-0.010409,-0.038324,-0.017302,0.011813,-0.024536,0.058585,-0.053927,-0.010743,-0.046898,0.081583,0.030631,-0.066940,0.031746,0.024698,0.042809,0.033007,0.008016,-0.039158,0.156365,-0.031533,-0.038165,-0.048999,0.002071,-0.038918,0.063784,-0.070020,0.045411,0.060497,0.005468,-0.052474,0.033807,0.065744,0.055385,-0.007504,-0.021917,0.027080,-0.065125,-0.091246,-0.052349,-0.050520,-0.056070,-0.082700,0.102277,0.028587,-0.079497,0.000160,-0.070056,0.015770,-0.002215,0.016382,-0.054100,0.022870,-0.049123,-0.044886,0.014180,-0.022412,0.047844,0.035790,0.120375,-0.047485,-0.028260,0.006648,-0.021933,-0.062592,-0.103159,0.079513,0.066068,-0.006623,-0.055074,0.016639,-0.113448,-0.009546,-0.035277,0.005640,0.032457,-0.031576,-0.017918,-0.114095,0.091781,-0.052899,0.037958,-0.002252,0.053475,-0.029318,-0.001637,0.091468,0.123840,0.027215,0.007479,0.014777,0.002469,-0.044845,-0.047785,-0.038396,-0.084969,-0.064562,0.041209,-0.045435,0.052211,-0.086516,0.102728,-0.014575,-0.137588,0.056761,0.022742,0.080197,0.111237,-0.042646,0.030778,-0.005702,-0.047573,0.041967,0.165528,-0.026166,-0.015497,-0.039293,-0.042359,-0.052302,0.081245,-0.064002,-0.016135,0.054569,-0.056465,-0.009043,0.013265,0.013432,-0.007456,0.055315,-0.069544,0.071797,0.090740,-0.070966,-0.024336,-0.047245,-0.058997,0.172662,0.052629,-0.054208,-0.077125,0.017502,-0.041601,-0.092119,0.092695,0.060818,0.036677,0.021173,-0.033874,0.053874,-0.008198,-0.026434,0.033642,0.151190,0.021758,0.033258,0.026995,0.116489,0.007961,0.014539,-0.038276
0.046889,0.110348,0.041469,0.009327,0.010986,0.024580,0.020955,0.062737,-0.029680,-0.049176,0.023401,-0.059731,-0.024272,0.042335,0.041084,0.004411,-0.011156,0.078974,0.026248,0.076783,-0.005214,-0.026493,0.084237,0.031379,-0.089202,0.015052,0.173098,0.041046,0.022694,0.029039,-0.003515,-0.004796,-0.044914,-0.072655,0.056302,-0.126892,-0.025838,0.117758,0.037619,-0.131311,0.057422,-0.109943,0.109423,-0.032525,-0.050845,0.020414,-0.094421,0.087168,-0.111660,0.056886,-0.023739,-0.094239,0.009740,0.051523,-0.015345,-0.028832,0.034161,0.094024,0.041355,-0.032794,0.044898,-0.010625,-0.088550,0.005614,-0.011745,0.047856,0.015240,0.018165,-0.022637,0.016539,-0.044116,0.082980,-0.056776,-0.079743,-0.047418,-0.083396,0.105354,0.058759,0.035886,-0.000565,0.013930,0.090614,0.104265,-0.089106,0.009244,0.010759,0.126322,0.042359,0.026089,0.007419,0.085648,-0.089220,0.147025,0.009615,0.040634,0.022386,-0.048984,-0.041279,-0.001859,-0.003342,0.022125,0.059268,0.014971,-0.036574,-0.037827,-0.014243,0.057120,0.011549,-0.047630,-0.046346,0.024286,-0.028934,0.096009,-0.017002,-0.011449,0.103506,-0.087654,-0.045302,-0.020167,0.002487,-0.087999,0.077806,-0.083096,0.043742,0.052970,-0.017064,-0.035301,0.011278,0.085237,0.029616,0.048796,0.006689,0.038593,0.040119,-0.122661,-0.010406,0.035168,-0.027120,-0.041818,0.050899,-0.013053,-0.034532,0.031221,0.023704,-0.117343,0.023940,0.085083,-0.076236,0.038900,-0.015811,0.042770,0.093322,0.000624,0.049081,0.035743,0.126179,-0.096684,-0.095927,0.041065,0.011010,0.006125,-0.059075,0.040122,0.022623,0.013444,0.011541,-0.069811,-0.113805,-0.024074,-0.106143,-0.010129,0.040037,-0.051719,-0.012470,-0.064256,0.059699,-0.085051,-0.049569,0.023462,-0.008656,-0.062251,0.008358,0.072174,0.022957,0.073315,0.006282,0.046290,0.029594,0.050427,0.008498,-0.026010,-0.094224,-0.090252,-0.043296,-0.030526,0.045832,-0.083478,0.080284,-0.080059,-0.089169,0.071580,-0.009829,0.066247,0.049459,-0.035700,0.074728,-0.077695,-0.104901,-0.032877,0.158240,-0.036681,-0.140110,0.043053,0.000454,-0.084686,0.029792,-0.048483,0.010387,0.004685,-0.097500,0.067058,0.021074,0.015765,-0.049416,0.010641,-0.012465,0.078721,0.102973,-0.057835,-0.013894,-0.026271,-0.042954,0.109012,0.064091,-0.028687,-0.012059,-0.010898,-0.022692,-0.067057,0.034378,0.029381,-0.060221,0.014507,-0.018688,0.092684,0.018837,-0.044201,0.048775,0.116323,0.021889,-0.024680,0.115927,0.103706,0.010736,0.013340,-0.061994
0.004355,0.025198,0.022850,0.049547,0.073916,-0.004116,0.008850,0.034357,-0.068669,0.003557,-0.045603,-0.026500,-0.043016,-0.040316,0.011672,0.028842,-0.052246,-0.011143,0.011134,0.040504,-0.059559,0.004969,0.001637,0.070567,-0.099757,0.012269,0.153267,0.035589,-0.048383,-0.009649,0.012017,0.020905,0.033862,-0.047476,0.065648,-0.083817,0.032402,0.067678,-0.003995,-0.147456,0.037059,-0.052865,0.061245,-0.009401,-0.073397,0.082308,-0.083866,0.034870,-0.021054,0.075284,-0.031156,-0.066661,0.060311,0.102859,0.031054,-0.013716,-0.011878,0.026466,-0.017322,0.042542,0.055705,0.008818,-0.039058,-0.009533,-0.000257,0.014965,0.094943,0.068859,-0.080362,-0.055260,-0.004897,-0.011474,-0.106392,-0.014515,-0.066847,-0.000143,0.053768,0.021745,-0.049799,0.044777,0.036989,0.003510,0.097658,-0.062824,-0.004529,-0.020817,0.134180,0.055881,0.110787,0.032202,0.077353,0.000816,0.129955,-0.019654,0.031138,0.071303,0.017863,-0.013888,-0.009046,-0.048233,0.048944,-0.028021,-0.013281,-0.029987,-0.038888,-0.015751,0.013591,0.034412,-0.061386,-0.007870,0.062592,-0.008220,0.001480,-0.036079,-0.032358,0.115226,-0.047492,-0.037103,-0.046865,0.011427,-0.012798,0.043478,-0.007148,0.006353,-0.058728,-0.061236,-0.063647,0.063114,0.054609,-0.013316,-0.014318,-0.014335,0.030600,-0.052307,-0.056955,-0.021007,0.041093,-0.019106,-0.009418,0.006759,0.076042,-0.088915,0.065415,0.022950,-0.067106,0.050286,0.078719,-0.071221,0.013090,-0.026163,0.049638,0.037791,0.042159,0.030264,-0.001343,0.072705,-0.046873,0.020505,-0.003132,0.013293,-0.006827,-0.031660,0.062630,0.013425,-0.029425,0.015735,-0.072597,-0.067172,0.001612,-0.084443,-0.023472,0.028584,-0.035987,-0.025684,-0.085892,-0.013146,-0.064051,-0.015906,0.020412,-0.026164,-0.007908,0.015489,0.095509,0.069867,-0.004539,0.033674,-0.004359,0.056237,0.024793,-0.100678,-0.025340,-0.033812,-0.102444,-0.065749,0.004743,0.009485,-0.004560,0.026317,-0.034003,-0.042035,-0.036294,-0.007862,0.116732,0.100839,-0.045948,0.025458,-0.015009,-0.024946,0.022203,0.110858,-0.035630,-0.113253,-0.106606,-0.004879,-0.023373,-0.062653,0.002326,0.010731,0.001991,-0.103015,0.026114,0.015043,-0.083034,-0.011792,0.007680,-0.013467,0.076855,0.138253,-0.059589,0.108307,-0.125819,-0.122771,0.042587,0.046497,-0.002011,-0.052213,-0.002770,-0.101211,0.037823,0.062842,-0.006798,-0.019154,0.009660,-0.053328,0.008609,-0.078308,-0.026285,-0.001025,0.117728,-0.017745,-0.008265,0.032731,0.080501,-0.016287,-0.051111,-0.071389
-0.038890,0.045322,0.103900,0.059376,0.054308,0.017369,0.000736,0.044495,-0.002277,-0.080704,0.014142,-0.120365,-0.006153,-0.022764,-0.005024,0.075717,-0.067960,-0.008296,-0.032814,0.025905,-0.001737,-0.001634,0.024816,0.049182,-0.089571,0.076008,0.116927,0.066477,-0.004766,0.016083,-0.041226,0.056132,-0.024392,-0.042733,0.094603,-0.034693,-0.005947,0.104364,0.107400,-0.122132,0.027849,-0.075649,-0.001737,-0.126099,-0.002804,0.051279,-0.050181,0.049693,-0.044076,0.054417,-0.026018,-0.116719,0.051726,0.054055,-0.021505,-0.006548,0.029474,-0.016740,0.040117,0.062775,-0.008141,0.047819,-0.018048,0.033826,0.008015,0.002677,0.024854,0.053560,0.003103,0.023106,-0.071440,-0.018931,-0.122081,-0.007624,-0.022422,-0.004665,-0.016054,0.134188,-0.017881,0.061161,0.013347,0.094894,0.100349,-0.075750,0.030810,0.054466,0.097969,-0.011633,0.014980,0.031719,0.006034,-0.111180,0.181867,-0.005973,0.083808,-0.018958,-0.028788,0.009069,0.024488,-0.036144,-0.032338,-0.054614,0.009258,-0.050856,-0.017083,-0.026891,0.084181,0.032192,-0.051081,0.020010,0.065280,0.073592,0.025243,-0.011070,-0.047275,0.139249,-0.006279,-0.036718,-0.080403,-0.043046,-0.010437,0.089559,-0.055077,0.059850,0.012771,-0.067052,-0.010218,0.061693,0.092434,0.086721,0.016480,-0.034959,0.064117,-0.036662,-0.093539,-0.035807,0.058016,-0.000399,-0.028492,0.074984,-0.008881,0.003922,0.075413,-0.028470,-0.000441,-0.011902,0.032304,-0.015530,0.073634,-0.114855,0.038208,0.029701,0.019442,0.015079,0.073392,0.052082,-0.015641,-0.092847,0.071507,-0.021821,0.000368,-0.088678,0.104637,-0.004306,-0.012815,0.064954,-0.078406,-0.098886,0.019054,-0.079867,-0.036005,0.020593,0.031505,-0.074173,-0.147057,0.067426,-0.075142,0.074564,0.033480,0.027191,-0.038877,-0.005330,0.107722,0.049210,0.030995,0.016749,-0.020066,0.008357,-0.037646,-0.075685,-0.056446,-0.048377,-0.091537,-0.066540,0.018031,0.010313,-0.057377,0.102768,-0.031619,-0.093710,-0.036868,-0.075605,0.034428,0.119633,-0.034731,-0.001352,-0.030681,-0.010488,0.048829,0.221231,-0.094718,-0.099761,-0.038793,-0.061581,-0.009846,0.017278,-0.050825,-0.048023,-0.030902,-0.123643,0.023983,0.014156,0.024847,0.030673,0.005960,0.012827,0.070529,0.101563,-0.048118,0.061440,-0.045862,-0.092333,0.106458,0.059904,0.008323,-0.037477,-0.024408,-0.026446,-0.050981,0.088477,0.042604,-0.013340,-0.028041,0.016976,0.047821,-0.036715,0.009152,-0.002636,0.127548,0.028626,-0.004297,0.127753,0.100963,-0.034504,-0.017302,-0.035662
0.025222,0.003535,0.005165,0.041751,0.073601,-0.003778,0.034588,0.035559,0.016192,-0.040446,-0.003247,-0.032715,0.004612,-0.035117,-0.032324,0.028530,0.028441,-0.014319,0.025980,-0.017672,0.034755,-0.005194,0.023680,0.015884,-0.045659,0.031560,0.106355,0.063399,0.039144,0.016698,0.001114,-0.018684,0.041896,-0.066051,0.087412,-0.011204,0.105111,0.058657,0.010619,-0.111909,0.029415,-0.018102,0.076868,-0.056337,-0.068081,0.054025,-0.042621,0.047651,-0.042909,0.004689,-0.017762,-0.046631,-0.006944,0.049356,0.016639,-0.084497,0.044146,-0.039471,-0.004817,0.049701,0.073747,-0.002149,-0.030951,0.018028,-0.017429,0.059110,0.005821,0.021971,-0.054153,0.042467,-0.098627,0.023236,-0.079372,-0.012831,-0.051498,-0.063312,0.040006,0.050794,0.073325,0.047936,0.035506,0.040211,0.072340,-0.104971,-0.041262,0.007319,0.130745,0.010263,0.015551,0.062835,0.073417,-0.068878,0.180405,0.048351,0.052887,0.056282,0.028797,-0.051659,-0.038793,-0.069443,0.025681,0.099273,0.043622,-0.039643,-0.080266,-0.078448,0.085335,-0.004895,-0.015672,0.023714,-0.011515,-0.025984,0.012368,0.028119,-0.037138,0.069866,-0.076863,-0.008655,-0.010543,-0.000626,0.021904,0.089662,-0.071528,0.023614,0.007604,-0.024299,0.005871,0.029272,0.050487,0.038009,0.017878,0.037026,0.067624,-0.046848,-0.119059,-0.051441,-0.006600,-0.000338,-0.092314,0.019097,0.024548,-0.063367,-0.002684,0.011952,-0.074579,0.012972,0.076318,-0.016508,0.015126,-0.048116,0.034986,0.060312,0.009984,0.030019,0.023894,0.064642,-0.031790,-0.023514,-0.007821,-0.036738,-0.011434,-0.066171,0.058079,0.021989,0.039828,0.017628,-0.083463,-0.140956,-0.029409,-0.064601,0.021945,0.018135,0.025225,-0.039513,-0.076129,0.080346,-0.066048,0.082841,-0.032089,-0.035871,-0.034630,-0.009159,0.078068,0.049473,0.026933,0.097803,0.007199,0.033032,0.030601,-0.072992,-0.040285,-0.120095,-0.100152,-0.001139,-0.021459,0.005506,-0.008739,0.074386,-0.036187,-0.072575,0.016057,0.016950,0.099881,0.116274,-0.039533,-0.002500,-0.047927,0.010574,0.019027,0.113116,-0.050694,-0.041165,0.022332,-0.004270,0.015602,-0.041250,-0.048199,0.011924,0.108299,-0.075885,0.034400,-0.004861,-0.009376,-0.039586,0.029298,-0.018532,0.069595,0.100795,-0.011498,0.048975,-0.031727,-0.026230,0.127453,0.057191,0.014402,0.031226,0.009489,-0.021656,-0.070604,-0.003753,0.048790,-0.037123,0.032383,0.012390,0.013938,-0.021340,-0.024459,0.046729,0.149153,0.040945,0.018234,0.031847,0.104830,0.010292,-0.051383,-0.102276
0.009524,0.047383,0.080512,0.019436,0.083477,0.005763,0.003149,-0.001530,-0.020263,-0.053998,0.000888,-0.060956,-0.016906,0.000433,-0.002459,0.025590,-0.018872,-0.000259,0.035115,-0.003101,0.037591,0.034846,0.084037,0.027096,-0.106108,0.020032,0.073077,0.011078,0.043588,0.041137,-0.015953,0.013382,0.021259,-0.058420,0.081192,-0.067705,-0.003302,0.127108,0.022404,-0.132260,0.082806,-0.032070,0.024672,-0.024081,-0.079730,0.074928,-0.084692,0.023490,-0.027627,-0.015535,-0.027502,-0.068354,0.012262,0.080982,0.013733,-0.040870,0.013890,-0.013548,0.008111,0.063993,0.052388,0.013298,-0.043187,0.031758,0.011764,0.036979,0.040411,0.051215,-0.044364,0.025984,0.035194,0.011788,-0.075567,-0.005678,-0.046640,-0.035437,0.003115,0.043674,-0.003288,0.011016,0.053266,0.043615,0.111138,-0.075824,0.061418,0.014374,0.127626,0.032962,0.005046,0.028485,0.085820,-0.051902,0.099027,-0.023522,0.077283,0.055070,0.003031,-0.004904,-0.019009,0.000005,-0.038276,0.012064,-0.000658,-0.138001,-0.061291,-0.051719,0.074283,0.038276,-0.063046,-0.048992,-0.023298,0.038655,0.006075,-0.012486,-0.066585,0.095335,-0.083501,-0.050225,0.013068,-0.034282,-0.020528,0.127883,-0.059784,0.026047,-0.023834,-0.030939,-0.002292,-0.007113,0.070254,0.043818,0.033371,-0.042087,0.057671,-0.011386,-0.008464,-0.020849,0.018329,-0.068879,0.005564,0.060487,-0.008135,-0.023059,0.030962,-0.025688,-0.035633,-0.011322,0.079415,-0.037516,0.040310,-0.046298,-0.004258,0.063204,0.019216,0.032578,-0.024908,0.068101,-0.116480,-0.009011,0.032443,0.044459,-0.014470,-0.051847,0.058224,-0.010282,-0.051866,-0.013633,-0.019789,-0.106220,-0.011814,-0.074924,-0.017388,0.043610,-0.007863,-0.078304,-0.112619,0.018177,-0.058740,0.050380,-0.015440,0.029590,-0.012583,-0.005493,0.075338,0.016900,0.002342,0.074156,0.017971,0.016892,-0.010039,-0.050440,0.004954,-0.080081,-0.102129,0.003661,-0.018080,0.018617,0.044653,0.071540,0.010185,-0.088626,0.027330,-0.035225,0.047700,0.061076,-0.049691,0.081401,-0.092579,0.012828,0.060127,0.154195,-0.051914,-0.074909,0.015920,-0.032024,-0.053733,-0.030356,-0.023458,0.037187,0.060001,-0.074331,0.022334,-0.009172,-0.004362,-0.046691,0.005159,-0.061542,0.045988,0.112811,0.003996,0.076546,-0.043551,-0.019319,0.114425,0.030215,-0.053407,0.021340,-0.017066,-0.061139,-0.018066,0.032022,0.018372,-0.002216,0.025435,-0.013340,0.061357,-0.001887,-0.008257,0.026751,0.157498,0.043082,0.041019,0.034511,0.140528,-0.057316,-0.015586,-0.132935
0.029418,0.048684,0.048149,0.008526,0.023687,0.016530,0.054643,0.098709,-0.068291,-0.020709,0.006853,-0.013878,0.015671,-0.051737,0.018579,0.017690,-0.055522,0.044437,0.022288,0.015258,0.020089,0.033113,0.031964,0.038464,-0.119991,0.051674,0.101005,0.039830,0.025896,0.018852,-0.005032,-0.021569,-0.004553,-0.047417,0.075728,-0.077303,0.046567,0.099296,0.076001,-0.098298,0.041221,-0.054086,0.086491,-0.069399,-0.033246,0.005659,-0.088515,0.029081,-0.094562,0.067230,-0.024170,-0.073844,0.039881,0.035284,0.028496,-0.063536,0.069224,0.083498,0.047035,-0.031096,0.011304,0.060664,-0.000377,0.004912,-0.008729,0.029748,-0.007459,0.004247,-0.092131,0.013182,0.002291,0.075627,-0.073837,-0.040524,-0.034614,-0.049801,0.116271,-0.001467,0.013275,-0.000083,0.047790,0.050464,0.113337,-0.066322,0.077263,-0.007995,0.147690,0.056790,0.028241,0.040313,0.050217,-0.060517,0.134170,0.005196,-0.029686,0.037255,-0.056653,-0.068304,-0.060609,0.010658,0.007823,0.021117,0.042650,-0.010703,-0.033753,-0.048625,0.132921,-0.001423,-0.039142,-0.031038,0.016674,0.048265,0.027833,0.031389,-0.035343,0.120448,-0.054934,-0.013192,-0.049935,0.050707,-0.078716,0.066832,-0.030659,0.019480,0.046247,-0.022333,0.001605,0.026112,0.086364,0.091079,-0.054589,0.033096,-0.009025,-0.010572,-0.085797,-0.092243,0.040476,0.019649,-0.037200,0.041279,0.018998,-0.023310,0.013650,0.029545,-0.082267,-0.038867,0.052263,-0.060176,0.007885,-0.082279,0.013857,0.025437,0.048214,0.071131,0.009331,0.072309,-0.047381,-0.043813,0.064468,0.027164,0.001273,-0.171116,0.022228,0.050228,-0.010377,0.006585,-0.083246,-0.184810,-0.001686,-0.076013,0.003901,-0.009066,-0.037701,-0.038085,-0.106524,-0.001284,-0.051587,0.033485,0.056148,0.076432,-0.020231,0.026646,0.109687,0.030272,0.010024,0.042786,-0.004524,0.041422,-0.050168,-0.042474,-0.042038,-0.074904,-0.092821,-0.073925,0.017445,-0.006089,-0.045912,0.065731,-0.092628,-0.060510,0.005809,-0.036733,0.092031,0.110473,-0.049650,0.028164,-0.018224,-0.050227,-0.051643,0.146048,-0.042729,-0.077179,-0.037617,0.008688,-0.078269,0.054210,-0.039164,0.008085,0.022435,-0.081048,0.022578,0.024778,-0.006345,0.009996,-0.003091,-0.038405,0.087323,0.078565,0.045437,0.061066,-0.031117,-0.068232,0.109524,0.027803,-0.006852,-0.016008,-0.081529,-0.024390,-0.043281,0.062590,0.020323,-0.087230,0.010060,0.009425,0.068839,-0.003551,-0.022605,0.015680,0.100226,0.069093,0.015436,0.092856,0.088975,0.002079,-0.010724,-0.072175
0.085486,-0.005844,0.012103,-0.006782,0.085990,-0.000685,0.013065,0.059403,-0.017411,-0.062844,0.011681,0.021786,-0.004622,0.002752,0.046223,0.003076,-0.021504,0.020454,0.017045,0.094182,0.028670,0.087501,0.005144,0.096128,-0.047323,0.061653,0.098226,-0.000828,-0.007867,-0.005028,0.036412,0.014235,0.035446,-0.057191,0.060416,-0.121643,0.031495,0.118570,0.021992,-0.165225,0.003858,-0.017547,0.013222,-0.071852,-0.025369,0.072287,-0.069475,0.014440,-0.070280,0.027270,-0.017870,-0.064052,0.022495,0.102125,-0.047544,0.022510,0.002158,-0.012254,0.010274,0.000761,0.019738,-0.001522,-0.053340,0.016982,0.001372,0.062040,0.058015,0.036094,-0.082635,0.045654,-0.054202,0.039325,-0.044728,-0.063482,-0.034683,-0.038298,0.037286,0.059645,0.054519,0.059474,0.045379,-0.008759,0.049823,-0.100062,0.018768,0.004045,0.082177,-0.018122,0.008817,0.065688,0.035279,-0.038538,0.131574,0.004548,0.054954,0.027826,-0.004434,0.020569,-0.030551,0.025033,-0.031141,-0.003703,0.009143,-0.092298,-0.009407,-0.071603,0.041148,0.089532,-0.047490,0.077443,0.012773,0.084663,-0.040776,-0.056096,-0.040052,0.100205,-0.070782,-0.019472,0.022303,-0.030930,0.022812,0.042847,-0.024081,0.024983,-0.000366,-0.050123,-0.004122,0.035218,0.042171,0.017026,-0.004250,-0.042193,0.019124,0.006976,-0.107547,-0.058846,0.064039,-0.043475,-0.045311,0.030138,-0.010552,-0.116710,0.082436,-0.042979,-0.059424,0.021863,0.094742,-0.010978,-0.061096,-0.010134,-0.012757,0.000116,-0.008543,0.008212,-0.028299,0.054636,0.005576,-0.050446,-0.013838,0.003508,-0.033699,-0.103720,0.068985,0.009597,-0.048290,-0.010472,-0.130350,-0.144478,0.003881,-0.038736,0.009665,0.009611,0.015016,0.001823,-0.063319,0.066209,-0.072632,0.060063,0.007472,-0.046304,0.002679,-0.006031,0.082955,0.020562,0.038065,0.072038,0.015100,0.005514,0.047556,-0.095876,-0.064745,-0.074584,-0.035748,0.021529,-0.019449,-0.012465,-0.055131,0.039007,-0.040620,-0.052994,0.031715,-0.036540,0.022518,0.040589,-0.069521,0.022143,-0.020678,-0.061888,0.061722,0.156635,-0.057563,-0.075278,-0.027834,0.015057,-0.000001,-0.028645,-0.028446,0.042100,0.037044,-0.058775,0.037946,-0.000583,-0.000204,0.030455,-0.024492,-0.073708,0.060485,0.099929,-0.005002,0.060694,-0.089093,-0.090631,0.114316,0.072648,-0.021886,0.041793,-0.010621,-0.122182,-0.025724,0.073935,-0.004020,0.019858,0.002027,0.017631,0.060127,-0.045645,0.032707,0.023386,0.113521,0.034267,-0.015712,-0.000818,0.137143,0.022468,0.012397,-0.055576
-0.003716,-0.007189,0.053273,0.024200,0.042112,0.026040,0.062624,0.029151,-0.045092,-0.020004,-0.001494,-0.101366,0.009993,-0.041641,-0.035299,0.021290,0.039060,0.087504,-0.023383,0.038124,0.001238,0.023095,0.014845,0.010954,-0.116893,0.015498,0.092537,-0.016231,0.001710,-0.041826,0.078565,0.048225,0.012399,-0.081324,0.094482,-0.071916,0.000031,0.081960,0.012124,-0.108852,0.039589,-0.106899,0.040860,-0.086601,-0.052297,0.016661,-0.054916,0.081872,-0.073666,0.012114,0.003602,-0.010455,0.074773,0.063443,0.000524,-0.023008,-0.001649,-0.004743,-0.016040,0.003963,0.019249,0.013339,-0.061915,-0.002935,-0.005258,0.018792,0.011810,0.064795,-0.054661,0.005499,-0.035869,0.023963,-0.135384,-0.031153,0.015683,-0.063613,0.016611,0.086350,0.017439,0.038420,-0.012127,0.101786,0.101932,-0.069685,-0.020952,0.014419,0.072425,-0.015107,0.026427,0.094635,0.029284,-0.027242,0.079463,-0.035824,0.046293,-0.057189,-0.037378,-0.010941,-0.033509,-0.074176,-0.065279,0.020551,0.036836,-0.013505,-0.051129,-0.015257,0.035527,0.076405,-0.053169,0.025228,-0.024431,0.011773,0.004942,-0.026103,-0.000475,0.101457,-0.024305,0.003958,-0.038861,0.012149,-0.095551,0.019832,0.015909,0.013201,0.005940,-0.061623,0.045276,0.049108,0.040097,0.041534,0.033123,-0.013406,-0.014531,0.018654,-0.112859,-0.064352,0.012786,-0.058643,0.007887,0.083473,0.025568,-0.082863,0.031647,-0.075489,-0.047370,-0.037254,0.051641,-0.057822,0.011316,-0.061355,0.019849,0.047372,0.006719,0.117668,0.078437,0.059339,0.002517,0.009289,0.043209,-0.030221,-0.036891,-0.130086,0.100286,-0.022149,-0.063982,0.003334,-0.044880,-0.082988,-0.011523,-0.088466,-0.023336,-0.003515,-0.038149,-0.013610,-0.072716,0.066310,-0.076485,0.036921,0.040213,0.043204,0.029726,-0.016567,0.015550,0.062648,0.055501,0.031639,0.034356,-0.000683,-0.052011,-0.086233,-0.075561,-0.092578,-0.087858,-0.010239,0.019034,0.026567,-0.095391,0.135249,-0.041835,-0.103946,0.089277,0.058168,0.125434,0.107010,-0.144730,-0.008372,-0.057892,0.001212,-0.034414,0.124981,-0.078381,-0.051470,-0.048650,0.037137,-0.042608,0.011396,-0.033496,0.019281,0.045274,-0.101618,0.001398,0.003555,-0.005721,-0.008419,0.051471,-0.087942,0.050765,0.094917,-0.056059,0.065793,-0.024894,-0.038760,0.066498,0.077651,-0.046614,-0.034098,0.026745,-0.057948,-0.108873,0.050312,0.054546,-0.018577,-0.011451,-0.030808,0.020897,-0.070085,-0.029489,0.031132,0.121545,0.022498,0.010435,0.044720,0.083715,-0.002330,0.037624,-0.088908
0.020925,0.022051,0.103179,0.015940,0.012322,0.023206,0.022910,0.044740,0.024376,-0.054854,-0.027591,-0.018068,0.005858,-0.060572,0.000495,0.014939,0.009800,0.078635,0.009093,0.061495,-0.030306,0.085750,0.066481,0.016226,-0.114006,0.090323,0.141271,-0.052335,-0.050014,-0.093823,0.055843,0.108660,-0.021658,-0.045518,0.054872,-0.068637,0.043877,0.093216,-0.062788,-0.095365,0.031420,-0.013657,0.079408,-0.026648,-0.085839,0.053375,-0.057548,0.005901,-0.083780,0.072854,-0.004382,-0.018807,0.005937,0.017056,0.038127,-0.001088,0.035815,-0.008450,0.042082,0.014875,0.024300,0.011450,-0.046018,0.029674,-0.044382,0.012235,0.022131,0.077523,-0.122074,0.045565,-0.040614,0.089920,-0.077129,-0.012300,-0.040324,-0.125063,0.069206,0.082153,0.044473,0.025500,0.015950,0.062827,0.084446,-0.123142,-0.006314,0.067255,0.120574,0.015481,0.041852,-0.006462,0.088148,-0.037393,0.107584,0.003358,0.010326,0.000080,-0.011898,-0.020742,-0.016275,-0.027495,0.059054,-0.028484,0.042077,-0.027784,-0.020646,-0.007956,0.124146,0.110551,-0.081786,-0.016418,0.014554,-0.009490,0.014744,0.057657,-0.040673,0.089297,-0.018191,-0.061645,-0.037647,0.045519,-0.098977,0.063288,-0.041890,0.037855,-0.060486,-0.021099,0.014436,0.055790,0.049914,0.000432,-0.018694,0.004942,-0.017031,-0.067642,-0.065911,-0.062142,-0.031314,-0.018167,0.005092,0.030253,0.017577,-0.067332,0.087960,-0.021952,-0.063854,-0.024901,0.056366,-0.082860,0.061068,-0.045764,0.012072,0.024864,0.039055,0.051817,0.031541,0.078796,-0.065326,0.043010,-0.038277,0.048058,-0.008807,-0.115577,0.032948,0.029620,-0.074987,0.053232,-0.034906,-0.109389,0.037392,-0.051180,-0.012553,0.019291,0.004480,-0.024957,-0.117186,-0.028945,-0.113954,0.051195,0.009758,0.042294,0.017032,-0.012998,0.034166,0.074273,0.004969,0.099092,0.029790,-0.058385,-0.016623,-0.026401,-0.017484,-0.147427,-0.094054,-0.046155,0.013123,0.012496,-0.064891,0.040320,-0.034268,-0.025203,0.008332,0.039947,0.092017,0.061825,-0.076210,-0.020086,-0.019025,-0.083938,-0.016645,0.149676,-0.048163,-0.061794,-0.035692,-0.039804,-0.038773,0.015105,-0.071920,0.028852,0.056658,-0.140759,0.051934,0.037748,-0.031305,0.001626,0.028575,-0.051081,0.075796,0.088133,-0.048885,0.082744,-0.051483,-0.082051,0.060435,0.051140,-0.038488,0.012127,-0.076232,-0.093469,-0.071989,0.058155,0.037021,-0.055837,-0.021004,0.039879,0.019300,-0.016341,-0.071284,-0.027107,0.128061,0.007783,0.007141,0.061661,0.123873,-0.012422,0.003920,-0.106612
0.014840,0.025640,0.088033,0.037941,0.029725,-0.000035,0.057033,0.030585,0.009320,-0.039521,-0.036546,-0.015082,0.003990,-0.008172,-0.000309,0.026588,0.017630,0.015730,-0.027121,0.046979,-0.021465,0.081827,0.033020,0.029233,-0.048626,0.075021,0.123587,0.050572,-0.000973,-0.019265,0.046515,0.001739,0.001044,-0.124196,0.044786,-0.102153,0.047259,0.133904,0.010676,-0.140743,0.026232,-0.027982,0.001752,-0.057744,-0.037221,0.064369,-0.012026,0.087127,-0.070742,-0.002900,0.012108,-0.053708,0.015802,0.065594,0.005665,-0.052303,0.031193,-0.070696,0.016867,0.044253,0.001875,-0.049674,-0.036167,-0.017983,-0.021724,0.051801,0.003033,0.079266,-0.057961,-0.007833,-0.073630,0.063719,-0.091133,-0.020764,0.001713,-0.092707,0.056127,0.021731,0.031560,0.011006,0.036609,0.005143,0.096647,-0.132707,0.030518,0.035740,0.133530,-0.010032,0.005086,0.039227,0.060925,-0.058814,0.147938,0.006675,0.064862,0.045426,0.019527,0.009041,-0.009088,-0.012281,-0.013935,0.007482,0.047365,-0.046679,-0.016688,-0.001685,0.071422,0.037086,-0.060665,0.000992,0.006030,0.028453,-0.013914,-0.042106,-0.012518,0.079888,-0.048332,0.006913,0.008571,0.057738,-0.046647,0.070143,-0.019071,-0.001374,-0.014183,-0.039766,-0.061955,0.028205,0.001857,-0.004047,0.007552,-0.022771,0.035964,-0.017335,-0.120817,-0.087469,0.029033,-0.011747,-0.052354,0.062799,0.004409,-0.101310,0.045158,-0.018367,-0.107999,0.030820,0.076284,-0.067052,-0.020556,-0.030218,0.021803,0.009694,0.018642,0.037720,0.009321,0.079389,-0.047922,0.007121,0.033252,0.026882,-0.012261,-0.094977,0.094647,-0.013594,0.036699,-0.002746,-0.066271,-0.048415,-0.030470,-0.068853,0.028928,0.034877,-0.028846,-0.017897,-0.160089,0.048474,-0.066273,0.038790,-0.009662,-0.014037,0.038675,-0.020488,0.068218,0.062193,0.038664,0.028904,0.010363,0.008229,0.010882,-0.035514,-0.009417,-0.075050,-0.075760,0.012422,0.050764,0.013294,-0.037470,0.091617,-0.027729,-0.101715,0.024588,-0.002307,0.112731,0.095811,-0.054489,0.053065,-0.062793,-0.066534,0.054692,0.112947,-0.051258,-0.086464,0.013338,-0.035415,-0.042619,-0.064186,-0.007213,-0.017579,0.053788,-0.078279,0.052044,0.054235,-0.058933,0.010445,-0.006138,0.021824,0.098492,0.105761,-0.037447,0.073117,-0.018357,-0.060190,0.070484,0.075175,-0.045735,-0.005531,-0.025563,-0.119525,-0.061176,0.052117,0.035746,-0.022276,0.007030,-0.017573,0.003206,-0.004774,0.030117,0.040929,0.112031,0.010158,-0.029198,0.038679,0.088124,0.022392,-0.028460,-0.153153
0.020581,0.070654,0.007631,-0.032271,0.030703,-0.021387,0.069721,0.100465,-0.017990,-0.036903,0.021865,-0.093753,-0.046916,-0.056117,0.000090,-0.013765,-0.004009,0.048157,0.016047,0.071745,-0.025651,0.027375,0.053194,-0.009740,-0.081293,0.060466,0.097061,-0.044863,0.064923,0.020565,0.058748,0.046734,-0.017794,-0.012470,0.097951,-0.118014,-0.009397,0.070200,-0.000656,-0.107311,0.080601,-0.116429,0.080164,-0.076326,-0.050149,0.115606,-0.113776,0.088487,-0.001352,0.039042,-0.021187,-0.049160,-0.001021,0.063832,-0.007379,-0.025678,0.049482,0.008350,-0.028070,0.052467,0.013621,-0.035374,-0.057274,-0.029802,-0.013661,0.031356,0.080054,0.042012,-0.028020,0.012418,-0.019444,-0.002059,-0.096066,-0.024003,-0.084920,-0.075117,0.031506,0.048602,-0.046261,0.021044,0.017509,0.071532,0.066984,-0.105682,0.014262,0.026386,0.166466,0.034100,-0.013288,0.058050,-0.016444,-0.001051,0.159961,0.061850,0.003923,-0.006322,-0.016127,-0.026570,-0.078903,-0.042474,0.033043,-0.000432,0.026589,-0.087906,-0.048249,-0.095915,0.083914,0.046874,0.012101,0.019415,0.012653,0.055131,0.006042,-0.048636,-0.034664,0.026392,-0.059855,-0.000321,-0.040840,0.008550,-0.043939,0.040786,-0.040822,0.067718,-0.003779,-0.042639,0.063419,0.059013,0.062176,0.068582,-0.041621,-0.008397,0.036682,-0.064716,-0.140935,-0.044088,-0.073626,-0.013466,-0.027336,0.069293,0.038152,-0.086159,0.041690,-0.020914,-0.080708,-0.004179,0.070628,-0.039571,0.035562,-0.043831,0.048444,0.010991,0.044633,0.021256,0.003225,0.155076,-0.075614,-0.029059,0.004064,-0.084318,-0.000848,-0.120082,0.063993,0.014985,-0.079336,0.012041,-0.024396,-0.101283,-0.003335,-0.070027,-0.054194,0.005172,-0.031439,-0.045249,-0.058247,0.105544,-0.072496,0.036192,0.056881,0.057040,0.012510,0.032997,0.062076,0.052705,0.019103,0.048825,0.096187,-0.027520,-0.047700,-0.026267,-0.034573,-0.051230,-0.040454,-0.025990,-0.031505,0.044330,-0.044983,0.080522,-0.099951,-0.068246,0.086532,0.045545,0.086065,0.109619,-0.053001,-0.031774,-0.020881,-0.068916,-0.043125,0.092658,-0.045169,-0.059531,-0.028825,-0.032972,-0.058753,-0.073153,-0.043275,-0.023593,0.066793,-0.102430,0.029432,-0.050955,0.032398,0.033235,0.115949,-0.044486,0.084189,0.058424,-0.023875,0.007655,-0.058591,-0.091530,0.106598,0.094852,-0.018966,-0.049847,-0.050830,-0.027964,-0.030794,-0.023786,-0.001745,-0.012309,0.049842,-0.010352,0.029305,-0.019752,-0.020812,-0.000708,0.093505,0.013519,-0.009249,0.025789,0.090760,0.008884,-0.049740,-0.085172
0.093956,0.036197,0.074472,0.044174,0.047800,0.033093,0.072438,0.079749,0.035024,-0.020141,-0.010726,-0.013964,0.035521,-0.014915,-0.026398,0.042420,0.011016,0.067397,0.020727,0.028633,-0.054280,0.067375,0.035827,0.054209,-0.111586,0.017852,0.126789,0.034129,-0.009028,-0.038216,0.051745,0.017639,-0.026351,-0.029250,0.028883,-0.066806,0.022287,0.069861,0.028936,-0.067969,0.043053,-0.055313,0.018081,-0.080442,-0.057819,0.028017,-0.008165,-0.004224,-0.126061,0.023409,-0.001686,-0.057050,0.055024,-0.003020,-0.001003,-0.036509,0.024175,0.016552,0.014005,-0.061856,-0.028620,0.058080,-0.028336,-0.053017,-0.038500,0.043740,0.034793,0.098850,-0.065700,0.006418,-0.073215,0.071347,-0.145296,0.001892,-0.070342,-0.119458,0.056517,0.019114,0.020814,-0.025222,0.029269,0.067912,0.066951,-0.126142,0.043603,0.061743,0.107448,0.037592,0.051804,-0.053193,0.059655,-0.006949,0.179235,0.013601,0.033699,0.030533,-0.026156,-0.076182,0.025727,-0.018420,0.085255,0.024569,-0.007900,-0.039165,-0.019358,0.001782,0.068560,0.081052,0.000995,0.033760,0.031176,0.003548,0.009946,0.046741,-0.028230,0.108731,-0.043540,0.003723,-0.037539,0.049900,-0.102049,0.060604,-0.075524,0.085734,0.031108,-0.010870,-0.014318,-0.003772,0.091367,0.006221,0.017115,0.001314,0.018115,-0.004803,-0.077535,-0.033458,-0.022071,0.007229,-0.037296,0.091332,0.015896,-0.128367,0.046268,-0.007730,-0.069557,-0.015872,0.045459,-0.096175,0.052220,-0.088985,0.021990,0.101294,0.031168,0.000062,0.052199,0.114696,-0.043114,0.003616,-0.030665,0.018659,-0.013210,-0.125161,-0.005752,0.057741,-0.050590,-0.039137,-0.041548,-0.155804,0.015095,-0.031231,-0.024375,-0.028393,-0.005347,-0.000633,-0.108943,0.033024,-0.084304,-0.001057,0.017340,0.030372,0.002191,-0.016232,0.099436,0.101950,0.042841,0.040009,-0.012504,0.000832,0.024476,0.011980,0.003594,-0.104616,-0.081112,-0.039589,0.029720,0.046854,-0.095249,0.014985,0.013363,-0.054368,0.009648,-0.024622,0.064002,0.053305,-0.031737,0.022313,0.018630,0.001788,-0.019702,0.140022,-0.059684,-0.071027,-0.005593,-0.007195,-0.039890,-0.010034,-0.047734,0.035146,0.064690,-0.124636,0.028131,0.031290,0.029287,-0.034401,0.004565,0.005672,0.080768,0.095759,-0.077889,0.027694,-0.044061,-0.076147,0.067198,0.053162,-0.046417,-0.012544,-0.032947,-0.050989,-0.024304,0.075262,0.054284,0.040611,-0.017462,0.095654,0.021814,-0.006804,0.025949,0.030669,0.098464,0.007362,0.009040,0.059818,0.073805,0.017105,0.004524,-0.077757
-0.010111,0.035931,0.033201,0.017892,0.047808,-0.057213,0.014791,0.069990,-0.032358,-0.076585,-0.006912,-0.068394,0.025085,-0.042507,0.003537,0.020389,-0.002258,0.112281,0.028505,0.025250,-0.066485,0.012152,-0.001430,0.013126,-0.150727,0.039344,0.124721,0.016163,-0.005766,0.007972,0.021881,0.083494,0.051740,-0.035587,0.046699,-0.083049,0.019910,0.059989,-0.006026,-0.114199,0.037125,-0.111760,0.058637,-0.035585,-0.025834,0.086557,-0.045047,0.034646,0.006331,0.038452,-0.073667,-0.084507,0.066373,0.047501,0.045063,-0.087320,0.033973,0.065002,-0.040868,-0.026040,-0.030866,-0.000414,-0.009950,-0.089222,-0.025725,0.060658,0.029478,0.064889,-0.077505,0.027708,-0.057490,0.064089,-0.091668,-0.068389,-0.031223,-0.092917,0.030076,-0.006942,0.040230,-0.013580,0.010794,0.058372,0.091566,-0.140679,0.033856,0.028439,0.106293,-0.026704,0.025264,0.101939,0.055539,-0.100120,0.156081,0.014317,0.053187,0.010295,-0.063972,-0.050823,-0.019813,-0.017616,-0.003504,0.007386,0.034904,-0.026562,-0.017571,-0.037430,0.077797,0.078720,-0.019239,0.043521,0.014081,0.076208,-0.019531,0.020533,-0.021955,0.143121,-0.012835,0.002947,-0.017943,0.061808,-0.071492,0.061624,-0.009613,0.058631,0.008574,0.033482,0.038631,0.060598,0.076705,0.026279,-0.033113,-0.060368,0.018341,-0.018453,-0.071542,-0.033155,0.035317,-0.033106,0.000597,0.090260,-0.004340,-0.074335,0.037780,-0.013045,-0.094804,-0.030466,-0.002034,-0.035622,0.064015,-0.060394,0.024245,0.055535,0.042351,0.076202,0.067247,0.056251,-0.049922,-0.054481,0.037472,0.004487,0.016012,-0.118955,0.043017,0.033867,-0.009448,-0.010847,-0.062374,-0.109885,0.001382,-0.019250,0.002417,0.000572,-0.026441,-0.026576,-0.119579,0.024339,-0.004860,0.030271,0.028418,0.053336,0.053263,-0.012680,0.069872,0.034765,0.063043,0.054137,0.029773,-0.021452,-0.023729,-0.023401,-0.052117,-0.116264,-0.119664,-0.077347,0.008867,0.062131,-0.107672,0.109659,-0.070945,-0.030704,-0.000650,-0.026250,0.022025,0.058614,-0.065337,0.012475,0.014306,-0.061325,-0.017567,0.126710,-0.076122,0.030210,0.003510,-0.046436,-0.064241,0.045939,-0.017867,0.013205,-0.007318,-0.105314,0.040827,-0.047977,0.040269,0.054925,0.030201,0.007473,0.057675,0.128678,-0.042944,0.091507,-0.090382,-0.068044,0.086493,0.043737,-0.026814,-0.025359,-0.012532,-0.074356,-0.012204,0.045718,0.037421,0.003145,-0.007891,0.021549,0.061845,-0.014313,0.030475,0.040205,0.088123,0.092941,-0.024020,0.046298,0.119301,0.005588,0.017822,-0.095274
0.051540,0.053191,0.037399,0.007687,0.052880,0.004181,0.048151,0.079787,0.007033,-0.058846,-0.039809,0.005506,0.005370,-0.035981,0.032731,0.019835,0.031025,0.005575,0.003213,0.021120,-0.019437,0.023449,0.062378,0.019411,-0.072353,0.052608,0.121578,0.038401,-0.001429,0.008974,0.031685,0.056620,-0.014151,-0.067683,0.106963,-0.079843,0.073840,0.094767,0.012995,-0.157186,0.006359,-0.098074,0.060773,-0.035062,-0.027555,0.034564,-0.085052,0.061619,-0.101679,-0.007572,-0.016588,-0.030094,0.039438,0.054879,0.005012,-0.045360,0.043089,-0.001043,0.005140,-0.064819,0.085457,0.071100,-0.104993,-0.034329,-0.076449,0.057685,0.030294,0.081822,-0.093825,0.045195,-0.055968,0.081292,-0.079193,0.001632,-0.014473,-0.097172,0.123931,0.093409,0.055143,0.038538,0.035746,0.048304,0.074655,-0.125944,0.033728,0.016450,0.156182,0.005575,0.000706,0.034227,0.038553,-0.069333,0.187442,0.066371,0.055793,0.011634,0.010751,-0.053733,-0.085600,-0.024412,-0.022929,0.044411,0.009527,-0.060228,-0.025943,-0.057270,0.087325,0.081730,-0.035799,0.024737,-0.021375,0.017065,0.034433,0.017757,-0.019676,0.090475,-0.088234,-0.057746,-0.031011,0.049832,-0.080241,0.049074,0.015073,0.059706,0.011024,-0.028624,-0.030951,0.054977,0.041235,0.047727,-0.020476,0.009727,0.014530,-0.022472,-0.104144,-0.087401,0.025756,-0.035461,0.042512,0.073497,0.002362,-0.030844,0.050544,-0.015758,-0.064111,-0.018966,0.047342,-0.003723,0.022956,-0.032782,-0.009288,0.061730,-0.036967,0.051076,0.117972,0.108733,-0.046791,-0.047941,0.012916,0.001388,0.031690,-0.079083,0.058496,-0.014134,-0.035596,-0.023085,-0.036898,-0.139844,0.011518,-0.039402,-0.027476,0.060617,0.013263,-0.004885,-0.059106,0.034547,-0.053934,0.008988,0.011576,0.062421,0.046559,0.007460,0.078277,0.106607,0.044284,0.023556,-0.010873,-0.024886,-0.039557,-0.056152,-0.031355,-0.111420,-0.041555,-0.026344,0.035939,0.034875,-0.070446,0.083091,-0.014510,-0.075532,0.002982,0.022977,0.075558,0.109943,-0.037262,-0.014788,-0.040102,-0.065160,-0.001513,0.099070,-0.006659,-0.065109,-0.011574,-0.042288,-0.008390,-0.037649,-0.006131,0.000283,0.039523,-0.120571,0.030789,0.036586,0.011143,-0.036888,0.016611,0.000711,0.045461,0.083372,-0.071371,0.024235,-0.021589,-0.089572,0.111839,0.028430,-0.048027,0.047404,0.007047,-0.096159,-0.083987,0.032479,0.024785,-0.062305,0.006018,0.029033,0.032040,-0.008688,-0.009852,0.016939,0.105556,0.035490,0.013689,0.052846,0.137843,0.038795,-0.010682,-0.071542
0.026436,0.028685,0.057359,-0.007600,-0.020842,0.043840,0.056128,0.047563,0.002908,-0.087501,0.005779,-0.033917,-0.073410,-0.005054,-0.008248,-0.045524,-0.057529,0.013858,0.065812,-0.003886,-0.031615,0.051178,0.077375,0.062957,-0.047113,0.036648,0.089792,0.021331,-0.015673,0.039911,0.039562,0.010147,-0.022450,-0.062004,0.071633,-0.067506,0.045834,0.078290,0.007446,-0.065989,0.052635,-0.061022,0.086266,-0.023350,-0.019053,0.083655,-0.031620,0.069566,-0.084680,0.023068,0.050809,-0.096162,0.006520,0.001332,0.013957,-0.052221,0.033385,-0.022582,0.049269,0.023194,0.003052,-0.002113,-0.069833,-0.009152,-0.006414,0.073594,0.045834,0.035141,-0.058403,0.032671,-0.057555,0.070492,-0.067807,-0.029624,-0.087078,-0.030889,0.016606,0.046675,-0.044019,-0.001349,0.065243,0.033337,0.082639,-0.060135,-0.038060,0.009676,0.060265,0.014510,-0.045170,0.018563,0.019019,-0.060187,0.189388,0.070382,0.032303,0.043210,-0.007217,-0.061223,0.039968,0.022497,0.028634,0.032860,0.006710,-0.023315,-0.081077,-0.006866,0.064353,0.043585,-0.059175,0.014664,-0.010861,0.035944,0.011175,-0.022025,-0.012804,0.087104,-0.129641,0.034865,0.002625,0.011928,-0.107805,0.099820,-0.027066,0.009194,-0.018521,-0.027907,0.021955,0.026405,0.045901,-0.013354,-0.058811,-0.066514,0.088486,-0.070357,-0.015604,-0.080881,0.021530,0.032247,-0.060891,0.050514,0.039857,-0.053226,0.051598,0.023289,-0.073369,0.062710,0.081663,-0.057715,-0.022495,-0.055452,-0.007970,0.015350,0.000041,0.066436,0.049924,0.157070,-0.028806,-0.035962,0.022657,0.030045,0.025310,-0.132411,0.028069,0.022622,-0.013761,0.005308,-0.049235,-0.141370,0.000115,-0.084142,0.029213,0.027115,0.013161,0.002054,-0.098251,0.076977,-0.052792,0.041029,0.062832,-0.012914,-0.019441,-0.032578,0.084438,0.066011,0.092264,0.027688,0.050805,0.028179,-0.060087,-0.076829,-0.034259,-0.046754,-0.064951,0.034337,0.088414,-0.010735,-0.106754,0.064487,-0.019656,-0.075774,0.036616,-0.026681,0.055778,0.042747,0.023023,0.061263,-0.069834,-0.040595,0.028221,0.167183,-0.067837,-0.133243,0.029361,-0.060596,-0.024487,-0.016097,-0.087838,-0.029080,0.040485,-0.089448,0.037538,0.008078,-0.006083,0.026152,-0.022272,-0.008084,0.095896,0.119788,-0.053865,0.060848,-0.007004,-0.070821,0.106939,0.036056,-0.050213,-0.036416,-0.035944,-0.012210,-0.078460,0.025085,0.045742,0.009583,-0.025537,0.038462,0.071967,0.024061,0.024484,0.054861,0.151409,-0.016268,-0.014963,0.060632,0.120155,-0.049441,0.020713,-0.042131
0.054172,0.004050,0.009503,0.009089,0.052439,0.044201,0.068138,0.045295,-0.071332,-0.041044,-0.017289,-0.022135,0.010687,-0.024452,0.015161,0.030315,0.026554,-0.003524,-0.008577,0.027573,-0.061024,-0.008431,0.013226,0.054340,-0.087042,0.012476,0.124499,0.001959,0.022790,0.043658,0.045441,-0.031090,-0.038433,-0.021906,0.064967,-0.100398,0.047566,0.104145,0.047762,-0.115879,0.065680,-0.097058,0.082142,-0.025959,-0.047215,0.075659,-0.066041,0.047819,-0.127930,0.061280,0.041458,-0.058584,0.025816,0.050678,0.018103,-0.042503,0.067754,0.013791,0.022952,0.071000,0.030495,-0.029694,0.016064,-0.007678,0.051705,0.082631,0.062453,0.049064,-0.084457,0.004371,-0.051572,-0.012723,-0.047643,-0.037116,-0.070457,-0.008368,0.066897,0.039403,0.068665,-0.014303,0.040515,-0.018540,0.088748,-0.104816,0.008954,0.017031,0.128786,0.033094,0.040845,0.081963,0.047687,-0.035784,0.139312,0.032413,0.068207,0.012849,-0.021702,-0.044246,-0.056805,-0.047333,0.052198,-0.007535,-0.029723,-0.020132,-0.053331,-0.048240,0.016535,0.051094,-0.002612,0.022544,0.068213,0.041586,0.031547,-0.015996,0.041968,0.065397,-0.051341,-0.015695,-0.056056,-0.018876,-0.039343,0.060794,-0.015376,0.039839,0.037192,-0.041834,0.042715,0.083249,0.027278,0.057536,-0.007828,-0.056760,0.055213,-0.049738,-0.092923,-0.027703,0.045506,0.009996,-0.028784,0.049789,0.044662,-0.033793,0.059101,0.010573,-0.018693,0.053808,0.087131,-0.055304,0.012443,-0.033417,0.051737,0.036730,-0.029335,0.017707,0.071606,0.096682,0.016762,-0.052079,-0.002650,-0.005647,-0.028533,-0.139463,0.055875,0.033873,-0.059859,0.049246,-0.082903,-0.059278,0.029797,-0.084470,-0.008480,0.000121,0.039945,-0.024833,-0.071852,0.040184,-0.077382,0.057766,0.004185,-0.006183,0.023339,-0.026218,0.049470,0.014661,0.041156,0.044414,0.064803,0.009206,0.010426,-0.047609,-0.022344,-0.060004,-0.016390,0.001109,0.013303,0.044176,-0.108851,0.043103,-0.039221,-0.066725,-0.013229,-0.000257,0.055372,0.106504,0.012302,0.012698,-0.039035,-0.054896,-0.063614,0.094461,-0.061795,-0.058029,-0.031977,-0.005045,-0.127974,-0.055217,-0.043746,0.009676,0.035167,-0.112739,0.010871,0.044140,-0.031582,0.047912,0.021944,-0.027776,0.086581,0.139893,-0.031731,0.035384,-0.083106,-0.037570,0.091227,0.036530,0.027115,-0.033305,0.026419,-0.064014,-0.061404,0.073938,0.082759,0.002609,-0.003262,0.089677,0.094820,0.019543,0.001576,0.048736,0.083028,-0.050464,-0.052158,0.065283,0.112045,-0.043231,-0.046306,-0.108223
0.021312,0.048772,0.075614,0.068916,0.076592,0.026383,0.022411,0.055765,-0.001034,-0.067164,-0.010121,-0.011737,-0.016563,-0.058471,0.035488,0.043300,0.015063,0.034945,0.038983,0.072068,-0.001868,-0.001294,0.042957,0.033230,-0.116254,0.063893,0.079707,-0.009768,0.038347,0.062291,0.018662,0.036326,-0.003702,0.004703,0.102314,-0.056381,-0.019940,0.115872,0.113241,-0.165328,0.048960,-0.033286,0.052878,-0.043896,-0.059745,0.030130,-0.088310,0.017248,-0.064390,0.088161,-0.025253,-0.032006,0.013318,0.049783,-0.032720,0.031963,0.067827,0.023784,0.007730,0.022825,-0.016070,0.059198,-0.040141,-0.007938,0.004162,-0.014986,0.100569,0.078431,-0.070657,0.016752,-0.013810,0.041176,-0.096464,-0.037377,-0.046849,-0.051083,0.056297,0.080884,0.037214,0.040466,0.045406,0.028659,0.150558,-0.060171,0.019601,0.029120,0.166124,0.030275,0.047653,0.044676,0.073696,-0.023983,0.162884,-0.011285,0.009334,0.068275,-0.014024,-0.012972,-0.054612,-0.025978,0.029672,-0.019584,-0.017627,-0.032442,-0.017310,-0.033887,0.078236,0.076343,0.001629,-0.006931,0.096078,0.033888,0.038806,0.000966,-0.023798,0.134178,-0.048944,-0.019803,-0.059063,-0.008433,-0.061360,0.046432,-0.054818,0.050501,0.028089,-0.042922,0.002046,0.020497,0.054575,0.075763,-0.007089,-0.040767,0.042705,-0.045102,-0.109594,-0.019509,0.027726,-0.050823,-0.036984,0.105453,0.029150,-0.024722,0.027948,0.012710,-0.055571,-0.032407,0.049910,-0.065296,0.028070,-0.085411,-0.039576,0.006180,0.031971,0.018648,0.013280,0.023657,-0.082073,-0.026609,-0.014110,-0.005885,0.012058,-0.126813,0.066912,0.009833,-0.003070,0.006684,-0.043498,-0.148707,0.051805,-0.056727,-0.025824,0.008647,-0.041771,-0.022721,-0.091056,0.031148,-0.067816,0.039889,0.050290,-0.017300,0.002503,-0.000056,0.086882,0.057407,0.021311,0.091412,0.003565,0.039288,-0.073974,-0.056369,-0.046232,-0.057915,-0.085189,-0.052835,0.010433,0.048103,-0.055554,0.079456,-0.073466,-0.068944,-0.028151,-0.018550,0.108438,0.094302,-0.024335,-0.025801,-0.039960,-0.026143,0.011888,0.145655,-0.061368,-0.033922,-0.042617,-0.025125,-0.068771,0.022976,-0.086653,0.018799,0.011546,-0.155817,0.023862,0.009601,0.000276,-0.011286,0.023608,-0.052747,0.093034,0.100271,-0.015060,0.042050,-0.037657,-0.043746,0.116868,0.044416,-0.009842,-0.056391,-0.011131,-0.100427,-0.044421,0.087498,-0.007524,-0.016721,-0.041372,-0.010839,0.009679,-0.065048,-0.006613,0.014649,0.146519,0.036668,0.021299,0.016916,0.130022,0.035853,-0.046466,-0.106842
0.058117,0.021566,0.047286,-0.011787,0.050129,0.049487,0.041207,0.120570,0.004015,-0.105996,0.041596,-0.037548,-0.022221,-0.030672,0.007433,-0.003218,-0.029010,-0.034108,-0.005522,0.003114,-0.037178,0.081761,0.031104,0.062733,-0.119106,0.028385,0.131163,0.016444,-0.031482,0.018359,0.037029,0.038054,0.008186,-0.037442,0.056470,-0.064931,0.039027,0.060882,-0.001306,-0.064431,0.045564,-0.045467,0.025437,-0.058382,-0.122234,0.024048,-0.003289,0.006966,-0.027189,0.023239,0.024958,-0.072193,0.078221,0.014935,-0.021920,-0.039129,0.013875,-0.007105,0.000244,0.007269,0.043294,-0.031897,-0.027127,-0.009620,-0.037695,0.080365,0.035442,0.089383,-0.070746,0.002452,-0.060956,0.076763,-0.121471,-0.017124,-0.049588,-0.061420,0.036114,0.047386,0.035386,-0.012460,0.039549,0.060913,0.066108,-0.123714,0.029328,0.055409,0.062741,0.038727,0.074334,0.026746,0.064567,-0.010631,0.162391,-0.008362,0.075561,0.056239,-0.001351,-0.036740,0.005142,0.002248,0.022166,0.053530,0.055538,-0.056815,-0.035635,-0.021581,0.112414,0.033515,-0.010475,0.017422,-0.001527,0.005369,0.056565,0.039223,-0.024362,0.051321,-0.050163,-0.081739,-0.048322,0.028681,-0.056643,0.083028,0.004557,-0.001255,-0.055385,-0.009534,0.021601,0.054935,0.032991,0.024157,-0.004930,-0.015445,0.034471,-0.029235,-0.053565,-0.000799,0.009132,-0.045926,-0.059776,0.073903,0.009101,-0.036753,0.004426,-0.060362,-0.027183,0.020603,0.067121,-0.025543,0.002547,-0.019331,0.025227,0.088064,-0.011788,0.010825,0.068194,0.119664,-0.026512,0.003780,-0.004948,0.035344,-0.029920,-0.119574,0.052721,0.032610,-0.044531,0.025716,-0.012611,-0.122962,-0.001901,-0.017506,0.005793,0.052039,-0.004492,-0.017643,-0.068593,0.032072,-0.046518,0.018533,0.031192,0.012166,-0.057040,-0.013506,0.123604,0.035137,0.045813,-0.002221,-0.027013,-0.020588,-0.015317,-0.031911,-0.035166,-0.060948,-0.112061,-0.027446,0.016526,0.047467,-0.058918,0.081403,-0.016625,-0.063373,0.004733,-0.030537,0.111798,0.082280,-0.053898,0.023339,-0.046871,-0.040358,-0.037497,0.132990,-0.036201,-0.044606,0.033850,-0.043533,-0.049353,0.011205,-0.032528,0.035802,0.033038,-0.067173,0.056099,0.034996,-0.049124,-0.015014,-0.037444,-0.026872,0.061952,0.129397,-0.020577,0.080097,0.000301,-0.076841,0.092084,0.069549,-0.014086,0.045579,0.016715,-0.072610,-0.028833,0.075667,0.023839,-0.010981,-0.016580,0.007929,0.046968,-0.012993,-0.003917,0.051534,0.070170,0.038279,-0.001921,0.070399,0.138084,0.023654,0.017844,-0.101761
0.024168,-0.003604,0.057024,0.013959,0.063013,0.025453,0.051760,0.062190,-0.021883,-0.095078,0.011983,0.014756,-0.036241,-0.039347,-0.008965,0.049744,0.001631,0.005897,0.026316,0.037467,-0.018437,0.045067,0.044638,0.005660,-0.038441,0.067693,0.128475,-0.017411,-0.023124,0.048041,0.016690,0.054380,0.009592,-0.010824,0.110889,-0.094037,0.096564,0.036545,-0.006261,-0.064615,0.024378,-0.003494,0.061450,-0.090892,-0.055344,0.014035,-0.049168,-0.014431,-0.031330,0.070977,-0.031453,-0.109759,0.034237,0.065361,-0.050849,-0.101706,0.052948,-0.022739,0.031693,-0.010639,0.028700,-0.010549,-0.063922,-0.029464,-0.031241,0.099763,0.005079,0.035047,-0.067260,0.015913,-0.021200,0.104399,-0.087266,0.040787,0.013175,-0.089269,0.053427,0.038275,0.031791,-0.011904,0.022480,0.095677,0.042868,-0.056170,0.034711,0.036239,0.111745,0.066868,0.021826,0.002598,0.073281,-0.063717,0.150595,0.040800,-0.030373,-0.002563,-0.070416,0.004770,-0.001693,0.022101,0.005459,0.024729,-0.043813,-0.054790,-0.033704,-0.004523,0.019315,0.078100,-0.018029,0.022415,-0.019500,0.020976,-0.036093,0.010301,-0.022615,0.119203,-0.020508,-0.018487,-0.044566,0.000811,-0.079632,0.067748,-0.057291,0.012319,0.009473,-0.008980,0.059548,0.082237,0.080310,0.034453,-0.059122,-0.007335,0.039787,-0.014049,-0.056532,-0.053504,-0.009353,0.021487,-0.053426,0.101170,0.058328,-0.044631,0.057974,-0.009706,-0.021369,0.001356,0.056461,-0.060372,0.032566,-0.050041,0.002626,0.052654,0.015959,0.036282,0.000622,0.082632,-0.067329,0.000480,-0.006775,-0.011479,0.005567,-0.131337,0.068019,-0.004037,-0.003522,-0.002669,-0.053069,-0.117615,0.025498,-0.043639,-0.030643,0.019919,0.008352,-0.000133,-0.037571,0.048168,-0.070045,0.054825,-0.059856,0.057291,0.076857,0.010313,0.128620,0.100328,-0.038750,0.074284,-0.025888,-0.046786,-0.021517,-0.020887,0.002173,-0.079299,-0.069887,-0.051267,0.005074,-0.006949,-0.025615,0.043722,-0.010729,-0.095507,0.049727,-0.011482,0.042276,0.069993,-0.001951,-0.002022,-0.053381,-0.047201,0.037894,0.161381,-0.032587,-0.048737,-0.059776,-0.074982,-0.021766,0.009237,-0.064515,0.037777,0.070310,-0.098717,0.070561,0.032375,-0.036887,-0.030120,-0.008134,-0.028229,0.139387,0.091032,-0.049257,0.068071,-0.003461,-0.010534,0.044983,0.042983,-0.062783,0.018026,-0.076949,-0.075223,-0.005444,0.102435,0.047011,-0.008374,0.039822,0.017529,0.005891,-0.001197,0.004830,0.008057,0.103831,0.049706,0.047869,0.077987,0.063981,-0.011181,0.046288,-0.117970
-0.006646,0.012483,0.072765,0.033165,0.040895,-0.036510,0.109812,0.073447,-0.053682,0.011995,-0.036434,-0.064275,-0.020554,-0.002041,-0.000677,0.090611,0.035666,0.037317,0.011228,0.073774,0.052563,0.014550,0.050117,-0.014564,-0.064618,0.005525,0.143902,-0.021871,-0.012136,-0.053385,0.010422,0.023589,-0.024982,-0.083419,0.084804,-0.108748,0.005793,0.063558,0.034141,-0.087357,0.005569,-0.088870,0.096490,-0.104749,-0.053681,0.022876,-0.079026,0.020644,-0.088399,0.055240,-0.038108,-0.038072,0.023353,0.060433,0.013328,-0.049772,0.051369,-0.000640,-0.018771,-0.026627,0.011306,-0.005700,0.011565,-0.022254,-0.036042,-0.019591,0.023539,0.112068,-0.093393,0.051931,-0.029740,0.077756,-0.095058,-0.033973,-0.014041,-0.140723,0.090524,0.072460,0.040307,-0.003983,0.071943,-0.007412,0.080049,-0.097373,0.059351,0.047887,0.104348,-0.001514,0.067021,0.103882,0.052376,-0.071268,0.175738,0.025447,0.003444,0.010152,-0.045252,-0.046885,-0.013722,-0.026481,0.056705,-0.027947,0.082526,-0.022867,-0.028788,-0.041669,0.055711,0.061893,-0.044218,-0.027836,-0.042817,-0.018797,0.005403,-0.044591,-0.030641,0.129417,-0.030361,-0.024028,-0.108000,0.042099,-0.117197,0.101364,-0.007194,0.031894,0.001825,0.030895,-0.021548,0.075041,0.079520,0.028874,0.026395,-0.028555,0.044170,-0.022514,-0.052945,-0.091267,-0.011785,-0.052732,0.007183,0.076623,0.060024,-0.078575,0.094156,0.014388,-0.092802,0.004223,0.053880,-0.051879,-0.073173,-0.037730,-0.020591,0.080877,0.009026,0.057192,0.073195,0.046478,-0.048424,-0.034048,0.020662,-0.021878,0.017539,-0.114410,0.039126,-0.002339,0.011877,0.028983,-0.006938,-0.114098,0.025864,-0.098506,0.011138,0.012723,-0.005922,-0.039994,-0.097469,0.061976,-0.019021,0.058353,0.065647,0.002365,0.021475,0.062886,0.085012,0.047425,0.043451,0.042122,-0.025185,-0.028330,-0.024035,-0.056727,-0.066180,-0.098072,-0.065650,-0.010548,0.014889,0.070948,-0.004754,0.072713,-0.017660,-0.057238,0.055358,-0.012332,0.023577,0.090000,-0.042385,-0.040727,-0.070552,-0.092637,-0.032102,0.153896,-0.042347,-0.073631,-0.040425,0.046354,-0.045858,-0.005709,-0.046285,-0.041285,0.049041,-0.100627,0.046470,0.013016,0.000349,0.014091,0.008259,-0.024280,0.019777,0.062454,-0.054093,0.028100,-0.102863,-0.128345,0.077926,0.046067,-0.033298,-0.051143,-0.040014,-0.115216,-0.027116,0.035046,0.019849,0.029701,-0.015534,-0.015750,0.067036,-0.003193,-0.023150,-0.000040,0.137153,0.057693,0.027224,0.050353,0.152321,-0.019460,-0.049434,-0.060927
0.036349,0.028848,0.096712,0.022538,0.055143,-0.004248,0.058771,0.077287,0.022824,-0.073644,0.047421,-0.047709,0.025315,-0.064949,-0.009710,0.026734,0.005703,0.049963,0.084742,0.042909,0.045639,0.022932,0.035822,0.031043,-0.110734,0.068208,0.130892,-0.023660,0.011494,0.066051,0.066925,-0.019211,-0.062734,-0.023848,0.111707,-0.110415,0.060888,0.088514,0.044983,-0.129809,-0.010205,-0.078898,0.058686,-0.097305,-0.024948,0.025608,-0.032891,0.069766,-0.078493,-0.018655,-0.023901,-0.061627,0.048840,0.023056,0.012934,-0.049735,0.077002,0.033960,-0.002045,0.010879,0.009173,-0.003028,-0.053917,0.003218,0.002063,0.063703,0.014977,0.072027,-0.121892,0.026190,-0.072817,0.047714,-0.151189,-0.041805,-0.070310,-0.110741,0.025119,0.060168,0.046922,0.041402,0.055727,0.083443,0.105580,-0.101081,0.045504,0.008359,0.113057,0.010004,0.017983,0.072236,0.102286,-0.036022,0.177295,0.004054,0.074319,-0.027304,-0.005713,-0.018750,-0.047271,-0.016927,0.018019,0.020891,0.064926,-0.013064,0.018361,-0.042299,0.076183,0.072011,-0.038042,-0.018976,0.003117,0.026921,0.019939,0.018673,-0.027338,0.098159,-0.037899,-0.028112,-0.042929,0.029243,-0.054700,0.057015,0.014164,0.042502,0.028316,-0.023350,0.013422,0.049239,0.074576,0.050264,-0.026059,-0.017951,0.031205,-0.036358,-0.047620,-0.079336,-0.022093,0.008402,-0.046318,0.078541,0.019542,-0.021760,0.023943,0.012033,-0.057979,-0.023450,0.050052,-0.097835,0.026911,-0.069202,-0.042445,0.059563,-0.017842,0.053305,0.037041,0.064176,-0.064800,-0.064117,-0.035512,0.012989,0.024807,-0.100433,0.019098,0.062498,0.018562,0.064735,-0.053263,-0.129998,-0.000719,-0.024455,-0.050108,0.024041,-0.036574,-0.053572,-0.072447,0.024706,-0.063614,0.068002,-0.002403,0.005840,0.010857,-0.022504,0.087135,0.064962,0.003201,0.033567,-0.015810,0.002582,-0.028273,-0.096896,-0.049050,-0.079767,-0.090771,-0.025591,0.006876,0.033222,-0.024820,0.069221,-0.002510,-0.066446,0.025721,-0.051139,0.047431,0.047611,-0.007026,0.040455,-0.074831,-0.005481,-0.010989,0.124135,-0.032894,-0.010818,0.012295,-0.027402,-0.072680,-0.012429,-0.025934,0.027560,0.051792,-0.099026,0.025543,-0.006303,-0.018840,-0.018060,-0.026013,-0.015815,0.070139,0.091999,-0.037757,0.017632,-0.018387,-0.085602,0.155197,0.049229,-0.040513,0.003602,0.006544,-0.081597,-0.016305,0.102514,0.027916,0.002700,0.014692,0.003142,0.076670,-0.030275,0.037311,0.016090,0.097763,0.045133,-0.016486,0.080911,0.118197,0.053472,-0.014391,-0.124350
0.013413,0.034888,0.052704,0.040251,0.006984,0.014550,0.019397,0.056333,-0.030622,0.013180,0.017388,-0.066518,0.022130,-0.082770,-0.000500,0.019396,-0.023697,0.028348,0.013427,0.032604,0.005470,0.046162,0.013041,0.027723,-0.115760,-0.013597,0.130082,0.037250,0.004558,-0.043465,0.070807,0.027824,0.013088,-0.055155,0.073450,-0.094762,0.041822,0.149746,0.008861,-0.070756,-0.001995,-0.059171,-0.000845,-0.084779,-0.047915,0.042602,-0.022264,-0.005210,-0.084854,0.025388,-0.050788,-0.017411,0.044622,0.090292,-0.078957,-0.040184,0.029706,0.042538,0.028691,0.036626,-0.004409,-0.023301,-0.008525,-0.045959,-0.024380,0.009897,0.066025,0.054227,-0.162166,0.038281,-0.031174,0.023984,-0.083745,-0.047788,-0.070340,-0.057388,0.101992,0.090563,0.047394,-0.004215,0.015350,0.049748,0.154999,-0.122475,0.006877,-0.001416,0.163638,0.067157,0.016097,0.057120,0.034709,-0.065051,0.149320,0.011694,-0.011647,0.031926,-0.006893,-0.003064,-0.050426,-0.022960,-0.006480,0.028400,0.056701,-0.051492,-0.088232,-0.024279,0.078226,0.040801,-0.011354,-0.039193,0.014638,0.006744,-0.011774,-0.005703,-0.000159,0.080921,-0.049446,0.001507,-0.030619,0.048243,-0.057430,0.042757,-0.025791,-0.018872,0.037212,-0.030095,0.053677,0.070235,0.058045,0.039748,0.019478,-0.021577,0.040317,-0.038178,-0.099871,-0.087519,0.007485,-0.009233,-0.046505,0.048039,0.010915,-0.077154,0.013550,0.004513,-0.045617,0.013984,0.045139,-0.040383,0.032110,-0.045814,0.031965,0.059229,0.015523,0.025356,0.043549,0.078523,-0.020801,-0.046749,-0.016768,0.017465,-0.063964,-0.129754,0.060025,0.017857,-0.049687,0.023311,-0.080888,-0.075565,-0.024802,-0.006230,0.031296,0.021414,0.003366,-0.027676,-0.085633,0.038921,-0.070572,0.047207,-0.023149,0.034834,-0.045185,0.004917,0.074108,0.041176,0.058839,0.134572,0.044495,-0.013358,0.040819,-0.075907,-0.045079,-0.056165,-0.058727,0.000137,0.045620,0.008032,-0.103581,0.098759,-0.049163,-0.045789,-0.011986,0.014689,0.097787,0.097727,-0.066442,0.018184,-0.036507,-0.033765,0.017574,0.084619,-0.099078,-0.009296,0.016720,-0.000078,-0.062539,-0.031530,-0.059624,0.003014,0.064892,-0.112407,0.031713,0.006581,-0.032273,-0.018500,0.053810,-0.048996,0.035345,0.094762,-0.037613,0.086561,-0.011919,-0.070886,0.071943,0.045354,-0.021849,0.011886,-0.011769,-0.086329,-0.046170,0.039866,0.072038,-0.032822,0.018197,0.012604,0.033006,0.004278,-0.019764,0.030605,0.125231,0.058144,-0.031764,0.075787,0.130066,0.006176,-0.031351,-0.111761
0.037365,0.050561,0.071818,0.009449,0.064007,-0.001575,0.050274,0.061433,-0.058840,-0.078149,0.027508,-0.073025,0.007144,-0.081313,-0.008088,0.030464,0.011803,0.100750,0.041286,0.028088,0.034735,0.024150,0.085076,0.035847,-0.112043,0.090039,0.112383,-0.004522,-0.008785,0.019211,0.052667,0.072037,-0.008201,0.021321,0.136135,-0.044157,0.009399,0.061936,0.029627,-0.065614,0.029673,-0.052318,0.102842,-0.069450,-0.071638,0.085566,-0.112114,0.035860,-0.023283,0.076611,-0.078971,-0.074100,0.026495,0.048364,-0.008637,-0.020617,0.039352,0.028054,0.005580,-0.037954,0.021130,-0.004580,-0.006821,-0.002396,0.010181,0.064952,-0.007140,0.040616,-0.090218,-0.041817,-0.025076,0.092256,-0.116028,-0.054386,-0.055073,-0.150093,0.042529,0.017728,-0.001547,0.047408,0.036968,0.025093,0.070971,-0.095644,0.034999,-0.038195,0.115829,-0.003582,-0.007791,0.070818,0.044535,-0.066490,0.106168,0.040590,0.033360,0.028400,-0.031351,-0.042874,-0.041104,-0.023187,0.026095,-0.073680,0.067616,-0.005237,-0.028423,-0.034803,0.095411,0.089430,-0.014841,-0.034802,0.023514,0.010454,0.039601,-0.018304,-0.016136,0.131734,-0.001277,-0.055658,-0.030045,0.009700,-0.057362,0.051237,-0.066691,0.043259,-0.003092,-0.019128,0.006229,0.050028,0.098463,0.076142,0.027727,-0.035452,0.003247,-0.003536,-0.064086,-0.016593,0.009401,0.021954,-0.032094,0.044420,0.084043,-0.049516,0.050833,-0.009653,-0.080990,0.004593,0.086783,-0.062078,0.031710,-0.022705,0.029650,0.009924,-0.023634,0.091291,0.039573,0.080447,-0.076576,-0.056427,0.064063,0.005066,-0.040250,-0.166019,0.028171,0.011405,-0.048712,0.041421,-0.041582,-0.116335,0.010009,-0.076309,-0.091228,-0.009581,-0.016849,-0.069518,-0.156319,0.084392,-0.071959,0.048412,0.069489,0.054116,0.004714,0.036557,0.131998,0.072833,0.025492,0.052474,0.009204,0.049167,0.016772,-0.043196,-0.050517,-0.067389,-0.104912,-0.054992,-0.000952,0.056483,-0.066385,0.072905,-0.081096,-0.059604,0.016013,-0.088757,0.090486,0.078339,-0.036409,0.023178,0.021241,-0.080186,-0.016323,0.139556,-0.079665,-0.064924,-0.047120,-0.047571,-0.052776,0.042473,-0.039997,0.003803,0.047765,-0.167649,-0.007784,-0.024484,-0.015005,0.015812,0.034847,-0.061410,0.042489,0.110276,-0.022424,0.030788,-0.014847,-0.086559,0.146137,0.057025,-0.023089,0.024867,-0.040290,-0.047182,-0.019857,0.068572,0.050678,-0.045304,-0.010236,0.007003,-0.012743,-0.042126,-0.075609,0.023163,0.065574,0.023661,0.072591,0.043932,0.120823,0.055796,0.026098,-0.121749
0.016566,0.025554,0.053075,0.018973,0.037943,0.017591,0.068900,0.058486,-0.002278,-0.063584,-0.029011,-0.030931,-0.019231,-0.071926,0.027205,-0.002186,0.039309,0.014196,0.031567,0.045032,0.010597,-0.004576,0.019030,0.065088,-0.113524,0.072488,0.148121,0.019947,-0.012148,0.005279,0.037706,0.029391,0.004621,-0.083474,0.092275,-0.093304,0.044312,0.058596,0.042284,-0.132260,-0.013538,-0.059300,0.040988,-0.100282,-0.032654,0.019818,-0.047758,0.056145,-0.080482,0.043130,-0.010921,-0.052949,0.002932,0.082928,0.040366,-0.053929,0.085299,0.014223,0.051900,0.028727,0.070652,0.008277,-0.004328,-0.055057,-0.062683,0.015660,0.088765,0.067424,-0.056872,0.059924,-0.042507,-0.006265,-0.069620,-0.035828,-0.050148,-0.093904,0.092528,0.048233,0.024617,0.053019,0.058196,0.038862,0.087643,-0.172498,-0.005995,0.016165,0.098193,0.032061,-0.029564,-0.017182,0.049678,-0.045367,0.144159,-0.004490,0.051502,0.010082,0.011300,-0.051345,-0.026848,-0.029727,-0.008844,0.016924,0.052941,0.021116,-0.050224,-0.074691,0.045470,0.079599,-0.052564,-0.032444,0.061601,0.004117,-0.015999,0.012931,-0.035234,0.059027,-0.068996,-0.007136,-0.058742,0.073387,-0.030381,0.065329,-0.038553,0.060653,0.019456,0.015200,-0.020726,0.029062,0.055293,0.001137,0.000484,-0.017726,0.026908,-0.004118,-0.048312,-0.044996,-0.008864,-0.017661,-0.024042,0.067327,-0.057829,-0.008482,0.003130,-0.026057,-0.104859,-0.019868,0.063450,-0.050379,0.017048,-0.050739,-0.001615,0.056531,0.019816,0.053101,0.045901,0.076776,-0.016422,-0.015843,-0.013152,-0.002593,-0.012883,-0.079885,0.051542,0.017680,0.030332,0.032934,-0.064412,-0.084033,0.035976,-0.051981,-0.019059,0.010846,-0.056565,-0.021109,-0.089411,0.026610,-0.101597,0.020892,-0.006466,-0.000591,-0.038642,0.022517,0.058638,0.032151,-0.007059,0.041828,-0.021321,-0.025858,0.017363,-0.044743,-0.029948,-0.064528,-0.055744,0.016843,0.023555,0.041125,-0.042594,0.076635,-0.007729,-0.026190,0.038890,0.033504,0.103257,0.076594,-0.032471,0.001904,-0.025067,-0.046198,0.067450,0.144294,-0.037755,-0.059129,-0.006672,-0.031107,-0.032913,-0.014933,-0.033615,-0.025659,0.089778,-0.115462,0.029021,0.015581,-0.020949,0.017589,0.003212,-0.053808,0.054095,0.072663,-0.079061,0.050629,-0.044795,-0.038564,0.060046,0.043626,-0.038567,0.022312,0.031915,-0.073967,-0.079630,0.083104,0.016577,0.020793,0.032508,0.006316,0.078891,0.011228,-0.016394,-0.021120,0.166279,0.024013,-0.015832,0.066597,0.053783,-0.004703,-0.014857,-0.042615
0.044587,0.023601,0.054186,-0.009927,0.073493,-0.004331,0.040562,0.041458,0.012781,-0.066291,-0.005879,-0.055919,0.028536,-0.024749,0.021134,0.038895,-0.057827,0.001547,0.026993,0.076033,0.056009,0.021971,0.036996,0.074240,-0.167359,0.047109,0.054395,0.031060,0.028284,0.035957,0.029424,0.053042,-0.001824,-0.053437,0.120797,-0.059995,0.092700,0.086843,0.021317,-0.180663,0.025123,-0.095570,0.123173,-0.115423,0.017034,0.017491,-0.103785,0.082448,-0.050567,0.017643,-0.051247,-0.051733,0.035568,0.020981,-0.001188,-0.017949,0.046771,0.038864,0.031912,-0.014797,-0.042859,0.000120,-0.051777,-0.002102,-0.028098,0.051301,0.033306,0.033560,-0.000844,0.024136,-0.044960,0.103955,-0.109720,0.019225,-0.016472,-0.113574,0.059846,0.061016,0.043951,-0.003226,0.035690,0.067477,0.097541,-0.138872,0.051450,-0.014483,0.160842,-0.020392,0.031186,0.035880,0.011011,-0.025190,0.118445,0.003380,0.040259,0.007422,-0.036361,-0.000927,-0.024979,-0.035574,0.048646,-0.016730,0.069218,-0.038732,0.014475,-0.082792,0.114144,0.072395,-0.004291,0.017082,-0.008094,0.074692,0.006086,-0.028687,-0.046279,0.076332,-0.130524,-0.008878,-0.006149,-0.032370,-0.131327,0.053377,-0.043956,0.090870,0.006122,-0.037821,0.016256,0.105542,0.086177,0.069205,-0.072751,-0.016674,0.006002,-0.042119,-0.070900,-0.033003,0.002426,-0.041533,-0.011611,0.017278,-0.014843,-0.041848,0.037473,-0.023395,-0.082757,-0.047181,0.004003,-0.080771,-0.001293,-0.047170,0.053080,0.029445,0.002560,0.076305,0.104716,0.132493,-0.018356,-0.033002,0.055011,0.048763,-0.020984,-0.104642,0.097995,0.008435,-0.044072,-0.000610,-0.074937,-0.124408,0.072071,-0.036387,-0.063057,0.009022,-0.025339,-0.064141,-0.073297,0.024787,-0.015228,0.063230,0.016243,0.067336,0.016823,0.001008,0.071697,-0.003123,0.078018,0.039995,0.011993,0.018452,-0.038422,-0.038518,-0.038895,-0.048635,-0.130421,-0.022494,-0.051801,0.020584,-0.026892,0.108969,-0.049594,-0.090735,0.059269,-0.079842,0.092705,0.017323,-0.073214,-0.009681,-0.059645,-0.132997,-0.004206,0.132883,-0.064799,-0.074928,0.008955,0.025152,-0.111412,0.060952,-0.051402,0.025096,0.007976,-0.146308,0.033282,-0.014337,0.044920,0.038728,0.064548,-0.050782,0.086085,0.043205,-0.016989,0.075609,-0.043889,-0.121300,0.079196,0.064793,-0.044274,0.014193,-0.044327,-0.057443,-0.041623,0.095082,0.029032,-0.009181,-0.025482,0.038949,0.041668,0.018197,-0.026135,0.027173,0.098328,0.037881,0.001387,0.095738,0.117826,0.014042,0.041400,-0.127867
0.000266,0.053360,0.078075,0.015697,0.042418,-0.054174,0.018662,0.051374,0.006352,-0.054283,0.031728,-0.008140,-0.050841,-0.021129,0.022287,0.037603,-0.029892,0.048101,-0.005919,0.050561,-0.002544,0.059141,0.008602,0.090584,-0.134820,0.058677,0.118298,0.023250,-0.006833,0.028558,-0.005267,0.071259,-0.021643,-0.080885,0.123238,-0.117049,0.019851,0.113857,-0.032221,-0.181837,0.042599,-0.103630,0.094502,-0.033112,-0.122280,0.060282,-0.104604,0.088833,-0.136527,0.048005,-0.013547,-0.130856,0.020982,0.054083,-0.029284,-0.039417,0.003391,-0.022025,0.011653,0.005546,0.041250,0.049140,-0.024026,-0.006311,-0.044581,0.022002,0.063478,0.069641,-0.072235,0.019495,-0.038479,0.100327,-0.102760,-0.011312,-0.055586,-0.086272,0.041250,0.087761,0.002312,0.056464,0.046158,0.029131,0.058940,-0.041901,0.068174,-0.018150,0.116143,-0.002058,0.009923,0.027817,-0.002033,-0.056979,0.114358,0.036191,0.006441,0.039407,0.004612,-0.062337,-0.052673,-0.037556,0.003270,-0.062435,0.036862,0.011401,-0.020900,-0.094126,0.059072,0.112145,-0.032827,-0.027998,-0.008558,0.076683,0.018773,0.026135,0.005672,0.057243,-0.056580,-0.052858,-0.048072,-0.011526,-0.111181,0.028947,0.000300,0.029138,0.018502,-0.071881,0.027929,0.036322,0.067474,0.016181,0.033421,-0.011506,0.034137,-0.045653,-0.114629,-0.090153,0.020963,-0.013558,-0.013590,0.044970,0.069282,-0.051278,0.065198,-0.062878,-0.070636,-0.005220,0.050315,-0.047732,0.001797,-0.043060,0.015594,0.028055,0.015779,0.083180,0.074859,0.096842,-0.011880,-0.010517,0.050043,-0.014792,0.004164,-0.137298,0.032260,0.034942,-0.053782,-0.001746,-0.027575,-0.122970,-0.008439,-0.050739,0.026700,0.029109,0.007959,-0.012061,-0.095757,0.040616,-0.050171,0.017181,-0.021632,0.040910,0.038724,-0.027461,0.089466,0.026195,0.058289,0.033412,-0.001476,-0.060962,-0.025170,-0.044360,-0.050586,-0.026429,-0.025643,-0.025661,-0.006866,0.058213,-0.084926,0.105164,-0.054452,-0.082459,0.000623,-0.017855,0.031699,0.065565,-0.079341,-0.020233,-0.031128,-0.106919,0.015078,0.184142,-0.076242,-0.100318,-0.019363,0.017769,-0.058784,-0.055011,-0.052189,-0.010168,0.021372,-0.074435,0.041366,0.022107,-0.022452,0.004323,-0.005246,-0.061994,0.075346,0.114940,-0.028016,0.096745,-0.007964,-0.079435,0.130692,0.065935,-0.047469,0.006106,-0.019715,-0.086710,-0.059066,0.094079,0.035184,0.016271,-0.015737,0.024828,0.092988,0.002336,-0.018123,0.025535,0.131832,0.042489,-0.011857,0.075293,0.114501,-0.000921,0.049784,-0.094689
0.035434,0.041111,0.063488,0.015333,0.010622,0.004714,0.045009,0.061072,0.002899,-0.000838,-0.020318,-0.055169,-0.082109,0.017889,0.012071,-0.010110,-0.009388,0.011790,0.006668,0.037767,-0.010871,0.045949,0.047446,0.015538,-0.125922,0.056088,0.062448,0.030874,-0.037877,0.037631,0.013840,0.001834,0.035595,-0.036239,0.092759,-0.099048,0.011321,0.101797,-0.027251,-0.117715,0.074027,-0.079082,0.031311,-0.068185,-0.051553,0.093423,-0.031750,0.062489,-0.072609,0.086995,0.018177,-0.023199,-0.002000,0.054928,-0.018652,-0.036818,0.043505,0.021992,0.043769,-0.005404,0.053898,0.036555,-0.024607,-0.019292,-0.040212,0.007811,0.035372,0.039435,-0.102859,-0.027324,-0.042672,0.067349,-0.102751,-0.034654,-0.029402,-0.067859,0.045056,0.085106,-0.002726,0.034865,-0.025938,0.049532,0.080888,-0.086300,-0.005354,-0.006279,0.106697,0.006408,0.031842,0.004826,0.048909,-0.028496,0.135989,0.040445,-0.002519,0.009818,0.044922,0.037146,-0.013297,-0.073424,-0.024994,0.010752,0.071781,-0.052790,0.020996,-0.011497,0.034701,0.054737,-0.078219,0.005535,0.008499,-0.016553,0.015476,-0.028108,-0.044307,0.128484,-0.067485,0.051442,-0.011367,0.018565,-0.047639,0.052149,-0.046120,0.018621,0.017618,-0.004427,-0.020003,-0.023678,0.032903,0.023422,0.039040,0.006056,-0.012775,0.000305,-0.125580,-0.070236,-0.007955,-0.001209,-0.033988,0.073405,0.030407,-0.107660,0.062799,0.005910,-0.061384,-0.043542,0.033076,-0.074176,-0.009323,-0.063606,-0.034903,0.103720,-0.017719,0.019448,0.025563,0.104470,-0.040950,0.008857,0.019360,-0.072167,0.021660,-0.039452,0.014008,-0.014982,-0.010747,-0.074225,-0.069647,-0.150870,-0.047934,-0.058608,-0.002325,0.020694,-0.003583,-0.026634,-0.093952,0.052851,-0.043746,0.054605,-0.014215,-0.008948,-0.027400,0.050951,0.015029,0.043757,0.072030,0.040520,0.014630,0.030382,-0.032154,0.008372,0.006633,-0.024678,-0.134282,-0.009446,0.022794,0.011693,-0.011022,0.089360,-0.040211,-0.067701,0.019174,-0.027713,0.079250,0.071237,-0.055801,0.036850,-0.040516,-0.029204,0.019612,0.145908,-0.005077,-0.121241,-0.038831,-0.027588,-0.041276,-0.016461,-0.032121,-0.021053,0.019161,-0.096261,0.061390,0.008889,0.007235,0.010310,0.015821,0.005575,0.102146,0.093642,-0.037473,0.011981,-0.045131,-0.076965,0.056394,0.044308,-0.019004,-0.012415,0.034476,-0.063985,-0.030938,0.062878,0.036268,0.058958,-0.028210,0.020673,0.027454,-0.013301,-0.015090,0.003586,0.081806,0.024541,-0.027325,0.036045,0.101558,0.031703,-0.015916,-0.022398
0.019111,0.070325,0.031097,-0.010159,-0.022535,-0.015535,0.058188,0.112647,-0.020148,-0.030483,-0.030369,-0.028907,-0.023992,-0.006511,0.075487,-0.000283,-0.013460,0.043399,0.004834,0.065578,-0.035586,0.024799,0.024254,0.066909,-0.081155,-0.009020,0.104334,0.024422,0.008420,-0.020430,0.063531,0.034868,0.054925,-0.050055,0.042634,-0.033380,0.070034,0.105201,0.016196,-0.103636,0.045333,-0.057684,0.076146,-0.075468,-0.030525,0.012634,-0.073193,0.018620,-0.127984,0.073890,0.007490,-0.093296,-0.017700,0.062672,-0.007838,-0.000219,0.047976,-0.000244,-0.041014,0.007380,-0.014749,0.049253,-0.022795,0.008185,-0.043770,0.063603,0.048084,0.083117,-0.070653,0.024709,0.010883,0.085000,-0.093663,-0.064788,-0.035760,-0.076608,0.052949,0.027345,0.022970,-0.021344,-0.008611,0.030134,0.066259,-0.103019,-0.012886,-0.017133,0.061140,0.052735,0.048666,0.019335,0.022022,-0.095067,0.129874,0.075556,0.023710,-0.019760,-0.054740,0.003964,-0.019471,-0.065080,0.044777,0.084933,0.031986,-0.052058,-0.068234,-0.067368,0.096121,0.025837,0.002003,0.005299,-0.025214,0.034675,0.030139,-0.006926,-0.012627,0.140762,-0.036897,-0.019719,-0.047068,0.035411,-0.060733,0.118862,-0.058115,0.069543,0.048746,-0.045331,0.040879,0.044561,0.053364,0.070185,0.029631,-0.049813,-0.010310,-0.083139,-0.137881,-0.107393,0.025830,-0.044155,-0.059216,0.047820,0.031617,-0.055593,0.016723,-0.004314,-0.045957,0.020686,0.020311,-0.071632,0.023059,-0.014886,-0.005492,0.047090,0.002869,0.003477,0.018262,0.055092,-0.003972,-0.066560,-0.033054,-0.017178,0.022099,-0.128753,0.029402,0.041290,0.004780,-0.013069,-0.052942,-0.106478,0.005889,-0.058632,0.022753,-0.015028,-0.010306,-0.028380,-0.066047,0.030595,-0.042817,0.029454,0.020347,0.053081,-0.010056,-0.028080,0.021074,0.068903,0.040257,0.082112,0.026644,-0.010704,0.007758,0.002994,-0.064496,-0.101589,-0.003367,0.017598,0.013023,0.007734,-0.059225,0.024896,-0.055131,-0.097595,0.022874,-0.018703,0.037694,0.082113,0.031219,0.027099,-0.040801,-0.052065,-0.069436,0.092739,-0.015330,-0.066890,0.013537,0.018060,-0.107141,0.016754,-0.072346,0.025487,0.033230,-0.094759,-0.022252,0.011951,-0.005166,-0.010707,-0.008249,-0.028982,0.061655,0.094045,0.031691,0.031426,-0.039464,-0.069321,0.086595,0.041062,-0.031116,0.056786,0.012239,-0.097851,-0.009544,0.062342,0.018149,-0.007346,-0.005052,0.074758,0.039964,0.019242,0.046970,0.080386,0.150066,0.051731,0.001631,-0.029563,0.079487,0.059034,-0.010408,-0.108031
0.102588,-0.015834,0.046774,0.076781,0.002239,-0.021306,0.080111,0.011076,-0.041191,0.019169,0.027332,-0.014033,0.018312,-0.016341,0.052831,0.020601,0.043413,0.034708,0.040182,0.086607,-0.071846,-0.014751,0.032105,0.014810,-0.094884,0.045475,0.023422,-0.003803,0.030236,-0.040751,0.091360,-0.011624,-0.009241,-0.026777,0.033401,-0.046063,-0.057153,0.045615,0.088241,-0.017348,-0.031900,-0.060088,0.067970,-0.069682,-0.056198,-0.001431,-0.145358,0.024240,-0.052582,0.060106,0.013846,-0.002714,-0.028050,0.063510,-0.006376,-0.003263,0.097941,0.078810,0.033584,-0.043425,-0.035485,-0.003083,-0.033400,-0.030558,-0.066838,0.044792,0.037783,0.029133,-0.089900,-0.016090,0.003675,0.006649,-0.062123,-0.057000,-0.081736,0.011038,0.026760,0.062694,-0.028242,-0.014886,0.057094,0.016992,0.108085,-0.049691,-0.021427,0.020075,0.142653,0.028829,0.072751,0.037498,0.042562,-0.048384,0.176628,0.010742,-0.089494,0.077987,-0.035002,0.029495,0.037504,0.049505,-0.015658,0.029286,0.009991,-0.071356,-0.017710,-0.034716,0.090055,0.028465,0.037532,0.010291,-0.007035,0.020707,0.053309,-0.015894,-0.096839,0.143060,-0.008909,-0.019576,-0.091260,-0.040147,-0.032276,0.048508,-0.086214,0.013666,0.048524,-0.058515,-0.086775,0.052899,0.094027,0.049909,-0.010648,0.024305,-0.020255,0.006040,-0.008372,-0.009178,-0.002960,0.022242,0.007061,-0.024864,0.030481,0.031370,0.091070,-0.064171,-0.078384,-0.016800,0.016114,-0.046221,0.066517,0.010918,0.014857,0.004242,0.053550,0.080149,-0.024913,0.067453,-0.033137,-0.005804,0.033754,-0.034688,0.030635,-0.098817,0.029608,-0.013833,-0.004430,-0.015309,-0.060183,-0.101954,0.051769,-0.076094,-0.071841,0.056117,0.010939,-0.036758,-0.066704,-0.017016,-0.020879,-0.054246,0.075481,0.045672,-0.018297,0.053877,0.052870,-0.002852,0.029617,0.049439,-0.073642,-0.027499,-0.013158,-0.070091,-0.065542,-0.043503,-0.092510,-0.064678,0.043818,-0.022211,-0.067768,0.049548,-0.018546,-0.071476,0.086151,-0.028267,0.046470,0.046990,-0.023508,-0.011232,-0.026120,-0.022615,-0.011344,0.068335,-0.046012,-0.073999,-0.032574,-0.007174,-0.053230,0.091162,-0.003557,-0.008628,0.018377,-0.047823,-0.000163,0.049836,-0.021770,0.027531,-0.008417,-0.003823,0.112984,0.061043,0.049246,-0.017210,-0.020871,-0.052062,0.095743,-0.019624,-0.002223,-0.017614,-0.018659,-0.037408,-0.045062,-0.021551,0.028235,0.027386,0.031484,-0.022878,0.039714,0.014684,0.049137,0.015435,0.155826,0.053820,0.001637,0.083310,0.083570,0.104999,-0.015790,-0.105931
0.056548,0.023333,-0.047391,-0.035327,0.092936,0.014979,0.083784,0.053850,-0.032191,-0.040518,-0.054849,-0.047776,-0.005505,0.049956,-0.008905,-0.024395,0.043716,0.064119,0.027930,0.045693,-0.018103,0.035422,0.027603,0.033641,-0.122788,0.045984,0.141257,0.056156,0.042627,-0.023278,0.121215,0.013846,-0.031562,-0.098022,0.046657,-0.052607,0.050750,0.120254,0.048366,-0.125605,0.051875,-0.085484,0.087343,-0.036385,-0.058437,0.099714,-0.036635,0.034875,-0.020152,0.051713,-0.010946,-0.058960,-0.017739,0.020972,-0.018124,-0.049743,-0.001852,0.024277,-0.009755,0.022320,0.023609,-0.002249,-0.056742,-0.005893,0.007190,0.017679,0.049588,-0.002214,-0.083832,0.041802,-0.081321,0.073174,-0.069528,-0.031502,-0.104524,-0.050052,0.060928,0.083698,0.057841,-0.014293,0.080723,0.047727,0.074620,-0.118513,0.010963,0.027546,0.093675,0.085956,0.003446,0.056561,0.042449,-0.017042,0.125836,0.023835,0.050776,0.058354,-0.038496,-0.007801,-0.020060,0.018089,0.032579,-0.000192,0.031246,-0.024906,-0.048802,-0.040408,0.112778,0.040009,-0.071505,-0.000413,0.034012,0.047420,0.062987,0.002981,0.059249,0.064846,-0.022535,-0.016190,-0.045644,-0.013957,-0.046017,0.094229,-0.041235,0.052225,0.032318,0.014523,0.043447,0.060902,0.052313,0.027129,0.030406,-0.050407,0.035290,0.000030,-0.073254,0.001422,0.017963,0.003916,-0.015556,0.088281,-0.064514,-0.027359,0.016615,-0.089447,-0.086523,0.079657,0.067962,-0.030356,0.007926,-0.096507,-0.001144,0.075012,0.013103,-0.030202,0.062770,0.107321,0.041744,-0.007554,-0.036588,-0.036959,-0.014926,-0.060515,0.077869,0.058945,-0.040182,-0.005228,-0.111910,-0.084103,-0.009504,-0.003245,0.031513,0.017045,0.039528,-0.015739,-0.057944,0.062491,-0.033697,0.012109,-0.010737,0.061943,0.010922,-0.016068,-0.022733,-0.006783,0.059761,0.071987,0.026730,0.032763,-0.046030,-0.048519,-0.020610,-0.088015,-0.005170,0.047627,0.006435,0.064019,-0.103575,0.059230,-0.012695,-0.095165,0.015999,-0.059175,0.068339,0.024335,-0.017575,0.004732,-0.083438,-0.037890,0.026186,0.165228,-0.103910,-0.075946,0.005042,0.026509,-0.026659,0.014946,-0.014030,0.009171,0.103798,-0.037465,0.046734,0.055080,-0.081516,-0.042417,0.010465,-0.012670,0.094257,0.192699,-0.049997,0.042345,-0.088832,-0.045382,0.148849,-0.013200,-0.026359,0.011671,-0.030712,-0.068896,-0.005179,0.066504,-0.003395,0.036585,-0.020350,-0.010582,0.108129,-0.008126,-0.022045,0.041398,0.141737,-0.036167,-0.006508,-0.013452,0.087923,-0.007558,-0.001268,-0.085842
0.012748,-0.016502,-0.021108,0.023566,0.071991,0.014751,0.070653,0.094684,-0.035324,-0.021355,-0.045778,-0.041183,0.010213,-0.110329,-0.012287,0.078131,0.026769,0.046206,-0.028762,0.076303,-0.042946,0.048219,0.006719,0.085283,-0.101817,0.060093,0.090588,0.036892,-0.023479,0.040769,0.062264,0.028609,0.047312,-0.097019,0.063002,-0.076412,-0.011043,0.104532,0.020892,-0.126458,0.050091,-0.076394,0.033063,-0.005280,-0.049186,0.086498,-0.063445,0.085557,-0.048255,0.041789,0.058362,-0.062018,0.013515,0.041631,0.020827,-0.046643,-0.015623,0.003882,0.006251,0.020363,-0.015810,-0.057545,-0.038507,-0.000533,0.010872,0.086075,0.084671,0.042195,-0.007367,0.022419,-0.025726,0.095543,-0.107243,-0.025731,-0.023549,-0.069939,0.026321,0.052182,0.060555,-0.037337,0.098148,0.071511,0.094763,-0.108994,-0.012028,-0.001278,0.151138,0.016251,-0.009437,0.030997,0.048757,-0.051107,0.122848,0.039763,0.069174,0.026505,-0.008616,0.029615,-0.093163,-0.056696,0.029728,-0.058013,0.028714,-0.082681,-0.001002,-0.091157,0.043437,0.066639,-0.057892,0.069037,0.052332,-0.029293,-0.035154,0.021321,-0.027816,0.034578,-0.054386,-0.042780,-0.017353,0.002162,-0.035073,0.072139,-0.044744,0.052684,-0.005868,0.011093,-0.019747,0.052586,0.061276,0.025881,-0.049722,-0.030732,-0.027227,-0.036579,-0.093998,-0.071180,0.014780,-0.081319,-0.017434,0.119382,0.033532,-0.044632,0.057919,-0.008331,-0.057094,0.012669,0.049985,-0.020432,-0.006891,-0.111031,0.043945,0.090852,0.006029,0.010731,-0.001688,0.131550,-0.001318,-0.017220,0.081143,-0.032229,-0.024344,-0.078266,0.053982,0.001052,-0.090634,-0.007235,-0.061055,-0.125304,0.065090,-0.049289,-0.030749,-0.053978,-0.040300,-0.002636,-0.108047,0.051194,-0.037742,0.031679,-0.073250,0.004651,0.010003,-0.009579,0.075321,0.018288,0.039163,0.095614,0.043313,-0.008582,-0.002192,-0.032338,-0.011178,-0.114583,-0.021099,-0.035282,0.046028,0.037691,-0.075053,0.033059,-0.010745,-0.025773,0.043288,-0.001954,0.034652,0.082043,-0.014961,0.041008,-0.012504,-0.062633,-0.003113,0.176727,-0.064590,-0.052102,-0.009026,-0.020740,-0.032223,-0.031246,-0.048294,-0.021559,0.066878,-0.120638,-0.028805,0.002178,-0.014348,0.004323,0.023943,0.009911,0.108534,0.133699,-0.043390,0.039381,-0.050545,-0.062343,0.043983,0.032097,-0.045449,-0.030342,0.013068,-0.049562,-0.035124,0.070748,-0.038223,0.025063,0.074538,0.038336,-0.056344,0.070311,-0.044479,0.045060,0.028315,0.003935,0.051925,-0.024159,0.129745,0.039602,0.015151,-0.065940
0.018073,-0.000151,0.045315,-0.028752,0.056170,-0.060731,0.133454,0.086697,-0.024387,-0.099329,-0.006458,-0.101922,0.008046,-0.057180,0.048272,0.033911,0.023738,0.049084,-0.032284,0.005979,-0.052643,0.073566,0.042671,0.088397,-0.138056,0.054239,0.122836,0.015913,0.036980,-0.005096,0.057973,0.011212,0.019377,-0.028225,0.034788,-0.062615,0.009712,0.107572,0.068687,-0.018711,0.008332,-0.093145,0.061299,-0.018637,-0.034081,0.034609,-0.042344,0.018257,-0.131106,-0.027769,0.004531,-0.004007,0.038733,0.063731,0.031312,-0.102894,0.027670,0.055970,0.018734,0.015666,0.017467,0.066315,-0.052447,-0.049396,0.040529,-0.004397,0.050072,0.046724,-0.068218,0.002865,-0.117027,0.034961,-0.051416,0.000092,-0.030080,-0.019927,0.013915,0.032310,0.002059,-0.057757,0.018124,0.104659,0.155824,-0.103477,0.012640,-0.030595,0.079926,0.053558,-0.001582,0.018094,0.017008,-0.046824,0.095198,0.021940,0.038907,0.017294,0.002054,-0.049334,0.018713,0.027207,0.031764,-0.023738,0.003031,-0.057132,0.012421,-0.062909,0.150363,0.056154,-0.070002,0.013783,0.004942,0.065688,0.039545,-0.108170,-0.050412,0.038299,0.016999,-0.044451,-0.014887,0.107370,0.058902,0.017110,-0.026595,0.002049,0.034121,-0.056993,-0.052877,0.049011,0.072105,-0.022550,0.004060,-0.011221,0.060525,-0.031157,-0.054351,-0.039780,0.032241,-0.055904,0.005600,0.057611,-0.020615,-0.020827,0.021101,0.008348,-0.144650,-0.015937,0.076797,-0.044104,0.039814,-0.003142,0.043172,0.048418,0.017510,0.002156,0.118018,0.075662,-0.084808,0.013050,0.003410,0.025718,0.007892,-0.104329,0.061278,0.016050,0.009015,-0.002676,-0.025620,-0.124955,-0.013648,-0.037878,0.004820,0.066999,0.035260,0.038550,-0.143026,0.027199,-0.055101,0.074324,0.032531,0.012616,-0.083432,-0.011349,0.092123,0.015253,0.015917,0.041868,-0.021287,0.009396,0.056651,-0.043258,-0.005081,-0.045161,-0.076381,-0.054832,0.061255,0.011046,-0.045283,0.031876,-0.001671,-0.078882,0.025787,-0.009805,0.111515,0.130275,-0.046528,-0.037408,-0.034457,-0.050521,-0.013929,0.157597,-0.059646,0.012203,0.017603,-0.071445,-0.027588,0.066076,-0.095191,-0.013127,0.048361,-0.073381,-0.074616,-0.019465,0.022678,-0.020966,0.001390,0.044568,-0.000886,0.105498,-0.083272,0.120728,-0.010512,-0.051169,0.196824,0.054184,-0.038913,0.018648,-0.000033,0.001867,-0.011870,0.015848,0.016002,0.057142,0.025577,-0.002231,0.002246,-0.062996,0.025223,-0.042690,0.156752,0.002061,0.017053,0.121428,0.151428,0.003019,-0.035201,-0.160259
-0.016558,0.025850,0.080260,0.058355,0.002467,-0.021729,0.063796,0.099027,-0.011226,-0.045643,-0.044240,-0.009043,-0.008442,-0.048735,0.010112,0.035963,0.026356,0.020385,-0.024586,0.052213,-0.025285,0.060104,0.041625,0.036479,-0.073734,0.052696,0.083503,0.011913,0.054058,-0.002745,0.040775,0.029912,0.005385,-0.085362,0.047540,-0.075970,0.047021,0.133333,0.056078,-0.136405,0.002278,-0.111802,0.021393,-0.036826,-0.023580,0.057788,-0.045744,0.073210,-0.090366,0.020617,-0.019859,-0.039888,0.021413,0.033934,-0.005330,-0.060909,0.068163,0.061611,0.004615,-0.030017,0.035391,0.002037,-0.024496,-0.032483,-0.020756,0.041606,0.038702,0.089753,-0.081985,0.020866,-0.037271,0.042768,-0.068757,-0.002905,-0.029254,-0.122556,0.017894,0.045900,0.017905,0.003863,0.000113,0.081248,0.054059,-0.072306,0.041130,0.022680,0.099229,0.002890,0.004582,0.047871,0.044424,-0.016830,0.175927,0.035209,0.039980,0.010600,-0.002151,0.000634,-0.030231,-0.022435,-0.010551,0.030180,0.034062,-0.041017,-0.017512,-0.022607,0.062798,0.055205,-0.048087,0.003426,0.007692,0.052387,0.069449,-0.007432,-0.032474,0.091517,-0.043202,-0.060658,0.006868,0.025139,-0.077692,0.079321,-0.033088,0.009441,-0.003870,-0.050122,0.004195,0.009074,0.011734,0.032685,-0.013517,-0.062060,-0.015210,0.016092,-0.100933,-0.077155,-0.014696,-0.022750,-0.033427,0.056209,0.059765,-0.068680,0.032787,0.000716,-0.042412,-0.038476,0.074278,-0.042972,0.025350,-0.060600,0.002325,0.005519,-0.017189,0.022326,0.097895,0.060081,-0.001884,-0.068466,0.012273,-0.057070,0.032744,-0.121800,0.096305,0.015684,-0.028084,0.004575,-0.042046,-0.089186,0.000357,-0.133039,-0.014861,-0.032091,-0.032394,-0.037576,-0.105994,0.048348,-0.041384,-0.000556,-0.006726,0.030579,-0.040171,-0.002530,0.028540,0.062899,0.032804,0.025832,0.071348,0.022087,0.006831,-0.004391,-0.022226,-0.076015,-0.012498,0.002461,0.017319,0.013161,-0.088076,0.057155,-0.075409,-0.059722,0.002354,0.015385,0.029468,0.049610,-0.041005,0.045908,-0.028863,-0.047701,-0.000144,0.110821,-0.023836,-0.054311,0.034365,-0.007981,-0.046606,-0.004911,-0.027848,0.007778,0.035423,-0.056985,0.013264,0.053809,-0.083121,-0.061854,0.004261,-0.039930,0.063554,0.085767,-0.053128,0.028112,-0.035489,-0.084650,0.003596,0.041180,-0.110458,-0.025052,0.038065,-0.047991,-0.042013,0.069366,0.034691,-0.047308,0.027124,-0.029466,0.050803,0.039478,0.014640,0.042659,0.118512,-0.020355,-0.039721,0.073291,0.083056,0.051779,0.023661,-0.093765
0.000421,0.046781,0.065326,-0.027246,-0.004119,-0.003460,0.018345,0.084003,-0.069484,-0.033415,0.024645,-0.060428,-0.019125,-0.039338,0.009486,0.032983,-0.008813,0.061251,0.006181,0.031394,-0.045018,0.102746,0.070575,-0.011887,-0.076748,0.063355,0.139978,0.005297,0.023844,-0.032915,0.075301,0.049395,-0.033377,-0.056121,0.086896,-0.013683,0.030682,0.084173,-0.004928,-0.094065,-0.008850,-0.075403,0.079477,-0.044926,-0.036539,0.048438,-0.089374,0.036446,-0.052556,0.039223,-0.014439,-0.046000,0.015122,0.041216,0.030629,-0.070117,0.061239,0.032413,-0.012667,-0.001798,0.020482,0.047611,-0.121111,-0.062327,0.006326,0.064371,-0.029450,0.110947,-0.061166,0.089361,-0.044096,0.107058,-0.098933,-0.039869,-0.054704,-0.068256,0.007276,0.009795,0.024179,0.039838,0.001000,0.083638,0.095354,-0.142273,0.025378,0.020851,0.111524,0.013354,0.021640,0.025095,0.064502,-0.055934,0.161071,0.084589,0.034626,-0.037262,-0.018078,-0.048933,0.008606,-0.025631,0.035163,0.002544,0.022814,-0.019884,-0.038151,-0.024636,0.114326,0.017356,0.007034,-0.016869,0.021249,0.061350,-0.052920,0.006848,-0.062916,0.079236,-0.058155,0.056243,-0.019683,0.015407,-0.078204,0.054492,-0.033208,0.063679,-0.027018,-0.022122,0.003430,0.058740,0.125979,0.030051,-0.013224,-0.013595,0.023575,-0.085459,-0.081890,-0.079679,-0.009617,0.010210,0.048897,0.051883,0.002802,-0.088377,0.049690,-0.033867,-0.086124,-0.002180,0.057691,-0.049091,0.006250,-0.056396,-0.015297,0.006519,-0.011523,0.099628,0.031048,0.110710,-0.105466,-0.060298,0.070991,-0.026598,0.001674,-0.125076,0.077370,0.006649,-0.002668,0.066006,-0.109725,-0.128433,-0.010385,-0.053636,-0.106522,0.055687,-0.032301,-0.097183,-0.056667,0.067372,-0.023394,0.088046,0.005093,0.035946,-0.026655,-0.007257,0.058940,0.019636,0.030787,0.038436,-0.017687,0.032112,-0.006516,-0.045909,-0.068668,-0.041507,-0.084582,-0.030447,0.019495,0.029380,-0.013772,0.080071,-0.057075,-0.090889,0.030004,0.049125,0.031032,0.032649,0.030356,0.004493,-0.047754,-0.090382,-0.014438,0.038135,-0.030402,-0.083619,0.024914,-0.045622,-0.031013,-0.001723,-0.051246,0.000631,0.010212,-0.093527,0.015519,0.026091,0.003777,0.047368,-0.031579,-0.031922,0.068972,0.095116,-0.039766,0.035849,-0.003787,-0.042038,0.053318,0.046194,-0.013782,-0.014324,0.026179,-0.035663,-0.031961,-0.016330,0.039200,0.000072,0.016053,0.037159,0.060712,0.011701,-0.092108,-0.018609,0.083912,0.033582,0.034610,0.042264,0.068889,0.017847,-0.051729,-0.059962
0.074484,0.036315,0.064496,0.008596,0.105941,-0.008722,0.073036,0.081899,-0.014492,-0.024367,0.022109,-0.105945,0.016946,-0.050584,0.050665,0.048214,-0.013865,0.063018,-0.001016,0.005129,-0.007204,0.007408,0.061235,0.034645,-0.140889,0.074680,0.111637,-0.000126,0.064949,-0.010263,-0.022909,0.004534,-0.036828,-0.047786,0.047635,-0.072598,0.053251,0.115086,0.039306,-0.051014,0.017654,-0.034989,0.058666,-0.034558,-0.037875,0.007172,-0.054952,0.012990,-0.102256,0.065104,-0.020073,-0.065249,-0.027427,0.028435,0.049254,-0.043135,0.029629,-0.017708,-0.019323,-0.040455,0.019361,0.041444,-0.043970,0.012777,-0.008838,0.022336,0.020940,0.063784,-0.055751,-0.002436,-0.049079,0.050844,-0.043886,0.005451,0.003468,-0.111197,0.051550,0.018017,0.015540,-0.008726,0.022303,0.056902,0.062844,-0.104237,0.059265,-0.036816,0.130106,0.030830,-0.018770,0.002916,0.036037,0.002382,0.144580,0.066086,0.022134,-0.014620,0.005343,-0.052520,-0.006493,0.005070,-0.029842,0.001375,0.007657,-0.040146,-0.008235,-0.067107,0.048401,0.044615,-0.035393,-0.030090,-0.011950,0.088149,0.025578,-0.054733,-0.008950,0.031655,-0.017717,-0.061644,-0.051568,0.039189,0.006933,0.034627,-0.072750,0.022505,0.039512,-0.063885,-0.005884,0.038882,0.075781,0.075011,0.029516,-0.035343,0.089509,-0.096867,-0.079781,0.003212,0.001237,-0.022116,-0.011180,0.057244,0.025613,-0.007444,0.045270,-0.037647,-0.096013,0.020847,0.031154,-0.079064,0.104264,-0.065334,0.027701,0.079248,0.022437,0.050748,0.025775,0.099238,-0.027897,-0.065679,-0.008008,0.007980,0.010852,-0.161422,0.056850,0.041636,-0.021110,0.012050,-0.068520,-0.162960,0.045556,-0.101843,0.032864,-0.011161,0.026390,0.015922,-0.143465,0.025453,-0.066709,0.017257,-0.025372,0.051143,0.013883,0.018338,0.122164,0.066282,0.042450,0.033270,0.006045,0.013946,0.020695,-0.059725,0.017652,-0.071905,-0.103500,-0.076050,-0.049426,0.028815,-0.071218,0.092846,-0.068951,-0.052937,-0.033622,-0.016787,0.109092,0.074410,-0.050778,-0.040474,-0.061041,-0.105481,-0.024244,0.111336,-0.107079,-0.025814,-0.012363,-0.082791,-0.003280,0.035210,-0.039929,0.030695,0.062085,-0.067218,-0.042444,-0.029795,-0.081354,0.016919,0.028716,0.021723,0.056076,0.148105,-0.030055,0.029873,0.012961,-0.074048,0.154138,0.067436,-0.041221,0.009871,-0.057285,-0.055479,-0.004685,0.044659,-0.012375,0.007759,-0.024853,-0.019968,0.017252,0.016037,-0.049849,-0.011294,0.160057,0.006795,0.019281,0.072212,0.132906,-0.013492,-0.060316,-0.095565
-0.035692,0.013808,0.037489,-0.037471,-0.021155,-0.027210,0.089380,0.082670,-0.082017,-0.062676,-0.033900,-0.043267,0.004006,-0.042315,0.069333,0.012292,-0.028834,0.029118,0.038484,0.082386,-0.049865,0.045013,0.000039,0.094369,-0.100658,0.099281,0.111870,0.001809,0.018151,-0.000961,0.019973,-0.026102,0.050542,-0.068889,0.050341,-0.094870,-0.025616,0.088806,0.032314,-0.068219,-0.010779,-0.075722,0.067925,0.011672,-0.120800,0.015204,-0.098818,0.071175,-0.099566,0.004328,-0.015504,-0.049428,0.009586,0.127229,0.090884,-0.059342,-0.047377,0.004178,0.031303,0.015295,0.003781,0.028477,-0.158385,0.039673,-0.006804,0.039116,0.021431,-0.001006,-0.007600,0.074388,-0.025514,0.109816,-0.002770,-0.011496,-0.058667,-0.000262,0.081375,0.076368,0.001123,-0.036304,0.019175,0.098706,0.061302,-0.154948,-0.036587,0.000685,0.109943,0.046271,0.065482,-0.012595,0.115950,-0.082438,0.098534,0.026761,0.037456,0.024397,0.008993,-0.009103,-0.031231,0.018367,-0.031783,0.039842,0.028866,-0.080151,0.038198,-0.048592,0.086541,0.115071,-0.025906,0.042842,0.042044,0.003023,0.069966,-0.097891,-0.079135,0.032824,-0.144069,-0.016102,0.003917,0.059770,-0.015316,0.042838,-0.036998,0.046958,0.029240,-0.094299,-0.033968,0.024388,0.068227,0.037167,-0.053696,-0.032970,0.062393,-0.013402,-0.121864,-0.100376,0.027171,0.013464,-0.010521,0.047383,0.022502,-0.058652,0.105757,-0.013341,-0.134470,-0.041439,0.020065,-0.022522,0.051896,-0.115498,-0.066224,0.076846,0.006134,0.018796,0.007207,0.065657,-0.039898,-0.001085,0.023201,-0.008372,-0.003005,-0.112628,0.033197,-0.001666,-0.002771,0.014844,-0.098740,-0.094832,-0.008920,-0.072521,-0.009645,0.003480,0.013807,0.022026,-0.089867,0.017422,-0.047952,0.089528,0.040051,-0.004174,-0.027708,-0.035468,0.103386,0.053645,0.043042,0.018755,0.044624,-0.034736,-0.070218,-0.045380,-0.036080,-0.113900,-0.041271,-0.070847,-0.050083,-0.015791,-0.083905,0.083093,-0.080637,-0.108270,0.014774,-0.022299,0.068869,0.109492,-0.058649,-0.003922,0.026424,-0.099825,0.004533,0.147428,-0.065150,-0.114604,0.067649,-0.048636,-0.022362,-0.024449,-0.037304,0.018984,0.063980,-0.050711,0.011807,-0.028829,-0.002216,0.033996,0.046364,-0.006866,0.055212,0.061924,-0.021919,0.080033,-0.002991,-0.036272,0.100634,-0.028118,-0.028877,-0.010177,-0.039272,-0.109538,-0.081733,0.040052,-0.002400,-0.016388,-0.050370,0.010639,0.015869,0.046128,-0.044357,0.030553,0.094188,0.080808,0.025575,0.049417,0.085506,0.034665,-0.046135,-0.115598
0.006600,0.033640,0.067958,0.012343,0.042448,-0.017300,0.025253,0.045316,0.021540,-0.046629,-0.009827,0.005356,-0.007468,-0.037352,0.028377,0.009409,0.004048,0.060068,-0.013253,0.023364,-0.029936,0.024631,0.041450,0.040163,-0.112328,0.032997,0.132878,0.003205,-0.013627,0.014700,0.034583,0.009449,0.036134,-0.094823,0.071659,-0.085528,0.008544,0.122058,0.004067,-0.061841,0.042178,-0.055629,0.052994,-0.032612,-0.058334,-0.000606,-0.066292,0.055491,-0.113851,0.032690,-0.003910,-0.085427,0.028827,0.030558,0.032640,0.019952,0.025296,0.015461,0.024884,0.041310,0.034872,0.006036,-0.064367,-0.003533,-0.065748,-0.008710,0.011751,0.102528,-0.078122,0.052692,-0.068613,0.034510,-0.085211,-0.060924,-0.005180,-0.094313,0.060022,0.026694,0.042362,0.047678,0.019348,0.043497,0.066745,-0.124476,-0.006915,0.045322,0.181953,0.017343,0.070903,0.021248,0.058801,-0.099137,0.161016,-0.007531,-0.011051,0.004863,-0.006737,-0.006323,-0.009339,-0.129879,-0.018759,-0.022489,0.051212,-0.032332,0.004805,-0.055604,0.087048,0.068837,-0.122556,-0.003328,0.025097,0.062239,0.039293,-0.032082,-0.031823,0.123891,-0.099819,0.000352,-0.034863,0.047595,-0.071731,0.058939,-0.020228,-0.027042,0.007953,-0.086015,-0.082601,0.035582,0.036650,0.084880,-0.002317,-0.016427,-0.015867,-0.045730,-0.161732,-0.097428,-0.011675,-0.031135,-0.039375,0.061232,0.004442,-0.072510,0.088613,0.033591,-0.129892,-0.015108,-0.003666,-0.070431,0.005789,-0.060369,-0.059985,0.065814,-0.010730,0.037388,0.049353,0.106385,-0.055096,-0.021685,-0.027149,-0.024455,-0.001778,-0.144507,0.046007,-0.057226,0.027703,-0.000368,-0.117706,-0.123743,0.013180,-0.038717,0.019062,-0.001488,-0.017874,-0.001924,-0.058665,0.003969,-0.032602,0.063797,-0.000706,-0.026437,-0.009464,-0.053758,0.081183,0.070611,0.014022,0.081793,-0.025546,-0.056203,0.001909,-0.037760,-0.032208,-0.131628,-0.083544,-0.031564,0.024941,0.032862,-0.072092,0.097059,-0.025852,-0.044265,0.063350,0.039131,0.115027,0.089503,-0.102582,0.059538,-0.066229,-0.016700,0.047558,0.140383,-0.022541,-0.103590,0.039587,0.036283,-0.032599,0.020238,-0.044546,0.001478,0.029390,-0.141252,0.004016,0.003720,0.009001,0.038058,0.004629,-0.042148,0.072590,0.077831,-0.035266,0.048877,-0.013206,-0.068330,0.075378,0.034132,-0.000423,0.046454,0.057326,-0.065560,-0.094959,0.041908,-0.001658,-0.042750,-0.009095,0.005997,-0.018120,-0.008952,0.053781,-0.036594,0.134543,0.000108,-0.031418,0.072058,0.117679,0.017789,0.010106,-0.054128
0.049211,0.022935,0.051137,0.005148,0.025838,0.041074,0.031598,0.005455,-0.031938,0.000659,0.007126,-0.080773,0.012023,0.037508,0.018822,-0.007000,0.033543,0.013104,-0.043005,0.029833,-0.003538,-0.025918,0.021100,0.037508,-0.136534,0.028357,0.114285,0.041069,0.049541,-0.013969,0.047966,0.017777,-0.014391,-0.050138,0.089555,-0.044131,0.054044,0.091973,0.047873,-0.079632,-0.018789,-0.090496,0.077924,-0.052162,-0.062682,0.058067,-0.054966,0.033283,-0.073648,0.055375,0.015447,-0.110266,0.000202,0.006855,0.016722,-0.021746,0.075521,-0.042345,-0.020560,0.003891,-0.008255,-0.007113,-0.006404,-0.039209,-0.006434,0.043923,0.020993,0.060794,-0.068828,0.086075,-0.062497,0.053702,-0.092980,-0.038488,-0.050451,-0.051616,0.015538,0.036701,0.017899,-0.026008,0.070295,-0.004454,0.158139,-0.078980,-0.043053,-0.014824,0.123624,0.073419,-0.021791,0.023976,0.051389,0.021130,0.180138,-0.004609,0.045122,0.047263,-0.028203,-0.033990,-0.025541,0.039773,0.028033,0.043203,-0.030601,0.011030,-0.089575,-0.032337,0.091846,0.026085,-0.048752,0.004978,0.048050,-0.001318,0.017018,-0.017113,0.000675,0.115264,-0.049071,-0.023942,-0.021484,0.000651,-0.065279,0.052913,-0.030821,0.035733,-0.018504,-0.042383,-0.001003,-0.011604,0.039124,0.045252,0.058462,0.009047,0.041848,0.030102,-0.083030,-0.005383,-0.010638,0.003848,-0.024222,0.056685,0.001626,-0.020083,0.015134,0.008437,-0.037123,-0.021790,0.042221,-0.065016,0.004410,-0.065927,-0.022262,0.044490,0.006968,0.008016,0.014182,0.073419,-0.006918,-0.061368,-0.064087,0.027645,-0.033844,-0.070729,0.103820,0.016212,-0.036506,0.018945,-0.133714,-0.119818,-0.004324,-0.038331,-0.018753,0.032987,0.010878,-0.068992,-0.109288,0.081453,-0.092158,0.054322,-0.019594,0.012598,0.016417,-0.069904,0.044020,0.047410,0.062216,0.044144,-0.047938,-0.027903,0.007819,-0.106586,-0.013241,-0.024017,-0.098046,0.051979,0.029002,0.017184,-0.000936,0.077291,-0.017414,-0.073767,-0.014217,0.002862,0.068904,0.058815,0.003168,0.010979,-0.018110,-0.021502,0.000232,0.114098,-0.112228,-0.059356,-0.037339,-0.070374,-0.084246,0.059923,-0.018890,0.011416,0.041454,-0.108513,0.017897,0.050575,-0.045665,0.055263,0.019036,-0.031901,0.076436,0.117680,-0.020129,-0.016846,-0.038540,-0.041656,0.086024,0.057418,0.016282,-0.022445,-0.019911,-0.059250,-0.061195,0.038870,-0.020125,-0.021097,-0.001396,-0.007167,0.066227,-0.009652,-0.037391,0.017712,0.148293,-0.029137,-0.016817,0.046833,0.091386,0.043076,-0.006051,-0.115287
0.068772,0.070509,0.073448,0.052861,0.045520,-0.005282,0.050715,0.044848,0.000240,-0.109162,0.037878,-0.084882,-0.001721,-0.018164,-0.005667,0.000096,0.005967,0.032171,-0.031363,-0.011992,-0.029691,0.037699,-0.005500,-0.022678,-0.110832,0.041813,0.067433,-0.024173,0.038631,-0.020005,0.033816,-0.035042,-0.054352,-0.055675,0.107737,-0.053217,0.053791,0.081956,0.028702,-0.094887,0.032447,-0.087948,0.069140,-0.069979,-0.022291,0.040931,-0.111470,0.038598,-0.070718,0.034118,-0.023855,-0.013763,0.079552,0.049661,0.024696,-0.049298,0.068038,0.055582,-0.007892,-0.021659,-0.012339,0.021231,-0.022121,-0.040348,0.016807,0.051168,0.022128,0.067337,-0.065491,0.002086,-0.091880,0.060710,-0.117133,0.018157,-0.017910,-0.088545,0.055112,0.029593,0.043349,-0.012387,0.053322,0.104398,0.079537,-0.150102,0.060729,-0.003325,0.088692,0.007544,0.019214,0.077164,0.132900,-0.022470,0.188442,0.034221,0.041976,0.014733,-0.064328,-0.068237,0.008067,-0.011415,0.058252,0.037696,0.001491,-0.039714,-0.050341,-0.053276,0.091914,0.029675,0.002360,0.039148,-0.013007,0.032610,0.022642,0.025693,-0.057526,0.083722,-0.006505,-0.011261,-0.055267,0.005453,-0.137961,0.055122,-0.030788,0.031268,0.040526,0.036405,0.031431,0.039839,0.040019,0.020220,0.035509,0.007503,0.053429,-0.001571,-0.075754,0.003471,-0.005164,-0.007006,-0.053105,0.095325,-0.015496,-0.064668,0.006515,0.011384,-0.001053,0.011976,0.058962,-0.003403,0.071148,-0.037629,0.029273,0.104496,0.086282,0.068668,0.058518,0.096554,-0.039611,-0.053170,-0.017875,-0.016720,-0.003935,-0.102862,0.066703,0.023421,-0.021302,-0.003246,-0.064782,-0.120172,0.019570,-0.035435,0.026002,0.016315,0.002710,-0.032429,-0.067766,0.139607,-0.081528,0.037379,0.015810,-0.012507,0.041587,0.012548,0.038394,0.080973,0.112618,0.018082,0.025521,0.059787,-0.078319,0.001775,-0.058030,-0.042011,-0.110719,-0.029547,0.037051,0.090123,-0.076878,0.110242,-0.060386,-0.064852,-0.012719,0.032357,0.077980,0.078424,-0.044140,0.031076,-0.046159,-0.046073,-0.012176,0.120799,-0.043792,-0.084588,-0.038730,0.009545,-0.012222,0.017454,-0.039040,0.019157,0.073521,-0.112796,0.060977,0.044178,-0.006839,-0.031348,0.012418,-0.042694,0.107737,0.116963,-0.030390,0.000564,-0.056238,-0.066418,0.112251,0.112161,-0.009688,-0.008531,-0.000806,-0.077438,-0.080098,0.035105,0.039672,0.036260,-0.005075,0.019582,0.093053,-0.044848,0.031400,0.027758,0.159805,0.042433,-0.001541,0.102247,0.142221,0.019428,-0.009171,-0.067205
0.075473,0.034564,0.016005,0.078327,0.073618,-0.009726,0.042849,0.070149,-0.066723,-0.024741,0.025593,-0.085060,0.019359,0.008378,0.007534,0.039334,-0.011162,0.049063,-0.043316,0.021991,0.013691,-0.003680,0.017978,0.077551,-0.080353,0.057616,0.098378,0.012037,0.038729,0.017916,0.014390,0.032628,0.008320,-0.051041,0.040551,-0.035066,0.023533,0.069116,0.032065,-0.093218,0.043529,-0.068286,0.048675,-0.029940,-0.046232,0.065311,-0.062204,0.022923,-0.065750,0.045119,0.006244,-0.040836,0.023330,0.062953,0.002842,-0.046787,-0.021136,0.013257,0.003403,0.039451,-0.005917,-0.012994,0.027517,-0.035426,-0.012597,0.088312,0.030923,0.081245,-0.071387,0.064956,-0.017398,0.052667,-0.123924,-0.043672,-0.046515,-0.032114,0.078844,0.064517,-0.020408,0.086893,0.023369,0.048724,0.088572,-0.085419,0.003591,-0.024703,0.047415,-0.005013,0.014355,0.060708,0.085573,-0.060988,0.111009,-0.018257,0.003473,0.061684,0.006579,0.016339,-0.008512,-0.004550,-0.012167,0.027350,0.029534,-0.031317,-0.055619,-0.045926,0.053754,0.023047,-0.035235,0.011990,0.052239,0.079129,-0.006712,-0.022459,0.029968,0.071168,-0.065481,-0.034223,-0.038336,0.001440,-0.040964,0.044286,-0.020523,0.036348,-0.009394,-0.034987,0.060361,0.097317,0.066787,0.010876,-0.001094,-0.038576,0.017913,-0.020796,-0.016453,-0.057730,0.043618,-0.019054,-0.033214,0.058887,0.041317,-0.029188,0.021828,0.016358,-0.025386,0.012306,0.053974,-0.041362,0.026179,-0.054437,0.016084,0.064205,0.024425,0.019921,0.082357,0.085894,-0.025381,-0.061134,0.006323,-0.006619,-0.017678,-0.086679,0.106060,0.010189,-0.044756,0.052105,-0.095693,-0.112663,0.018654,-0.060189,0.022966,-0.004773,0.075333,-0.027528,-0.065533,0.051676,-0.028137,0.030234,0.017722,-0.023543,0.014107,-0.058235,0.119050,0.045803,-0.016330,0.060159,0.027612,0.017293,0.044737,-0.066089,-0.066236,-0.060106,-0.064744,-0.003392,0.013255,0.012458,-0.068295,0.095884,-0.025140,-0.049853,0.044588,-0.043041,0.080386,0.068966,-0.038702,0.032660,-0.016287,-0.069140,-0.026925,0.135286,-0.053962,-0.077560,-0.004423,0.015291,-0.072814,-0.002657,-0.026533,-0.017328,0.050017,-0.108719,0.054270,0.045216,0.003673,-0.038394,0.059221,-0.078569,0.119713,0.085784,-0.067847,0.103561,0.007482,-0.045882,0.107040,-0.012197,0.013038,0.020135,-0.015117,-0.095568,-0.058364,0.125659,0.023111,-0.018882,0.024834,-0.019940,0.093653,-0.085258,0.016195,0.048401,0.067860,0.035398,0.035056,0.066332,0.077703,0.051605,0.051758,-0.080919
0.049679,0.039376,-0.010845,0.038327,0.004281,-0.001505,0.059496,0.046738,-0.022258,-0.039630,-0.036999,-0.020784,0.030621,-0.058981,0.031332,0.009585,0.003416,0.021060,-0.027929,0.009796,-0.029088,-0.013626,0.009011,0.095022,0.015655,0.062637,0.100823,0.010317,-0.003539,-0.040351,0.049423,0.004701,-0.001090,-0.070519,0.105524,-0.026816,0.045693,0.056733,0.047732,-0.029061,0.027452,-0.097211,0.062050,-0.028065,-0.036079,0.048456,-0.027009,0.016696,-0.073971,0.101392,-0.019253,-0.039674,0.063857,0.016233,0.013586,-0.041080,0.029062,-0.014116,0.016178,0.012857,-0.017227,0.003430,-0.026530,-0.047311,-0.093652,0.026857,0.061336,0.100800,-0.066151,-0.009482,0.002211,0.009982,-0.103646,-0.090286,-0.048516,-0.029196,0.094589,-0.041182,-0.046350,-0.035071,-0.013092,0.049355,0.100048,-0.056239,0.050572,0.050345,0.143964,0.104182,0.050733,0.094218,0.068303,-0.041484,0.124261,-0.024481,0.061833,0.086008,0.029712,-0.072934,0.000732,0.051406,-0.009453,0.089112,-0.021932,0.013828,-0.038791,-0.034318,0.041427,0.026756,0.013423,-0.012613,0.008913,0.031207,0.040826,0.059893,-0.003712,0.043635,-0.035952,-0.035575,-0.034163,0.037083,-0.001772,0.052726,-0.019780,0.008347,0.048416,-0.007717,-0.022229,0.065614,0.095914,0.094302,0.042364,0.019632,-0.021073,-0.096235,-0.084379,-0.092703,0.062494,-0.028612,-0.074715,0.040936,0.064081,-0.037701,0.014482,0.016449,-0.075798,-0.006430,0.028651,-0.001379,-0.007972,-0.031697,0.050347,0.034146,0.063831,0.037774,0.080629,0.065594,-0.014241,-0.029951,-0.014608,-0.026414,-0.011430,-0.071017,0.092778,0.026919,-0.033829,-0.009438,-0.036272,-0.179422,-0.009402,-0.053780,0.002382,0.036746,0.056170,0.024331,-0.045817,0.051161,-0.030352,-0.006866,-0.059264,0.016272,-0.022770,0.004172,0.020962,0.028627,0.033245,0.035958,0.012221,0.021828,0.014046,-0.055583,0.039355,-0.043795,-0.035437,-0.024148,0.038665,-0.014747,-0.065026,0.083324,-0.004541,-0.050516,0.045179,0.047857,0.040029,0.069390,-0.000624,0.033722,-0.018170,-0.013190,-0.034356,0.098830,-0.029742,-0.024020,-0.023605,0.029121,-0.053188,-0.031972,-0.041804,0.060884,0.058309,-0.009889,0.029945,0.035429,-0.049404,-0.019249,-0.007452,-0.028600,0.068199,0.082559,0.012634,0.053124,-0.086722,-0.093061,0.055434,0.040802,0.014362,-0.012161,0.002479,-0.064900,-0.055078,-0.013072,0.041790,0.000212,-0.003498,-0.013904,0.061118,0.005553,0.019245,0.008144,0.072894,-0.029341,-0.046449,0.057900,0.124872,0.019030,0.001767,-0.064871
-0.034168,0.044156,0.105118,0.019592,0.021154,0.027182,0.023217,0.030718,-0.084092,0.033331,0.004505,-0.051589,-0.018676,-0.015656,0.037802,0.035802,-0.001583,0.043428,0.037333,0.054022,-0.028651,0.087191,0.023209,0.037947,-0.092564,0.047408,0.111468,-0.002011,-0.005948,0.020758,0.046417,0.042239,0.023126,-0.040838,0.056867,-0.080122,-0.027242,0.131114,0.003277,-0.096439,0.059021,-0.077623,0.028186,-0.043803,-0.049584,0.089461,-0.086426,0.013076,-0.031322,0.078667,-0.039269,-0.021191,0.050658,0.101109,0.034833,-0.078939,0.027844,-0.000177,0.014203,0.015761,0.014102,0.011634,-0.029126,0.014521,0.066829,0.030581,0.068195,0.026094,-0.142344,-0.055588,-0.043260,0.102276,-0.071258,-0.060145,-0.065052,-0.095551,0.058093,0.055538,-0.002381,0.050469,-0.002461,0.010244,0.121687,-0.081235,-0.026078,-0.007220,0.074108,0.015634,0.010653,0.085841,0.025842,-0.068283,0.135159,0.069257,0.039808,-0.042625,0.043323,-0.025373,-0.023083,-0.038179,0.059154,0.000857,0.019115,-0.071691,-0.048473,-0.045152,0.083204,0.030916,-0.083486,0.051234,0.038429,0.009641,-0.008061,-0.032247,-0.014015,0.078154,-0.009076,0.030022,0.048953,0.022558,-0.038052,0.140994,-0.021717,0.040628,-0.001488,-0.017887,-0.000349,0.044345,0.025509,-0.052455,0.038371,-0.036115,0.092523,-0.067277,-0.102196,-0.100925,0.054319,-0.010941,-0.000969,0.100030,0.049021,-0.074965,0.082740,-0.020577,-0.068120,0.051194,0.103231,0.001392,0.074540,-0.066079,0.000872,0.045618,0.019687,0.019998,0.041506,0.055458,-0.030186,-0.033905,0.092234,-0.033326,-0.041681,-0.157338,0.082183,-0.032165,0.035747,0.004825,-0.062332,-0.041514,0.005900,-0.080226,0.013431,0.017399,-0.036341,-0.030528,-0.157750,0.071591,-0.112269,0.069256,0.107263,0.018563,-0.052233,-0.003907,0.049859,0.041252,0.031031,0.018112,0.062547,-0.001064,0.004629,-0.059750,-0.043304,-0.063886,-0.092168,-0.040591,0.062381,0.035294,-0.064697,0.081739,-0.088585,-0.048636,0.004797,0.026900,0.054008,0.125612,-0.014558,0.031728,-0.095745,0.033694,-0.030989,0.139672,-0.103448,-0.060981,-0.021855,-0.032678,-0.062413,0.001242,-0.042342,-0.028004,0.061741,-0.114749,0.041161,0.034490,-0.072674,0.001293,0.021006,-0.066336,0.077270,0.149656,-0.038933,0.109800,-0.030041,-0.081384,0.096477,0.051838,-0.024564,-0.076126,-0.000902,-0.082838,-0.006042,0.085982,0.020701,-0.040695,0.039473,0.007208,0.030416,-0.099689,0.015145,0.039583,0.069138,-0.007794,-0.035391,0.060325,0.146699,-0.003160,-0.050900,-0.088056
-0.021370,0.053776,0.090244,0.061877,0.087359,0.023417,0.055757,0.082011,-0.079781,-0.015005,-0.006244,-0.067413,-0.010290,-0.053566,0.029687,0.009708,0.042592,0.039907,-0.020650,0.109915,0.018862,0.020658,0.013403,0.026328,-0.074890,0.083242,0.131784,0.030214,0.058534,-0.024591,0.000744,-0.013419,0.039521,-0.056900,0.043294,-0.045043,0.024054,0.139817,0.017185,-0.122904,0.014786,-0.056856,0.089509,-0.108390,-0.019801,0.056908,-0.024289,-0.018318,-0.089877,0.070501,-0.102595,-0.030986,0.045671,0.113484,0.008339,-0.075031,0.034239,0.012744,-0.011751,-0.040227,0.029816,0.012715,-0.069504,-0.014712,-0.017597,0.041786,0.055143,0.042043,-0.086568,-0.036706,-0.063043,0.057626,-0.084585,0.006661,-0.023603,-0.178457,0.063494,-0.015513,0.017862,0.014161,0.037872,0.050983,0.117134,-0.116083,0.034799,0.037557,0.145102,0.025055,0.037513,-0.024951,0.046745,-0.078448,0.155545,0.042170,0.052467,-0.016508,-0.046261,-0.065748,-0.026321,-0.040311,0.039059,-0.033742,0.015055,-0.060854,0.013330,-0.116152,0.043089,0.053087,-0.011816,-0.026549,0.026579,0.011198,-0.010658,-0.052976,-0.063518,0.086313,0.054972,-0.028925,-0.052900,0.028564,-0.075836,0.092911,-0.044229,0.064343,-0.007761,0.027598,-0.022601,0.043212,-0.008076,0.050765,-0.022963,0.006266,-0.005578,-0.053264,-0.110108,-0.093771,-0.021776,0.020037,-0.016680,0.113925,0.058704,-0.058802,0.068758,-0.042045,-0.056235,-0.084707,0.012363,-0.080017,0.037288,-0.149158,0.088623,0.079868,0.006541,0.015474,0.114410,0.089195,-0.008268,-0.011800,0.054346,-0.016757,-0.021761,-0.093366,0.035677,-0.017662,-0.017415,-0.005027,-0.055136,-0.134601,-0.005803,-0.050589,-0.045222,0.013110,0.027788,-0.049010,-0.166695,-0.012394,-0.073855,0.070880,-0.062907,-0.024611,0.035990,0.044656,0.060365,0.059574,0.007223,0.060555,-0.040740,0.019638,-0.026981,-0.098242,0.026110,-0.090478,-0.131411,-0.083331,-0.045143,0.017373,-0.049698,0.101185,-0.055651,-0.048827,0.018391,-0.019784,0.092403,0.069069,-0.011868,0.045558,-0.058875,-0.050953,-0.046879,0.185280,-0.013952,-0.059584,-0.010798,-0.045104,-0.030719,0.025304,-0.006483,0.013621,0.035739,-0.101643,0.093344,-0.012602,-0.027643,0.060003,0.044390,0.011289,0.021253,0.085384,-0.061461,0.123602,-0.090555,-0.047694,0.105332,0.066721,-0.054734,-0.013625,-0.044550,-0.152925,0.051369,0.094381,-0.017393,-0.072597,-0.024354,0.009158,-0.017749,-0.002888,-0.068737,0.008157,0.116601,0.040755,0.078809,0.101708,0.097199,-0.007092,-0.045701,-0.029216
-0.072185,0.058664,0.075602,-0.013816,0.050301,-0.022663,-0.029696,0.027258,-0.075047,-0.055877,-0.034023,-0.064029,-0.008297,0.013479,0.023119,0.011602,0.016313,0.003530,-0.011480,0.000854,-0.012647,0.041328,0.029719,0.044201,-0.023638,0.026368,0.101797,-0.006694,0.000471,0.046246,0.034274,0.000727,0.014127,-0.036148,0.069919,-0.076608,0.018530,0.128113,-0.031522,-0.148683,-0.020678,-0.048648,0.035696,-0.047957,-0.036483,0.057159,-0.100609,0.077901,-0.030470,0.009206,0.006543,-0.079399,0.078169,0.012660,0.031454,-0.012821,0.056680,0.007487,0.045488,-0.009237,-0.038240,-0.020570,-0.024031,-0.001610,-0.030690,0.028644,0.014215,0.063560,-0.094989,-0.029008,0.025517,0.105987,-0.103132,-0.074993,-0.002498,-0.074805,0.104042,0.014636,-0.010247,0.030622,0.035129,0.037821,0.062589,-0.056549,-0.005818,-0.009721,0.056539,0.049180,0.024108,0.064505,0.091651,-0.016551,0.093664,-0.001715,0.028186,-0.021166,0.077766,-0.013842,-0.058068,-0.055252,0.024671,-0.020094,-0.002069,-0.023331,-0.060671,-0.036596,0.062233,0.040749,-0.027621,0.022116,0.030182,0.056620,-0.031671,-0.000708,-0.030760,0.057479,-0.072515,-0.020863,-0.034253,0.019379,-0.082299,0.093282,-0.016267,-0.039112,0.030156,-0.057115,-0.002561,0.067351,0.097331,0.079672,-0.043703,-0.031856,-0.034892,-0.026680,-0.024920,-0.041872,0.029130,-0.043021,0.038605,0.058061,0.026465,-0.019611,0.016471,0.012915,-0.033061,-0.030103,0.027715,-0.070792,0.100636,-0.097723,-0.037924,0.071105,-0.000234,0.039829,0.059019,0.086844,-0.026028,-0.042951,0.025393,-0.065492,-0.024640,-0.079002,0.049921,0.022238,-0.042086,0.016467,0.003971,-0.146359,0.035843,-0.072862,-0.046278,-0.000002,-0.057656,-0.033287,-0.100811,0.075235,-0.119064,0.030134,-0.041130,0.097236,-0.005970,0.012476,0.114668,0.094767,0.049793,0.038163,-0.011392,0.083556,-0.045800,-0.038516,-0.076164,-0.081525,-0.085286,-0.026466,0.024806,0.046384,-0.005954,0.091667,-0.091221,-0.053788,-0.025784,0.041282,0.016162,0.085935,0.011737,-0.028318,-0.086756,-0.000946,-0.007623,0.156409,0.014155,-0.074063,0.034303,-0.032342,-0.039696,-0.031484,-0.049762,-0.050624,0.043718,-0.054475,-0.007451,0.010867,-0.007384,0.014015,0.009451,-0.032544,0.094045,0.068144,-0.023320,0.078579,-0.034987,-0.101821,0.053179,0.030121,-0.027994,0.016937,0.017191,-0.063378,-0.040050,0.051359,-0.017567,-0.068082,0.017461,0.006433,0.017791,-0.026559,0.005262,0.058500,0.104475,0.066809,0.023686,0.054399,0.076235,-0.021787,-0.005585,-0.098882
0.000585,0.088736,0.018441,-0.051858,-0.056249,0.026945,0.003741,0.012946,-0.018333,-0.065135,0.047124,-0.008494,0.024911,-0.029985,0.026334,0.032274,0.004175,0.062783,0.043804,0.050017,-0.004029,0.079705,0.032128,0.063472,-0.073853,0.016242,0.058335,0.044666,-0.008483,0.015808,0.046758,0.022346,-0.001825,-0.018725,0.100834,-0.091599,-0.024563,0.071396,-0.049013,-0.099369,-0.003264,-0.069628,-0.013038,-0.086055,-0.049945,0.010286,-0.052314,0.053779,-0.052633,0.050149,-0.023823,0.005256,0.044582,0.016400,-0.003179,-0.042256,0.030099,0.024862,0.028471,0.039597,-0.045777,0.000520,-0.041718,0.032367,-0.011505,0.022483,0.021374,0.012930,-0.033701,0.040763,-0.067304,0.033108,-0.078393,-0.039149,-0.022932,-0.116480,0.050099,0.073814,0.053946,-0.046492,0.007744,0.058480,0.096156,-0.128524,-0.059568,-0.006734,0.096418,0.020444,0.047354,0.024657,0.066750,0.041203,0.076089,0.029733,-0.065427,-0.018224,0.005233,-0.000687,0.060330,0.035160,0.034431,-0.012079,-0.018030,-0.060756,-0.020828,-0.015431,0.116006,0.037344,-0.048418,0.042956,0.025024,-0.023934,0.024319,-0.062294,-0.013990,0.102549,-0.012314,0.013559,-0.105334,-0.006414,0.012490,0.087981,-0.072675,0.019230,-0.004368,-0.060089,-0.030533,0.098279,0.109018,0.015566,-0.038436,0.025861,0.021379,-0.078834,-0.079901,-0.095322,0.028120,0.040549,-0.035393,-0.001061,-0.013890,-0.061295,0.039382,-0.054787,-0.093834,0.014612,0.045328,-0.022078,0.028570,-0.106629,0.022678,0.070280,0.013047,0.008268,0.056010,0.077661,-0.052618,-0.014539,-0.017635,0.004541,0.046867,-0.074848,0.044588,0.059680,-0.014763,-0.024373,-0.035160,-0.148482,0.078320,0.001688,-0.057233,-0.005386,0.038165,-0.027787,-0.061049,0.041346,-0.047887,0.065468,0.010479,-0.014856,0.031348,0.032410,0.022905,0.062482,0.000442,0.041572,-0.034092,-0.023625,-0.039963,0.003104,0.016772,-0.075496,-0.051146,-0.048536,0.044033,0.015930,-0.068999,0.027619,-0.057101,-0.119482,0.067290,0.035920,0.073364,0.031512,0.017754,0.008235,-0.061076,-0.043447,-0.011043,0.068900,-0.030451,-0.052064,-0.072362,-0.015980,0.010461,0.065830,-0.048465,0.003502,0.045093,-0.034917,-0.008418,0.066294,-0.049520,0.029034,-0.053358,0.020433,0.059938,0.074154,-0.088418,0.011923,-0.041372,-0.114964,0.078098,0.043464,0.005238,-0.054296,0.009073,-0.049521,0.015358,0.043136,-0.004633,0.073046,-0.012394,-0.038242,0.060983,0.017201,-0.036141,-0.024528,0.067151,0.013244,-0.025764,-0.027874,0.097528,0.039338,-0.017445,-0.084829
0.017488,-0.000733,0.079618,-0.059477,0.038250,0.029034,0.019423,0.064282,-0.005540,-0.044823,-0.003171,-0.105546,-0.023148,-0.016057,0.049382,0.021182,0.023263,0.046650,-0.012389,0.068566,-0.025223,-0.010884,0.077197,0.052699,-0.055238,0.098653,0.061401,-0.005895,-0.060724,-0.043719,0.009242,0.077177,-0.011512,-0.059932,0.092058,-0.118954,0.031324,0.057227,-0.018113,-0.116045,0.003788,-0.059173,0.082181,-0.036674,-0.030522,0.077979,-0.039570,0.066440,-0.034811,0.054382,-0.044324,-0.128812,0.090506,0.064423,0.058433,-0.082699,0.061484,-0.002366,0.020630,0.071211,0.083015,-0.001298,-0.007799,-0.002903,-0.042320,0.113331,0.049864,0.117489,-0.147175,0.035387,0.006427,0.034377,-0.009800,-0.010123,-0.076183,-0.087892,0.064700,0.077509,-0.018923,0.007362,0.029973,0.090415,0.053479,-0.105627,-0.055680,0.002809,0.139085,0.027139,0.058594,0.037956,0.091038,-0.010660,0.149660,0.051379,0.001462,0.039578,-0.003087,0.054388,-0.023719,-0.056819,0.016364,-0.012464,0.074775,-0.099071,-0.058770,-0.043818,0.103678,0.032202,-0.030313,0.043290,-0.003026,-0.016123,0.023478,-0.028880,-0.086660,0.062710,-0.095036,0.011579,-0.006417,0.058037,-0.031130,0.059967,-0.043765,-0.006322,-0.020400,0.008515,0.015862,0.076211,0.096282,-0.010669,-0.035552,-0.045546,0.034147,-0.043073,-0.005832,-0.033196,-0.030145,-0.003077,0.044264,0.066684,0.006688,-0.070884,0.061411,-0.018543,-0.097131,0.003379,0.068114,-0.075578,0.077621,-0.050422,-0.009488,0.011070,0.034782,0.022067,0.023018,0.077370,-0.064053,0.005269,0.004217,-0.050960,0.017105,-0.066009,0.047560,-0.002353,0.045192,0.017271,-0.035083,-0.119549,0.014201,-0.107427,-0.049850,0.011859,0.030857,-0.006052,-0.068569,0.020018,-0.020333,0.021759,0.035836,-0.008783,-0.029213,-0.066796,0.089284,0.085892,0.027313,0.043594,0.059215,-0.017601,0.018788,0.059135,-0.067882,-0.070406,-0.071477,-0.054910,-0.006305,0.057560,-0.062032,0.081394,-0.036269,-0.037236,-0.007009,0.057944,0.015282,0.114892,-0.057975,0.018284,-0.045549,-0.053578,0.077085,0.174579,-0.080423,-0.083705,0.006636,-0.032123,0.035105,-0.028935,-0.051348,-0.038125,0.033119,-0.042003,0.058116,0.021087,0.069614,0.040583,-0.014329,-0.005991,0.069087,0.043575,-0.097615,0.061717,-0.040567,-0.088845,-0.036578,0.060951,0.006068,-0.051221,0.020551,-0.064772,-0.042227,0.040300,-0.010032,-0.030963,-0.030646,0.008812,0.081765,-0.048757,0.047124,0.000834,0.089832,-0.023411,0.018056,0.032354,0.074736,-0.078732,-0.001822,-0.109827
0.032002,0.034679,0.119814,-0.015156,-0.022833,-0.063175,0.019464,0.069669,-0.006629,-0.056374,-0.049350,-0.073014,0.048684,-0.027783,0.045241,0.076119,0.003265,0.047689,-0.017625,0.058829,-0.049067,0.038229,0.057258,0.006647,-0.091339,0.018945,0.114474,0.004727,-0.015529,-0.032932,0.038946,0.026354,0.006413,-0.098471,0.066186,-0.123685,0.064842,0.112543,-0.024431,-0.183422,0.034494,-0.072079,0.072273,-0.082763,-0.093854,0.004279,-0.040151,0.084920,-0.091744,0.035081,-0.024425,-0.042959,0.011524,0.082538,0.012282,-0.097810,0.099838,0.027595,0.013979,0.013579,-0.021923,0.036681,-0.041598,-0.025647,-0.038638,0.022799,0.054921,0.072275,-0.148665,0.011853,0.013764,0.019216,-0.030698,-0.049035,-0.028327,-0.012341,0.036106,0.056469,0.024605,0.022075,0.015790,0.087692,0.157935,-0.100486,0.024439,0.006892,0.165760,-0.003574,0.072014,0.024596,0.021248,-0.121195,0.177105,0.055099,-0.001524,-0.007165,-0.098375,0.014687,-0.036326,-0.014209,-0.001849,0.019828,0.010395,-0.101020,-0.005538,-0.084860,0.053566,0.009634,-0.002922,-0.013827,0.018934,0.013912,0.018277,-0.048927,-0.050119,0.084769,-0.028214,-0.031160,-0.010265,0.072633,-0.067867,0.019775,-0.006485,-0.017255,0.037212,-0.003031,-0.059436,0.019441,0.065801,0.037115,-0.046648,-0.039694,0.040452,-0.029963,-0.097309,-0.057923,0.086109,0.033694,-0.087193,0.088699,0.051564,-0.106647,0.019542,0.039537,-0.103145,0.015986,0.029152,-0.113465,0.023364,0.040568,0.080358,0.009431,0.053402,0.052481,0.073943,0.042161,-0.075084,-0.098201,0.024331,0.001130,-0.037747,-0.097629,-0.032257,-0.002426,0.089005,0.054970,-0.100000,-0.075509,-0.017592,-0.039204,-0.003074,0.007551,-0.045312,-0.026993,-0.081935,0.012144,-0.051005,-0.007098,-0.018405,-0.027004,-0.005625,0.018186,0.089521,-0.000329,-0.016939,-0.015149,0.046471,0.001340,-0.022542,-0.061568,0.039646,-0.059098,-0.155955,-0.030877,0.000458,0.040905,-0.077533,0.055504,-0.097265,-0.052095,0.066632,0.056606,0.068083,0.084687,-0.062848,0.049213,-0.061443,-0.143513,-0.065246,0.110704,-0.084964,-0.086132,0.029421,0.013823,-0.026929,0.040728,-0.075980,-0.009555,0.069727,-0.035549,-0.072835,0.020084,-0.010614,0.006215,0.012390,0.009474,0.062214,0.107669,-0.089335,0.031427,-0.056561,-0.105480,0.094267,0.034402,0.034813,-0.015064,-0.047669,-0.040648,-0.016071,-0.008059,0.054596,0.021513,0.022514,0.001442,0.090838,0.005073,-0.027669,-0.024992,0.097763,0.029947,0.081749,0.090488,0.137160,-0.009505,-0.006849,-0.125823
0.030729,0.040818,0.066848,0.068216,0.013935,-0.051022,0.031930,0.082344,-0.009338,-0.030132,-0.057500,-0.119068,0.008366,-0.041994,0.004411,0.013846,-0.002371,0.119972,0.041989,0.023304,-0.055833,0.039002,0.036178,0.034141,-0.087421,0.069642,0.047737,-0.008010,0.028209,0.014220,0.020257,0.008207,0.016618,-0.012560,0.141689,-0.042343,-0.033594,0.063183,0.023045,-0.121623,0.069438,-0.088689,0.049521,-0.093786,-0.089508,0.003873,-0.131310,0.038601,-0.072932,0.133096,0.006376,-0.026033,-0.009878,0.058493,0.051790,-0.006040,0.014626,0.060823,-0.025312,0.016028,-0.092938,0.012824,-0.043688,-0.023638,-0.071874,0.070312,0.023067,0.074541,-0.087426,0.020155,-0.051621,0.050837,-0.084183,-0.044715,-0.040492,-0.095686,0.020262,0.067479,0.010622,-0.005519,0.008348,0.020464,0.078854,-0.106800,-0.022999,-0.022948,0.114854,-0.040712,0.020667,0.083007,0.060343,-0.032656,0.115242,0.023418,-0.001611,0.040338,-0.061541,0.030391,-0.018161,-0.017937,-0.024933,0.003698,0.019756,-0.079147,0.013294,-0.058080,0.071478,0.027592,-0.006275,0.054319,0.028470,0.017993,0.005565,-0.058622,-0.027671,0.131204,-0.076683,0.009826,-0.060707,0.047647,-0.087828,0.056030,-0.092638,0.031588,0.038567,-0.050128,0.014392,0.078725,0.046460,0.010212,-0.007820,-0.039819,0.050815,-0.038010,-0.055571,-0.007305,0.015544,0.018758,0.032205,0.053419,-0.048170,-0.044511,0.093322,-0.039793,-0.092262,0.010584,0.079106,-0.019358,0.000207,-0.051431,-0.040629,0.031541,0.039187,0.089418,0.022463,0.088316,-0.044121,-0.035932,-0.037689,-0.069487,0.028776,-0.117457,0.014743,0.004054,0.008046,0.018655,-0.046267,-0.033875,-0.038364,-0.027415,-0.038402,-0.020447,-0.017947,-0.014459,-0.052730,0.031400,-0.016012,-0.002710,0.016025,0.018190,0.015020,-0.045671,0.100814,0.008214,-0.000228,0.085338,0.088377,-0.035965,0.005818,-0.064220,-0.071791,-0.090408,-0.107561,-0.086091,-0.021838,-0.017011,-0.049503,0.085363,-0.019017,-0.062309,0.079137,-0.022378,0.019138,0.044533,-0.011914,0.051958,-0.012480,-0.116184,0.022874,0.088129,-0.052841,-0.095552,-0.101040,-0.062831,-0.059423,0.003343,-0.063536,-0.032806,0.047235,-0.116573,-0.037549,-0.003300,0.023698,0.029217,0.056018,-0.086554,0.088697,0.080640,-0.090503,0.029681,-0.021974,-0.092817,0.090722,0.009260,-0.004274,0.012632,-0.014775,-0.028335,-0.038667,0.027843,-0.019976,-0.023472,0.034132,-0.017125,0.074304,0.029001,-0.058509,0.082909,0.108107,0.015310,0.037867,0.014822,0.073519,0.072487,0.030470,-0.089193
0.046825,0.033064,0.037373,0.036717,0.040898,0.043687,-0.010349,0.078650,-0.018914,-0.026469,-0.020537,-0.023766,-0.045168,-0.032299,0.030116,0.011931,-0.009759,0.027135,-0.021922,0.031861,-0.042409,0.034072,0.075314,0.022268,-0.080517,0.044834,0.074797,0.005065,0.012675,0.003457,-0.032658,0.019341,-0.013876,-0.067799,0.109451,-0.089389,0.047966,0.101963,0.018891,-0.160840,-0.005834,-0.071353,0.064524,-0.065485,-0.047211,0.099734,-0.013096,0.055900,-0.043302,0.062604,-0.028430,-0.058462,0.042498,0.040805,0.011669,-0.008362,0.072146,0.078707,0.020059,-0.023661,0.001394,0.018066,-0.062525,-0.037488,0.034949,0.031087,0.047868,0.014191,-0.053585,0.006597,-0.037006,0.026723,-0.112825,-0.018208,-0.043216,-0.081607,0.032056,0.014755,0.021071,0.036147,0.030480,0.057453,0.109942,-0.040040,0.016451,0.040108,0.049002,0.017690,0.023340,0.056112,0.048354,-0.017955,0.123026,0.052497,0.042696,-0.005987,0.041784,-0.039611,-0.013381,-0.066255,0.016340,0.007113,-0.000787,0.009385,0.007431,-0.058387,0.016174,0.039960,-0.036573,-0.013483,0.037293,0.061048,0.038777,-0.014415,-0.078777,0.064684,-0.031705,0.015775,-0.059634,0.028175,-0.081918,0.043843,-0.012744,0.032922,0.028014,-0.014474,0.020181,0.028708,0.073373,0.046797,0.058692,-0.047724,0.012651,-0.007344,-0.047385,-0.043640,0.053523,0.003382,-0.024669,0.054030,-0.015175,-0.089988,0.045401,0.023510,-0.045643,-0.064812,0.108251,-0.028542,0.012848,-0.039497,0.030735,0.015690,0.023306,0.024188,0.125865,0.055588,-0.044614,-0.011650,0.031202,-0.034235,0.039628,-0.094653,0.065434,0.057445,0.007089,-0.033292,-0.036060,-0.155259,-0.004644,-0.054270,-0.017115,-0.017401,-0.064989,-0.035868,-0.085520,0.050226,-0.058944,-0.005254,0.064999,0.029986,0.007745,0.007497,0.078311,0.098304,0.068034,0.111373,0.038646,0.062158,-0.020950,-0.023390,-0.028876,-0.073819,-0.052012,-0.054280,0.015314,0.025829,-0.048468,0.053428,-0.060124,-0.084706,0.066711,-0.012755,0.077180,0.119881,-0.091099,-0.004156,-0.013538,-0.027168,-0.021745,0.147881,-0.029628,-0.075132,-0.012144,-0.014581,-0.095672,0.014121,-0.042861,-0.026921,-0.033394,-0.091812,0.013143,-0.010835,0.014103,0.046564,0.005224,-0.023551,0.026393,0.114136,-0.079979,0.082823,-0.075236,-0.114182,0.122446,0.033397,-0.021682,0.009439,0.054393,-0.099671,-0.036281,0.021758,0.008953,-0.024316,-0.034065,0.011084,0.050540,0.006099,-0.068452,0.016397,0.118067,-0.007027,0.001895,0.099231,0.156345,0.013105,-0.100624,-0.050345
0.028386,0.002850,0.053574,-0.022643,-0.027251,-0.064892,0.004456,-0.001425,-0.026778,-0.094541,0.003197,-0.040563,0.000096,-0.040192,0.026221,0.006931,0.004394,0.068332,0.083364,0.038455,0.009756,0.035535,0.035277,0.081087,-0.151798,0.086252,0.111238,0.001811,-0.031543,0.013576,0.083006,0.015092,-0.011761,-0.061199,0.050348,-0.093053,0.024427,0.106864,-0.016323,-0.111891,0.025361,-0.057859,-0.003717,-0.068968,-0.051042,0.103905,-0.055692,0.127293,-0.057140,-0.038349,-0.008265,-0.095058,0.027083,0.022378,0.044666,-0.035649,0.081187,0.006340,0.064861,0.046668,0.021259,0.041129,-0.041783,-0.052771,-0.027502,0.059590,0.009090,0.167360,-0.065043,-0.005193,-0.030417,0.043522,-0.115630,-0.049727,-0.032066,-0.095003,0.020996,0.003575,0.038955,0.019739,0.018050,0.092951,0.090505,-0.191667,-0.034660,-0.000793,0.056968,0.049669,0.032837,0.067769,0.060373,-0.092854,0.157164,0.055396,0.020121,0.029883,0.032244,0.007663,-0.031547,-0.035807,0.023796,0.017784,0.105617,-0.014116,-0.068579,0.000971,0.093108,0.007459,-0.065865,0.029306,-0.025467,-0.002515,0.056622,0.004202,-0.081439,0.109131,-0.074003,-0.005490,-0.032872,-0.025918,-0.063314,0.033989,-0.019340,0.069308,-0.016784,0.009161,-0.015585,0.054904,0.121718,0.055516,0.063248,-0.077822,0.101884,-0.020518,-0.068975,0.014095,0.015137,0.013838,-0.041437,0.051999,0.034207,-0.092613,0.097478,-0.012079,-0.111779,-0.010374,0.134201,-0.054871,0.050659,-0.014278,-0.024437,0.043446,0.042019,0.056221,0.041928,0.076826,-0.034010,-0.012826,0.009010,-0.044653,-0.050626,-0.080315,0.074109,-0.028057,0.012138,-0.023956,-0.090386,-0.129635,0.034820,-0.039185,-0.041209,0.007344,-0.013088,-0.007132,-0.012745,0.064538,-0.043747,0.026727,0.026665,0.001868,-0.031595,-0.025668,0.114919,-0.005980,-0.011044,0.073309,-0.028606,0.047721,-0.000293,-0.040528,-0.018013,-0.077375,-0.048585,-0.030345,0.020958,0.083457,-0.017713,0.034504,-0.050216,-0.088821,0.042818,-0.005697,0.070265,0.053827,-0.019502,-0.006541,-0.045564,-0.043048,0.018249,0.139989,-0.080324,-0.058617,-0.000298,-0.036941,-0.026457,-0.049989,-0.052549,0.008290,0.046647,-0.079941,-0.030759,0.015694,-0.040688,-0.010894,-0.000643,0.034239,0.007612,0.147347,-0.036068,0.060419,-0.030464,-0.069421,0.095668,0.058304,0.018571,0.051292,-0.003595,-0.020087,-0.018211,0.074120,0.017199,0.037759,-0.016129,0.033360,0.040814,-0.004027,-0.046596,0.042810,0.108313,0.007056,0.064233,0.021573,0.184620,0.010836,-0.056058,-0.067487
0.001836,0.010582,0.037504,-0.006094,0.080242,-0.013325,0.050253,0.097068,-0.063941,-0.055613,-0.054768,-0.067952,0.024796,-0.045590,0.080186,-0.029891,0.020406,0.080320,-0.026511,0.049316,-0.057493,0.042210,0.000497,0.016141,-0.145160,0.057874,0.118054,0.022498,-0.008965,0.014103,0.028663,0.015494,0.048001,-0.131341,0.070224,-0.040187,-0.018818,0.076214,-0.014257,-0.089054,0.043890,-0.055272,-0.019469,-0.058462,-0.022829,0.073459,0.003246,0.103384,-0.023241,0.015539,0.027651,0.009832,0.104488,0.059000,0.018926,-0.049691,0.055864,0.000059,0.036206,0.001320,-0.020141,0.022393,-0.062785,0.018373,-0.040891,0.151484,0.048515,0.086530,-0.073449,-0.026563,0.012986,0.026194,-0.108075,-0.009175,-0.052532,-0.080934,0.026206,0.090229,0.028823,-0.080792,-0.008603,0.034977,0.109448,-0.118826,0.059133,0.011470,0.145759,0.011622,0.038264,0.045581,0.009215,-0.033356,0.090718,0.038292,0.015890,0.049337,0.021286,0.005895,-0.006716,-0.050646,-0.012284,0.012322,0.013433,-0.090826,-0.030816,-0.025047,0.079850,0.021731,0.011324,0.045599,-0.031879,0.009562,-0.000194,0.056016,0.013658,0.010771,-0.145583,0.006617,-0.033133,0.034746,-0.071259,0.116795,-0.017149,0.062216,0.036778,-0.038610,-0.024743,0.062708,0.044084,0.030608,0.024260,-0.093868,0.034817,-0.060815,-0.051577,-0.032934,-0.037323,-0.047346,0.012076,0.067144,0.006716,-0.095021,0.069842,-0.024296,-0.037405,0.007138,0.019768,-0.082321,0.085857,-0.041150,0.004277,0.059525,-0.044361,-0.001585,0.075085,0.134297,0.008735,0.013076,0.018410,0.008910,0.013239,-0.144022,0.064532,0.003612,0.043975,-0.019731,-0.119105,-0.108591,-0.008073,-0.039921,-0.047847,0.045509,0.007210,0.013392,-0.050924,0.055876,-0.139301,0.035631,-0.023685,0.062286,-0.013540,-0.047334,0.064377,0.100794,0.096938,0.066594,0.005151,0.001540,-0.061883,-0.006797,0.041977,-0.109172,-0.072904,0.006307,-0.036953,0.046395,-0.042021,0.130551,-0.052585,-0.046257,0.029279,-0.014339,0.064151,0.055530,-0.084441,0.053314,-0.020105,-0.022506,0.029889,0.131263,-0.005098,-0.131063,-0.006064,-0.011542,-0.005945,-0.046074,0.004970,-0.043559,0.048421,-0.028911,-0.003023,0.030154,0.044687,-0.014992,0.056145,-0.013909,0.077072,0.131800,-0.041914,0.041792,-0.061127,-0.044605,0.033549,0.024164,-0.058120,-0.003152,0.028514,-0.026372,-0.050215,0.006982,0.069911,-0.070001,0.019244,0.011088,0.013868,0.025676,-0.021109,0.047740,0.112424,-0.023611,0.069315,0.036971,0.098754,0.021458,0.013321,-0.081604
-0.016999,-0.003124,0.061513,-0.014916,0.025482,-0.012226,0.016953,0.036940,0.026706,-0.039811,-0.059009,-0.002071,-0.048009,-0.013472,-0.012340,-0.009444,0.071455,0.019951,0.050939,0.056997,-0.024945,0.067412,0.048987,0.009772,-0.063388,-0.002513,0.087190,-0.037571,0.015953,0.000657,0.045849,0.003655,0.056114,-0.045581,0.122631,-0.080848,0.027019,0.105759,0.073496,-0.070850,-0.000980,-0.059430,0.023391,-0.021754,-0.041659,-0.002627,-0.055016,0.046987,-0.072526,-0.010370,-0.070195,-0.059568,0.107342,0.109013,0.004626,-0.034914,0.057048,-0.002260,0.013366,-0.001702,0.047274,0.082993,-0.035053,-0.000630,-0.021316,0.041496,0.086817,0.100300,-0.057621,0.037743,-0.015477,0.006607,-0.054061,0.021576,-0.095295,-0.092068,0.048769,0.079213,0.033964,-0.006465,-0.004014,0.072092,0.018413,-0.030360,0.018084,0.012164,0.121646,0.004676,0.079967,0.002420,0.086525,-0.057868,0.083320,0.067077,-0.024280,-0.011372,0.054351,-0.007662,0.053018,0.020630,0.011819,0.036643,-0.074818,-0.089949,-0.041070,0.013185,0.068780,0.048412,0.004669,0.043006,-0.044294,0.025343,0.049818,-0.063849,-0.068821,0.068461,-0.058955,-0.009235,-0.040798,-0.013193,-0.012614,0.020875,0.005388,-0.047004,-0.016155,0.023849,-0.047201,0.125424,0.063970,0.019909,0.005606,0.025952,0.067934,-0.081605,-0.061020,-0.065911,0.000410,0.039077,-0.022225,0.025719,0.058227,-0.079984,0.101203,-0.042060,-0.003688,0.047204,0.068049,-0.044765,0.044041,-0.061982,-0.024044,0.022731,-0.050966,-0.015404,0.056871,-0.004817,-0.086928,-0.019231,0.039132,0.004261,0.011431,-0.075180,0.064778,0.086973,-0.047811,0.053590,-0.057203,-0.109291,0.022635,-0.062305,0.028349,-0.005040,-0.029803,-0.009895,-0.076791,0.056877,-0.035123,0.049597,-0.000965,-0.005261,0.011522,0.009166,0.080755,0.052248,0.046686,0.063711,-0.008872,0.040464,-0.019214,-0.053374,0.023181,-0.059091,-0.111350,-0.046179,0.020537,0.005061,-0.097238,0.011047,-0.033123,-0.031713,0.038157,0.033833,0.067880,0.122686,-0.053671,-0.018350,-0.045595,-0.042360,0.002857,0.108072,-0.031074,-0.033929,-0.033212,-0.000777,-0.013744,-0.001746,-0.052775,0.022860,0.065727,-0.104943,0.011382,0.014266,0.016756,-0.023828,-0.006815,0.010019,0.057038,0.025674,-0.085756,0.004665,-0.005354,-0.144423,0.023514,0.029666,-0.052418,0.011605,0.003710,-0.049541,0.037098,0.067543,0.044955,-0.002697,-0.025708,-0.080075,0.034482,0.018074,-0.018899,0.000281,0.139669,0.085034,0.046587,0.058784,0.108928,-0.030543,-0.006314,-0.070724
-0.035095,0.008575,0.073274,-0.017324,0.029117,-0.016112,0.002168,0.050019,-0.042774,-0.054875,0.049604,-0.041241,-0.032644,-0.018243,0.003980,0.044996,-0.011125,-0.006032,-0.002016,0.021633,-0.023197,0.030881,0.010193,0.064272,-0.108508,0.053338,0.079785,-0.016490,0.046428,-0.078861,0.032625,0.020173,0.001309,-0.052099,0.030800,-0.100495,0.017529,0.049439,0.048752,-0.092215,-0.002952,-0.088019,0.006279,-0.012714,-0.073259,0.069351,-0.088062,0.069902,-0.040103,0.048792,-0.056577,-0.056015,0.058250,0.037185,0.024544,0.041086,0.024701,0.024399,0.010478,0.035058,0.010827,0.004531,-0.078280,-0.034542,0.013031,0.084026,0.080925,0.132887,-0.036887,0.016221,-0.010313,0.119835,-0.052117,-0.032889,-0.029870,-0.039313,0.037098,0.033384,-0.018986,-0.070462,0.029175,0.102738,0.095885,-0.123541,0.004874,-0.032068,0.112112,0.064480,0.009088,-0.017351,0.113938,-0.038443,0.132423,0.029023,-0.047620,0.098937,-0.004566,-0.085664,-0.003187,-0.009866,0.035241,0.033760,0.021159,-0.054201,-0.106637,-0.003295,0.064787,0.016965,-0.028503,0.068990,0.004078,0.033806,-0.012464,-0.015415,-0.044731,0.042803,-0.024904,0.009917,-0.060426,0.041935,-0.045002,0.068439,-0.015068,-0.000269,-0.019589,0.004532,0.013310,0.118126,0.108483,0.069043,-0.058059,0.000494,0.055022,-0.039076,-0.065420,0.015822,-0.018281,-0.070106,0.018087,-0.009781,0.049438,-0.078139,0.118441,0.001543,-0.119177,0.085593,0.036404,-0.042303,0.027447,-0.044897,0.079228,0.047606,0.001270,0.044221,0.027316,0.126253,-0.100229,-0.027794,0.116791,-0.001815,-0.007074,-0.026993,0.026232,0.062286,-0.003065,0.063949,-0.078605,-0.125540,0.033083,-0.063507,-0.010970,0.033285,-0.014852,-0.003893,-0.103313,0.105039,-0.001644,0.018226,0.060750,0.008189,-0.003084,-0.025861,0.065400,0.073436,0.058211,0.035072,0.008506,0.049844,-0.013450,-0.058843,-0.061415,-0.042006,-0.132669,-0.146106,-0.030956,0.044028,-0.072439,0.066526,-0.043719,0.001479,0.079766,-0.017561,0.035403,0.039595,-0.033507,0.038864,-0.015744,-0.091239,0.056609,0.076160,-0.021697,-0.067139,-0.048705,0.009673,-0.062056,-0.029272,-0.045473,-0.022970,0.014355,-0.105491,0.040906,0.012147,0.060086,-0.020532,0.028505,0.067141,0.058314,0.126399,-0.090955,0.003319,-0.007601,-0.066025,0.103405,0.002131,0.045689,-0.017877,-0.029227,-0.076426,-0.028991,0.010115,-0.009428,0.012268,0.038998,-0.018087,0.075249,0.010667,0.014117,0.029455,0.072363,0.062189,0.073527,0.075821,0.099086,-0.056079,-0.043195,-0.072949
-0.015299,0.061050,0.040384,0.011836,0.087747,-0.027156,0.010574,0.038467,-0.048992,-0.006022,-0.030818,-0.024041,0.013861,-0.004115,-0.005124,0.042084,0.025421,0.010684,-0.019148,-0.014329,-0.054640,-0.042171,0.021056,0.069439,-0.062128,0.088061,0.126889,0.065600,0.031893,0.003113,0.050833,0.025890,-0.009456,-0.033166,-0.017893,-0.081435,0.007909,0.103398,-0.004711,-0.090419,0.023531,-0.079775,0.022091,-0.124427,-0.067307,0.053038,-0.045834,0.050509,-0.102424,0.010501,0.017885,-0.084881,-0.041492,0.062132,-0.011968,-0.047629,0.082984,-0.010899,0.003728,0.023969,-0.024696,-0.000679,-0.032229,0.034675,-0.003792,0.029164,0.066163,0.106181,-0.054422,-0.030570,-0.003191,0.055893,-0.119234,-0.082460,-0.045363,0.023671,0.011366,0.065155,0.018974,0.010381,-0.038458,0.128360,0.047480,-0.070302,-0.005882,0.021288,0.122531,-0.004294,-0.003865,0.009207,0.053923,-0.073147,0.102590,-0.008822,0.017021,0.039186,-0.044346,-0.023240,-0.012834,-0.013244,-0.033670,0.011486,0.023373,-0.025810,-0.075341,-0.078146,0.095671,0.022975,-0.042447,0.018774,-0.006106,0.005518,0.027193,-0.054998,-0.029636,0.113264,-0.038129,-0.044051,-0.056273,-0.016087,0.000981,0.008619,-0.004541,-0.043872,-0.000003,-0.084206,0.004995,0.026451,0.068610,0.066678,-0.014750,-0.067852,0.032530,0.051551,-0.075790,-0.011046,0.049949,-0.020181,0.006529,0.062473,-0.036961,-0.060698,0.014146,-0.003752,-0.061383,0.056374,0.078532,-0.023094,0.026510,-0.033378,-0.032014,0.059514,0.017727,0.047155,0.039891,0.051054,-0.040707,-0.033776,0.026078,-0.009763,0.023668,-0.088091,0.066701,-0.008627,0.008558,0.048317,-0.097295,-0.151937,-0.037075,-0.097828,0.007757,0.036212,-0.050096,0.013055,-0.041738,0.049260,-0.115951,0.049847,0.011103,0.012958,0.053751,-0.060954,0.065063,0.068286,0.014718,0.044949,-0.049884,-0.009919,-0.004869,-0.034554,-0.063192,-0.096688,-0.041600,-0.053945,-0.016337,0.027943,-0.015238,0.114575,-0.030688,-0.076132,0.039899,0.070580,0.088521,0.112050,-0.049747,0.027537,-0.090038,-0.058358,0.010289,0.168810,-0.008010,-0.109292,-0.074469,0.054063,-0.075966,-0.033602,-0.037845,0.074872,0.036132,-0.091710,0.038480,0.023287,-0.005280,0.027359,0.011241,-0.016031,0.050468,0.108623,-0.001191,0.030167,-0.020611,-0.106524,0.075665,0.018934,0.062777,-0.013663,-0.035532,-0.054903,-0.001570,-0.007271,-0.022797,-0.061865,-0.018004,0.018122,0.093733,-0.022127,0.023284,-0.004373,0.129561,0.059285,0.052029,-0.000480,0.078064,-0.029899,0.010830,-0.116350
-0.055920,0.099343,0.047933,-0.027115,0.020657,0.023556,0.027431,0.095120,-0.011971,-0.004215,-0.039621,-0.049458,-0.012110,-0.005512,0.033895,-0.056500,-0.009946,0.059276,0.050250,0.088781,0.009672,0.029643,0.007439,0.024787,-0.113753,0.024949,0.134484,0.022498,-0.053688,0.012410,0.042306,0.007089,0.061231,-0.023363,0.117208,-0.107280,-0.033982,0.045308,0.057047,-0.063816,0.040817,-0.071203,0.018842,-0.077240,-0.043650,0.028981,-0.078040,0.034747,-0.046021,0.050988,-0.060222,-0.018196,0.075256,0.063168,-0.028569,0.003765,0.015114,0.041928,-0.015930,0.007056,0.028278,-0.007261,0.010437,0.022528,0.032461,0.003044,0.040764,0.018865,-0.114435,0.074816,-0.101084,-0.028452,-0.148454,-0.081904,-0.094172,-0.136882,0.075857,0.083591,0.026432,-0.056535,0.016037,0.063230,0.116980,-0.133098,-0.024223,-0.006885,0.154360,0.039818,0.026974,-0.032884,0.004342,-0.039943,0.097782,-0.029164,-0.028994,0.006772,0.015252,-0.024142,0.040221,0.015280,0.049794,0.003489,-0.040813,-0.146061,-0.006363,-0.000986,0.108354,-0.016413,-0.015978,0.056603,0.020127,0.061368,0.050736,0.017859,-0.076321,0.011937,-0.038499,-0.087945,-0.105847,-0.037512,-0.078362,0.088347,-0.052758,0.012285,0.033245,0.012744,-0.056711,0.055479,-0.001948,0.057370,-0.052661,-0.018119,-0.044119,-0.079476,-0.086396,0.029477,0.035812,-0.010419,0.018258,-0.030871,-0.022848,-0.043205,-0.015736,0.013545,0.012408,0.118563,0.064194,-0.029522,0.063175,-0.105285,-0.013884,0.026337,-0.052492,0.000638,0.049828,0.068192,-0.039795,-0.060565,0.037354,-0.017573,0.024019,-0.055610,0.033091,0.096413,-0.045044,-0.045968,-0.065071,-0.096279,0.063932,-0.010045,-0.035485,0.049968,-0.006575,-0.026077,-0.011031,0.033714,-0.097561,0.014048,0.046487,-0.012881,0.025310,-0.000209,0.034764,0.062703,0.029495,0.072421,-0.047993,-0.019825,-0.076467,-0.093029,0.047654,-0.103676,-0.119990,-0.056281,-0.005268,0.005666,-0.076909,0.042334,0.026421,-0.028371,0.048954,-0.019342,0.074214,0.078541,-0.040229,0.066369,-0.027821,-0.024477,0.033886,0.076215,-0.025674,-0.048397,-0.072417,-0.116478,-0.068665,-0.028564,0.020171,0.004087,0.033500,-0.043431,0.011029,0.055275,-0.039508,-0.079881,-0.011045,0.025528,0.122557,0.026163,-0.060193,0.007662,-0.037777,-0.120399,0.069236,-0.037567,-0.023453,-0.029730,-0.021385,0.016085,0.047495,0.051548,-0.004785,-0.027773,0.052953,-0.085848,0.040953,0.024339,-0.018814,-0.000992,0.132653,0.011577,0.061634,0.068764,0.149835,0.077137,0.048514,-0.032795
0.014155,0.067142,0.061969,0.048633,0.060720,-0.011665,0.094420,0.044924,-0.005796,-0.002969,0.001872,-0.044995,-0.011231,-0.044113,0.011640,-0.026434,-0.009712,0.010127,0.030135,0.016941,-0.063613,-0.013750,-0.030838,0.016962,-0.069013,0.055913,0.142481,-0.056001,-0.035751,-0.001181,0.056734,0.043045,-0.039140,-0.042297,0.091241,-0.052854,0.029732,0.080811,-0.033457,-0.090460,0.030420,-0.060845,0.048171,-0.053671,-0.053479,0.067558,-0.044704,0.070972,-0.078771,0.076326,-0.035546,-0.057439,-0.004225,0.058613,-0.011344,-0.068151,0.070917,0.031955,-0.000798,0.028862,0.009975,0.048440,0.067501,0.010064,0.008472,0.050611,0.037612,0.013625,-0.115693,0.010927,-0.022685,0.042313,-0.108892,-0.053587,-0.018807,-0.062493,0.005373,0.068627,0.002690,0.011401,0.004042,0.059821,0.101942,-0.063924,0.035040,-0.010628,0.149536,0.074903,0.011350,0.054183,0.024264,-0.066500,0.103534,0.051793,-0.001069,0.021237,-0.010150,-0.048039,-0.044924,-0.043283,-0.005798,0.083175,0.011212,-0.019959,-0.101699,-0.066891,0.088580,0.089251,-0.003793,-0.010688,-0.018458,0.040579,0.002448,-0.003544,0.004901,0.103177,-0.009582,-0.007286,-0.052966,0.023629,-0.048487,0.047216,-0.047647,0.011435,0.024508,-0.022666,0.049343,0.033234,0.066815,0.084011,0.021065,0.002790,0.059097,-0.053158,-0.050036,-0.108419,0.032908,-0.031921,-0.067243,0.045859,0.049295,-0.106359,0.027176,-0.036241,-0.057121,0.005293,0.066466,-0.022317,0.028575,-0.019773,0.039215,0.011538,0.041892,0.022591,0.017512,0.024980,-0.026301,0.023990,0.023836,-0.001260,-0.020132,-0.082494,-0.030289,0.079662,-0.021087,0.051784,-0.043035,-0.118776,-0.018420,-0.068066,-0.004598,-0.040632,-0.011423,-0.020000,-0.090445,0.041163,-0.051548,0.042949,0.035337,0.037833,0.005828,0.004036,0.058166,0.073916,0.013557,-0.010443,0.001543,0.042968,-0.001862,-0.001314,-0.015165,-0.003034,-0.062114,0.001028,0.006065,-0.001498,-0.122457,0.108635,-0.053276,-0.094204,0.011936,0.025250,0.118496,0.031307,0.016458,-0.062433,-0.006046,-0.037279,-0.048737,0.118817,-0.060960,-0.068627,-0.031546,-0.037244,-0.058599,-0.011905,-0.035644,0.020828,0.088504,-0.076176,0.025739,-0.013175,0.037333,-0.032193,0.019884,-0.020599,0.080245,0.058098,-0.032582,0.044711,-0.015672,-0.123486,0.061246,0.000992,0.006315,-0.025704,-0.075523,-0.092761,-0.062169,0.047523,0.049995,0.048388,0.000274,-0.006441,0.036731,-0.016990,-0.012700,0.031195,0.110044,0.048056,0.031088,0.032434,0.068361,0.030835,-0.062698,-0.097194
0.029685,0.030633,0.024822,-0.030125,0.034988,0.031814,0.071611,0.044747,-0.026891,-0.052805,-0.018010,-0.084916,0.033575,0.024143,0.032523,0.039847,0.011010,0.039024,0.035873,0.026304,-0.063784,0.059526,0.019863,0.011214,-0.086281,0.044765,0.053648,0.013201,0.052790,0.025956,0.050524,0.009673,-0.061864,-0.017913,0.026641,-0.055613,0.048524,0.089608,-0.002738,-0.114162,0.017130,-0.082240,0.081134,-0.042626,-0.120560,0.029911,0.003858,0.062191,-0.022107,0.096388,0.001071,-0.075383,-0.030160,0.071612,0.007785,-0.097161,0.072900,-0.006626,0.043104,-0.037590,0.076290,0.047259,-0.043598,-0.029610,-0.034502,0.063789,0.013138,0.023493,-0.077891,0.061658,-0.050827,0.084439,-0.108162,-0.022541,-0.008740,-0.063384,0.122841,0.099206,0.029870,-0.009317,-0.012401,0.029628,0.115324,-0.097979,0.021619,0.013063,0.184800,0.042254,0.007043,0.038767,0.035366,-0.063799,0.109821,0.008881,0.072367,0.077188,-0.026309,-0.038058,-0.004481,0.087465,0.029979,0.066011,-0.001704,-0.069300,-0.081995,-0.026203,0.114234,0.026469,-0.048516,-0.033079,0.006724,0.025997,0.033220,0.005598,0.020704,0.068197,-0.064120,0.005949,-0.048270,0.001657,-0.019470,0.083590,-0.065937,0.036240,0.029435,-0.003945,0.000164,0.067523,0.066431,0.037728,0.040410,0.019698,0.000449,-0.018429,-0.071830,-0.071674,0.028663,0.000280,0.000992,0.045202,-0.034590,-0.049767,0.062206,-0.008618,-0.079216,-0.015814,0.063079,-0.052921,0.042546,-0.075105,0.026504,0.139777,0.069140,-0.033086,0.027486,0.075331,-0.040773,-0.055784,-0.027506,0.060025,0.030231,-0.099553,0.012567,0.046850,-0.077592,0.045145,-0.116380,-0.158405,-0.008730,-0.027823,-0.011849,-0.013111,-0.007970,-0.051181,-0.075386,0.043327,-0.056571,0.049439,-0.018276,0.033728,-0.001963,-0.028694,0.068445,0.031619,0.057193,-0.002336,-0.006822,0.022965,-0.063883,-0.043867,0.028145,-0.114398,-0.061470,-0.031309,0.032070,0.007829,-0.024788,0.068259,-0.070989,-0.015024,0.015755,0.036823,0.137909,0.093784,0.010362,0.026119,-0.043023,-0.069730,-0.009697,0.096699,-0.080860,-0.039262,0.018469,-0.075159,-0.072697,-0.001298,-0.068952,0.004741,0.083574,-0.055567,0.058950,0.050646,-0.042595,0.005184,0.013812,-0.029225,0.047820,0.117543,-0.083262,-0.000417,-0.083201,-0.055224,0.114142,0.041601,-0.005825,0.004525,-0.010494,-0.014941,-0.091059,0.078463,0.028668,0.016043,0.020169,-0.049545,0.105837,0.061647,-0.026867,0.030600,0.129522,-0.035811,-0.019673,0.030495,0.067770,0.031966,-0.011074,-0.164847
0.063223,0.016131,-0.006164,0.027529,0.067302,-0.006178,0.024462,0.070624,-0.017802,-0.048418,-0.010010,-0.038183,-0.018253,-0.030362,0.071732,0.095249,0.022792,-0.026542,0.011468,0.063238,-0.012082,0.080685,0.061819,0.004762,-0.120903,0.029216,0.155305,0.015252,-0.000775,-0.085683,0.016739,-0.009130,0.037154,-0.045339,0.102389,-0.045819,0.079239,0.095010,0.046516,-0.142896,0.027273,-0.046461,0.072060,-0.101537,-0.045587,0.026272,-0.027638,0.032690,-0.078272,0.093202,-0.030584,-0.095101,0.075737,0.025845,-0.010297,-0.076186,0.044657,0.056522,0.014236,-0.000647,0.007019,0.013435,-0.081555,-0.040805,-0.014789,0.051522,0.046030,0.036464,-0.000805,-0.029611,-0.076017,0.070235,-0.096398,-0.017417,-0.025522,-0.084032,0.036822,0.042536,0.018358,-0.001080,-0.027844,0.057053,0.140788,-0.060044,-0.032603,0.004665,0.064337,0.007434,0.024299,0.023957,0.051846,-0.077430,0.113882,0.025382,0.036839,0.021932,-0.059106,-0.034016,-0.004472,0.038911,0.063175,-0.051392,0.006784,-0.059356,-0.034276,-0.099173,0.108491,0.032881,0.003751,-0.021215,-0.016556,0.001022,0.025386,-0.037101,-0.023581,0.109099,-0.036237,-0.000061,-0.037109,-0.004079,-0.110257,0.087425,-0.075413,0.037410,0.005907,-0.045977,-0.017366,0.043756,0.027423,0.029197,0.014452,-0.027266,0.035714,0.028667,-0.132215,-0.101589,0.049123,-0.032491,-0.063264,0.027679,0.058819,-0.088924,0.000233,-0.061346,-0.030645,-0.027789,0.061297,0.002865,0.003863,0.015139,0.035672,0.064070,0.068536,0.025937,0.055864,0.068340,-0.069985,-0.033141,0.053675,-0.025603,-0.006654,-0.051822,0.059217,0.068720,0.024780,-0.046704,-0.018107,-0.119394,0.049465,-0.050923,0.006912,-0.006760,-0.057250,-0.051827,-0.061538,0.106275,-0.103211,0.081300,0.010245,0.022960,-0.066146,0.044698,0.034570,-0.021608,0.069495,0.071807,0.028860,0.090654,-0.045685,0.018230,-0.089332,-0.065653,-0.089374,0.059460,0.019459,0.057719,-0.091266,0.055838,-0.071356,-0.065229,0.000652,0.016615,0.091475,0.082493,0.023571,0.005920,-0.064973,-0.039655,-0.091995,0.160743,-0.059205,-0.042251,0.050108,0.007347,-0.063324,0.009403,-0.065947,0.027748,0.068747,-0.078232,0.020892,0.044777,0.033332,0.010934,-0.040972,0.028168,0.097159,0.102087,-0.025989,0.053409,-0.035370,-0.007816,0.082242,0.085991,0.016176,0.029564,0.021245,-0.086645,-0.031229,0.098591,0.006857,-0.006629,0.001595,0.023790,0.061335,-0.013379,-0.021900,0.084697,0.118286,-0.016569,-0.013682,0.038960,0.156402,0.021352,-0.038902,-0.123881
0.014802,0.088613,0.009541,-0.020810,0.041245,-0.049192,0.033387,0.102505,-0.034338,-0.012236,-0.051703,-0.042444,-0.027736,-0.023904,0.001914,0.045004,-0.008874,0.051649,-0.003747,0.066481,0.019686,0.115256,0.032995,0.064272,-0.172433,0.055533,0.124955,0.005098,0.008162,0.005802,0.071106,0.019974,-0.009494,-0.069671,0.049809,-0.104133,0.006621,0.103852,0.026576,-0.165299,0.079050,-0.087688,0.022399,-0.057868,-0.136701,0.049237,-0.099199,0.116590,-0.101924,0.003016,-0.051743,-0.014848,0.016903,0.091455,0.013053,0.000095,0.057430,0.069719,0.025917,0.089078,0.030116,-0.005699,-0.005543,-0.000860,-0.012921,0.058283,0.105387,0.094175,-0.088123,0.050035,-0.011165,0.012619,-0.084156,0.005758,-0.034901,-0.098433,0.013966,0.062087,0.009656,0.023755,0.023080,0.069611,0.078793,-0.124812,-0.035269,0.028270,0.089363,0.000677,-0.050033,-0.013863,0.014778,-0.053932,0.138455,0.037440,0.042506,0.032945,0.066841,0.008575,0.021975,-0.061414,0.064645,-0.070077,0.016780,-0.055088,-0.007266,-0.001066,0.019151,0.008844,-0.019697,0.008046,-0.004325,0.022558,0.070747,-0.130472,-0.007022,0.015479,-0.045407,-0.043733,-0.057555,0.075647,-0.022726,0.066848,0.018383,0.004621,-0.011110,0.010416,-0.080310,0.036888,0.052089,-0.060070,0.012703,-0.053987,0.103420,-0.082223,-0.074650,-0.049310,-0.056084,-0.036662,-0.038992,0.084164,-0.048635,-0.041175,0.143525,-0.021492,-0.108146,-0.020402,-0.007392,-0.006338,0.047949,0.014745,0.026484,-0.004056,-0.045237,-0.003030,0.009491,0.119595,0.015419,-0.065162,0.002344,-0.009975,-0.041942,-0.124005,0.072571,0.067806,0.005299,0.044313,-0.082234,-0.077869,0.015235,-0.022041,-0.050739,0.002203,-0.005234,-0.033462,-0.117757,0.098536,-0.026856,0.023457,0.016236,0.022021,-0.034737,-0.019340,0.039662,0.025799,0.065204,0.038007,0.053086,-0.018945,0.003436,-0.004955,-0.047858,-0.040343,-0.130189,-0.042788,0.039877,0.093849,-0.082542,0.068233,-0.024305,-0.065297,0.024135,0.017223,0.100912,0.086334,-0.038274,0.064878,-0.034379,-0.012002,-0.022441,0.089052,-0.075100,-0.062595,-0.017262,-0.025199,-0.040713,-0.018765,-0.070828,-0.024474,0.075991,-0.143138,-0.049645,0.012730,-0.001509,0.021675,-0.027898,-0.013988,0.078492,0.100274,-0.089259,0.061274,0.029399,-0.078148,0.136861,0.065531,0.015181,0.002935,0.106761,-0.046108,0.029157,0.021129,-0.024042,0.019317,0.009002,-0.000706,0.095464,-0.003417,-0.023590,-0.008591,0.120113,-0.042728,0.030038,-0.035751,0.118481,0.008429,-0.018149,-0.144350
-0.003202,0.033702,0.072156,-0.046667,0.009215,-0.005305,0.066764,0.097561,0.055736,-0.020979,-0.022314,-0.040569,0.009422,-0.022988,0.040243,0.029229,0.025105,0.056841,-0.000034,0.029340,-0.047778,0.000815,0.086682,-0.033042,-0.072652,0.050187,0.096830,0.023473,-0.008883,0.000437,0.014671,-0.034248,0.018922,-0.002198,0.054822,-0.038062,0.030978,0.058677,0.022640,-0.092949,0.087740,-0.086403,0.090200,-0.061922,-0.064489,0.118754,-0.035389,0.041175,-0.086478,0.024495,-0.010530,0.002063,0.123310,0.067677,0.005130,-0.041955,0.086145,-0.015526,0.008128,0.075831,0.012397,-0.055023,-0.032931,-0.039961,-0.027602,0.054680,0.023137,0.027805,-0.088130,0.031090,-0.040364,-0.016816,-0.027401,-0.038049,-0.118318,-0.111305,0.043068,0.032742,0.087831,0.048659,-0.010777,0.068342,0.088533,-0.110407,0.007263,0.029577,0.152656,0.010043,0.054527,0.037105,-0.028425,-0.072264,0.141532,-0.006416,0.075152,-0.027144,0.024204,-0.023098,0.018140,0.008687,-0.016195,0.068036,-0.006096,-0.032980,-0.015986,-0.038808,0.121862,0.033332,-0.028371,-0.000201,0.043967,0.057426,0.032246,0.047677,-0.030605,0.105849,0.000263,0.002618,-0.065856,0.040089,0.007427,0.054131,0.012178,0.073390,0.001983,-0.046138,-0.010699,0.073523,0.073431,0.047611,0.002389,-0.036462,0.070427,-0.034131,-0.093481,-0.050222,0.024378,-0.000448,-0.014533,0.064368,0.056454,-0.071844,0.054380,-0.007268,-0.015134,0.027058,0.039778,-0.055967,0.057967,-0.118128,0.046247,-0.049858,-0.008387,0.019910,0.058586,0.067985,-0.076580,-0.016870,0.029942,0.020426,0.043148,-0.082181,0.063115,-0.027564,-0.052001,0.047005,-0.041465,-0.128455,0.042636,-0.093321,-0.016850,0.027147,0.000074,-0.074896,-0.111606,0.054019,-0.053741,0.075083,0.001403,-0.043176,0.004903,-0.018180,0.046062,0.022827,-0.006620,0.115356,0.023967,0.019726,0.006131,-0.069539,0.006646,-0.104768,-0.023981,-0.017221,0.111201,-0.008282,-0.067407,0.030628,-0.007820,-0.068471,0.006451,0.016027,0.087392,0.094373,-0.019701,0.023780,-0.131862,-0.034435,0.024343,0.102435,0.021149,-0.081032,0.028421,0.006766,-0.085087,-0.012063,-0.036572,-0.024374,0.023330,-0.083126,0.009364,0.050277,0.017845,-0.009579,-0.010345,0.035385,0.061559,0.059560,-0.060334,0.063117,-0.018549,-0.109503,0.077489,0.026030,-0.028355,0.019723,0.002897,-0.018511,-0.027869,0.039429,0.014377,-0.010522,-0.012121,0.000308,-0.016380,0.018532,-0.007597,-0.033145,0.139118,0.000637,0.012316,0.067171,0.134768,0.016247,0.019838,-0.156539
0.054689,0.021745,0.064377,0.040491,0.089170,-0.029425,0.096579,0.085265,0.037697,-0.069856,-0.026680,-0.003940,-0.005351,0.008236,0.038226,-0.007400,-0.004759,0.054521,0.027912,0.037032,-0.015439,-0.041817,-0.006514,0.047893,-0.107391,0.098385,0.156440,0.042812,0.020757,-0.043612,0.037915,-0.013029,0.006911,-0.075057,0.073757,-0.045373,0.060872,0.107899,0.006627,-0.137698,0.011055,-0.062646,0.047701,-0.082075,-0.042064,0.030479,-0.069706,0.040428,-0.043192,-0.012120,-0.027280,-0.042550,0.028909,0.057603,0.000380,-0.048546,0.041386,0.086571,0.000639,-0.004034,-0.028593,0.047836,-0.058158,-0.027804,-0.027391,0.070483,0.098022,0.144221,-0.090443,0.042615,-0.021411,0.051890,-0.127197,0.023505,-0.033493,-0.113302,0.145018,0.071950,0.024207,0.010404,0.048655,0.060505,0.144126,-0.134942,0.032410,0.042634,0.101931,0.069725,0.040308,0.032373,0.083545,-0.061928,0.130782,0.026455,0.067456,0.037163,-0.008590,-0.030448,0.004426,-0.006319,0.056023,-0.019162,0.026045,0.013526,0.014655,0.012109,0.078568,0.073078,-0.056840,0.024130,0.031729,0.044903,0.014990,0.021950,-0.037598,0.102390,-0.048035,-0.061901,-0.050149,0.007588,-0.083452,0.072643,-0.061455,0.029837,0.022329,0.004458,-0.012229,0.077295,0.095301,0.090504,0.004603,-0.043453,0.047096,-0.016374,-0.040399,-0.011420,-0.016284,-0.036525,-0.053140,0.066093,0.045322,-0.081612,0.053127,-0.043147,-0.097579,0.002814,0.048888,-0.069921,0.056564,-0.120963,0.058735,0.056080,-0.016268,0.029955,0.091212,0.105624,-0.035736,-0.050912,-0.017242,-0.029671,-0.003546,-0.119763,0.072422,0.030812,-0.034643,0.004835,-0.084869,-0.122666,0.096405,-0.063303,-0.031538,-0.016948,0.000582,-0.024911,-0.106082,0.014611,-0.047629,0.082163,0.044599,0.085831,0.001767,-0.011437,0.064509,0.015454,0.064556,0.069787,0.034442,-0.026709,-0.107292,-0.022145,-0.030430,-0.131645,-0.070492,-0.068400,0.012189,0.065664,-0.094137,0.081005,-0.009962,-0.084893,0.048400,0.017615,0.098176,0.090780,-0.011532,0.051470,-0.057517,-0.035819,-0.053075,0.087460,-0.049742,-0.017267,0.006628,-0.025175,-0.068654,0.071391,0.001745,-0.037044,0.014840,-0.167225,-0.040049,0.014763,-0.006165,0.024327,0.038354,-0.021386,0.098030,0.098385,-0.099466,0.028533,-0.096904,-0.089924,0.125560,0.021289,-0.067539,-0.012116,-0.028632,-0.089145,-0.038095,0.045382,0.017117,-0.069485,0.006079,-0.017110,0.065884,0.022930,-0.025027,-0.006368,0.144828,-0.010245,-0.007894,0.070156,0.080230,-0.032964,0.001288,-0.055791
0.043679,0.049231,0.038312,0.001822,0.099290,0.018817,0.003488,0.110066,-0.003457,0.043773,-0.007529,0.020693,-0.053835,-0.074902,0.022745,-0.008048,0.017118,0.032218,-0.001684,0.061383,-0.000851,0.103922,0.047533,0.043363,-0.073121,0.042336,0.150588,0.039259,0.008073,-0.024622,0.007436,0.039570,-0.009186,-0.020841,0.061230,-0.061306,0.020231,0.027987,0.017687,-0.050844,0.017763,-0.018560,0.060509,-0.021927,-0.131648,0.099097,-0.052064,0.046018,-0.029866,0.021055,-0.072027,-0.009568,0.016531,0.082442,0.012271,-0.084064,-0.000049,0.002773,0.036203,0.098714,0.042377,-0.028326,-0.062874,-0.005579,-0.014957,0.008596,0.023152,0.019020,-0.086071,-0.011807,-0.068094,0.060291,-0.029428,-0.030320,-0.063564,-0.061285,0.062602,0.068420,-0.005608,0.044332,0.017043,0.067114,0.110811,-0.084315,0.024514,0.025599,0.071836,0.065024,0.029793,0.007616,0.064644,-0.051836,0.117324,0.019089,0.014439,0.082282,0.043194,-0.001846,-0.051963,-0.024467,0.026910,0.002413,0.031395,-0.056025,-0.063464,-0.061407,0.042402,-0.021252,-0.060205,0.017850,0.001380,0.066045,0.053381,0.000204,0.026427,0.048264,-0.019579,-0.037395,0.019466,0.018695,-0.009371,0.066058,-0.035574,0.074490,-0.020434,-0.042425,-0.029661,0.011840,0.081169,0.045605,0.009782,-0.007592,0.053013,-0.107300,-0.063499,-0.059977,0.002225,0.009236,-0.061227,0.086052,-0.012296,-0.047277,0.089458,-0.013434,-0.076638,0.076348,0.116030,-0.025762,-0.018944,-0.084019,-0.021820,0.015066,0.012820,0.023469,-0.006904,0.120789,-0.027550,0.031087,0.016326,0.019325,-0.024634,-0.121979,0.011543,0.062921,-0.010676,0.026626,-0.044473,-0.132568,0.006413,-0.055424,-0.023470,0.082052,0.018680,-0.028123,-0.077316,0.017355,-0.120027,0.076772,-0.004868,-0.031337,-0.027539,-0.006072,0.049410,0.050221,0.053395,0.106065,-0.010844,0.054333,0.026497,-0.076140,-0.056822,-0.021230,-0.096456,-0.007593,0.071702,0.003316,-0.052425,0.083647,0.025672,-0.091756,0.028755,-0.009322,0.030765,0.094190,0.026415,0.008800,-0.035128,-0.041011,-0.001397,0.124997,0.004866,-0.073479,-0.054719,-0.037219,-0.052435,-0.000235,-0.029415,-0.041135,0.039620,-0.054351,0.030324,0.052598,-0.067210,-0.009975,-0.015426,0.015737,0.085227,0.132808,-0.040976,0.096645,0.001209,-0.047939,0.111744,0.084491,0.013558,-0.010176,-0.009677,-0.094721,-0.040005,0.031799,0.012251,-0.008085,-0.005502,0.016860,0.027382,-0.090318,-0.030674,0.030658,0.068613,0.026799,0.022645,0.024997,0.100886,0.012894,-0.027704,-0.070380
0.050293,0.097451,0.065094,0.031094,0.073998,0.025970,0.023590,0.085500,-0.064036,-0.074965,-0.020046,-0.087645,0.006495,-0.064272,-0.010733,0.036664,0.006667,0.111937,-0.020610,0.025080,-0.001923,0.049983,0.010748,-0.014083,-0.101699,0.046478,0.104271,0.021846,0.007611,0.000831,-0.004860,0.060150,0.001363,0.008010,0.023912,-0.033887,0.030228,0.044431,0.047891,-0.102216,0.035180,-0.081513,0.031437,-0.120590,-0.039848,-0.021465,-0.041811,0.044942,-0.084089,0.044717,-0.050851,-0.095029,0.049619,0.087283,-0.051350,-0.014661,0.046053,0.019858,-0.007913,0.035970,0.029475,0.008386,-0.022239,-0.027120,-0.024629,-0.021446,0.054720,0.115589,-0.109812,0.026825,-0.003511,-0.030372,-0.110176,-0.036861,-0.070851,-0.025921,0.038592,0.034852,0.029615,0.075413,0.009369,0.106271,0.106086,-0.083362,0.033788,-0.001426,0.111318,-0.008447,0.076431,0.018301,0.072176,-0.089193,0.087017,0.071595,0.033200,0.040076,-0.067847,-0.105293,0.033349,0.045051,0.028866,0.040805,-0.014088,-0.089254,-0.055118,-0.014553,0.094853,0.029722,-0.048660,0.047106,0.010117,0.040361,-0.006913,0.042490,-0.032509,0.089205,0.013934,-0.026892,-0.066515,-0.025794,-0.003607,0.097488,-0.037715,0.061502,-0.032006,-0.011926,-0.032282,0.053363,0.039290,0.044753,0.034180,-0.050586,0.028390,0.014163,-0.067286,-0.011818,0.098180,-0.059271,-0.016449,0.068412,0.041592,-0.035763,0.019061,-0.007591,-0.079770,0.038974,0.089891,-0.055619,0.001136,-0.017993,0.005757,0.025131,-0.003722,-0.018833,0.032803,0.086026,-0.007793,-0.050677,0.016640,0.017143,0.055275,-0.074327,0.041517,0.039184,-0.018381,0.042038,-0.136699,-0.141433,-0.024458,-0.046433,0.029717,0.087982,-0.014618,-0.047800,-0.056888,-0.038247,-0.074536,-0.002615,0.063671,0.023091,-0.004045,-0.038055,0.109923,0.045365,0.029844,0.071407,-0.020793,0.016772,-0.003769,-0.122050,-0.053906,-0.054956,-0.112224,-0.052539,0.041832,-0.001251,-0.087479,0.053507,0.042138,-0.071701,0.065235,-0.027871,0.027973,0.069978,-0.000518,0.033849,0.006636,-0.056729,0.016375,0.152271,-0.067798,-0.103232,-0.015176,0.034456,-0.034154,0.005990,-0.071252,0.004154,-0.017049,-0.107993,0.045740,0.068296,-0.002178,-0.048756,0.009449,-0.066892,0.032849,0.150942,-0.071127,0.015605,0.014199,-0.050982,0.080801,-0.016181,-0.040506,0.021969,0.007179,-0.016477,-0.004857,0.043014,0.072044,-0.038010,0.042352,-0.019280,0.061593,-0.002819,0.005422,0.041792,0.094820,-0.008617,0.028261,0.089154,0.142620,0.021659,0.050093,-0.057663
0.020710,0.109109,0.033193,0.030789,0.011215,0.069427,0.027896,0.048541,-0.014980,-0.059452,0.030358,-0.052951,0.017010,-0.062312,-0.019295,-0.007316,-0.019572,-0.010535,0.045974,0.064432,-0.035971,-0.020930,0.030827,0.073778,-0.021878,0.033290,0.095304,0.065398,-0.003189,0.040685,0.076402,-0.020200,-0.003907,-0.061134,0.008261,-0.029299,0.003475,0.051573,-0.012632,-0.102336,0.043312,-0.094662,0.004899,-0.104041,-0.043678,0.038079,-0.083563,0.049596,-0.038173,0.009441,0.017528,-0.054401,0.022018,0.042090,0.011386,0.008496,0.097480,-0.013632,0.030488,0.040977,-0.002963,-0.025352,-0.050559,-0.023561,-0.015504,0.062356,0.053089,0.082194,-0.063262,-0.013365,-0.089530,0.039543,-0.125920,0.009097,-0.050679,-0.021488,0.046430,0.073301,0.038870,-0.014776,-0.051498,0.053061,0.099196,-0.121597,0.008928,0.082523,0.102883,0.017346,-0.017327,0.057473,0.040121,-0.063003,0.107045,-0.028027,0.024747,0.065939,-0.019668,-0.038506,0.020647,0.003563,-0.020084,0.140489,0.020040,-0.079020,-0.069651,-0.020835,0.140532,0.083755,-0.002376,0.024141,0.047173,0.054240,0.030311,0.003063,-0.001571,0.075488,-0.028684,0.020883,-0.070957,0.032258,-0.006515,0.086258,-0.031103,0.033329,0.073858,-0.086308,-0.026120,0.026263,0.084132,0.044839,0.019298,-0.020912,0.033988,-0.013538,-0.099969,-0.057686,0.051617,-0.026626,-0.026918,0.057766,0.036031,-0.079406,0.014739,0.011276,-0.044708,0.054272,0.054182,-0.075394,0.001475,-0.113527,-0.062855,0.068601,0.007746,0.005584,-0.004654,0.099930,-0.016546,0.006874,-0.005647,0.031160,-0.010325,-0.061025,0.050850,-0.013248,-0.057013,0.067678,-0.027801,-0.142619,-0.010882,-0.086134,0.005563,0.061247,-0.041079,0.012534,-0.122238,0.074638,-0.099462,0.008130,0.008343,0.005860,0.020698,-0.034286,0.083173,0.084142,0.064937,0.074684,0.030470,0.004485,-0.046970,-0.082591,-0.009477,-0.077059,-0.043147,0.017049,0.049372,-0.020525,-0.034799,0.053334,-0.064405,-0.070874,0.016111,-0.038745,0.081958,0.136548,0.023791,0.043469,-0.043487,-0.028535,-0.041300,0.157413,-0.013597,-0.086994,0.008564,-0.008487,-0.093520,-0.016529,-0.071698,0.035246,-0.022463,-0.023242,0.047790,0.005749,-0.008266,0.002823,0.064951,-0.024176,0.102085,0.060203,-0.090200,-0.005777,-0.071160,-0.082704,0.052033,0.052067,-0.021014,-0.022431,-0.033325,-0.030335,-0.037782,0.032210,0.044092,0.002913,0.022139,-0.008016,0.064837,0.017724,-0.007789,-0.016364,0.146520,-0.018710,0.020074,0.019670,0.069343,0.014001,0.018881,-0.108461
0.039769,0.048638,-0.005026,-0.005117,0.005086,-0.004656,0.053365,0.035601,-0.020033,-0.052863,-0.047572,-0.047335,-0.008484,-0.036380,0.005269,0.024551,-0.043616,0.072639,0.009085,0.063907,0.021781,-0.006766,0.023149,0.013130,-0.073230,0.041927,0.118167,0.024992,-0.017189,-0.017774,0.067471,0.050280,0.029726,-0.086621,0.009216,-0.105114,0.046938,0.055264,0.017555,-0.066351,0.050432,-0.076812,0.098242,-0.047201,-0.050663,-0.008039,-0.078550,0.052089,-0.029779,0.019384,-0.032608,-0.079808,0.062580,0.066719,0.017569,0.002429,0.100053,0.023834,-0.043675,0.039058,0.034291,0.026242,-0.093772,0.000375,0.012235,0.050973,0.017981,0.137216,-0.046308,-0.017291,-0.022599,0.047664,-0.163071,0.000427,-0.024215,-0.103677,0.050323,0.082353,0.026375,-0.015972,-0.038136,0.042786,0.101844,-0.111720,-0.019451,0.010529,0.095583,0.030297,0.015549,0.012247,-0.003017,-0.101613,0.200567,0.065697,-0.006161,0.031734,0.033301,-0.066613,0.019241,-0.027368,0.015803,0.034373,0.023229,-0.050311,-0.074387,-0.038181,0.092927,0.063155,-0.030037,0.002545,-0.016989,0.004839,0.038780,0.011496,0.007881,0.086171,-0.053442,-0.007749,-0.058692,0.044413,0.009381,0.072381,-0.044701,0.010309,0.009358,0.007910,-0.035715,0.082448,0.013737,0.033137,-0.025212,0.020401,0.029083,-0.024616,-0.090044,0.060748,0.055829,-0.053235,0.016313,0.062422,0.001506,-0.094239,0.036751,0.013192,-0.086438,0.039285,0.062902,-0.029562,0.047186,-0.006805,0.055940,0.005029,0.043300,-0.006589,0.072871,0.116494,-0.017353,-0.033734,-0.018536,-0.052176,0.010223,-0.111237,0.079596,-0.018568,-0.039238,0.014605,-0.117257,-0.136343,0.032676,-0.028226,-0.032743,-0.046783,-0.028232,-0.000650,-0.054773,0.056440,-0.071148,-0.022728,0.010701,0.033524,0.004425,0.012541,0.108919,0.090160,0.045178,0.020541,0.025095,0.015248,-0.008219,-0.057422,0.032787,-0.071661,-0.155546,0.000325,-0.042800,0.007734,-0.061220,0.011810,-0.016682,-0.085470,0.082290,-0.050308,0.100971,0.067013,-0.033579,-0.052252,-0.061363,-0.078773,-0.008954,0.144182,-0.071131,-0.090374,-0.004268,0.022124,-0.011447,-0.000707,-0.104908,0.007413,0.092162,-0.053159,-0.011571,-0.038525,-0.018360,-0.008847,0.033383,-0.013206,0.092448,0.063208,-0.110684,0.035560,-0.006463,-0.074210,0.084071,0.040984,0.019467,0.010240,-0.015076,0.010795,-0.024783,0.035451,0.019594,0.019498,-0.022689,0.030276,0.074608,0.005173,-0.014055,0.084734,0.148191,0.013986,0.010268,0.032574,0.121483,0.003156,0.057268,-0.112954
0.027647,0.020390,0.047018,0.027575,0.089203,0.038676,0.031781,0.008917,0.004271,-0.063074,0.012320,-0.043995,0.076109,0.022565,0.019438,0.001040,-0.031365,0.026101,-0.043429,0.006584,-0.035558,-0.033918,0.062781,0.026249,-0.080400,0.053727,0.079220,0.091987,0.016246,0.031925,-0.009430,0.012590,0.015445,-0.031580,0.118339,-0.036606,0.108504,0.091757,0.032111,-0.125978,0.036528,-0.100210,0.058720,-0.020452,-0.017386,0.057215,-0.031263,0.029321,-0.062219,0.032652,-0.044171,-0.067131,0.058517,0.097232,-0.055980,-0.021444,0.040340,0.004686,0.023812,0.061030,0.039263,-0.004707,-0.046056,0.045258,0.020673,0.076271,0.044527,0.077504,-0.062594,-0.019397,-0.056910,0.056779,-0.084276,-0.034029,0.003006,-0.059596,0.050376,0.068357,0.004921,0.041489,0.096316,0.034583,0.086907,-0.095386,-0.007865,0.007149,0.094641,0.041276,0.026993,0.055049,0.021476,-0.032552,0.156195,-0.006485,0.071176,0.043970,-0.048697,-0.040718,-0.073538,-0.042626,0.006632,0.062070,0.048322,-0.005429,-0.071578,-0.017431,0.089525,0.001526,-0.018999,-0.011858,0.084586,-0.033431,0.042256,0.054043,-0.018433,0.006667,-0.038539,-0.008993,0.030248,0.027831,0.035497,0.038147,-0.048242,0.044131,0.030742,-0.082277,0.035552,0.086640,0.056245,-0.003799,0.019310,-0.010308,0.065834,-0.036267,-0.027548,-0.078062,0.033411,-0.025615,0.007166,0.112497,0.008007,-0.048656,0.043930,-0.010935,-0.046265,-0.015545,0.089294,-0.090631,0.032659,-0.109802,0.041148,0.079529,-0.006199,0.011463,0.037807,0.081896,-0.092636,-0.016559,-0.009928,0.013722,0.002919,-0.084648,0.115378,-0.029540,0.003312,0.044441,-0.022101,-0.131914,0.024956,-0.041633,-0.007080,0.026276,0.032814,0.025411,-0.137969,0.054961,-0.108075,0.076892,-0.019232,0.019394,-0.017835,-0.033409,0.058509,0.025172,0.034701,0.049797,-0.045958,0.004442,0.011803,-0.003734,0.018629,-0.116199,-0.075775,-0.023512,0.003148,-0.046154,-0.056474,0.043222,-0.015193,-0.083161,-0.003446,0.050386,0.090118,0.059973,-0.088385,0.005714,-0.119251,-0.089100,0.017069,0.148778,-0.055972,-0.094461,0.045777,-0.012977,-0.018418,-0.053611,-0.104491,-0.022404,0.056792,-0.081993,-0.003784,-0.009905,0.027225,-0.009421,0.012468,-0.069876,0.050401,0.150235,-0.027087,0.081798,0.027568,-0.068111,0.104749,0.073487,-0.065502,-0.028135,-0.065052,-0.084140,-0.013934,0.118009,0.024733,-0.028677,-0.033274,0.007562,0.010513,-0.044010,0.010306,0.008784,0.204081,-0.006067,0.059034,0.035919,0.125627,-0.012928,-0.023827,-0.084969
0.026441,0.027631,0.046265,-0.033860,0.049527,-0.039424,0.020232,-0.021484,-0.010072,-0.071733,-0.033970,-0.079782,-0.022607,-0.012942,-0.008948,0.070253,0.063665,0.086329,0.036073,-0.000555,-0.022412,-0.003575,0.016142,0.017269,-0.072840,0.074047,0.118059,0.025142,-0.012399,0.052544,0.088342,-0.040497,-0.051264,-0.024668,0.138053,-0.099093,0.019495,0.115870,0.063566,-0.093890,0.116875,-0.124154,0.058306,-0.042446,-0.077198,-0.023253,-0.130658,0.077910,-0.049819,0.061636,-0.037044,-0.027127,0.110085,0.093368,-0.042368,-0.001771,0.065531,0.099173,-0.066158,0.051497,0.049514,0.044253,-0.108358,0.027264,-0.056217,0.027602,0.035369,0.051101,-0.054887,0.044758,-0.057105,0.016516,-0.146046,0.036118,-0.089262,-0.089628,-0.007131,0.059811,0.039416,-0.078432,0.024413,0.054794,0.169256,-0.064621,-0.009938,-0.033576,0.134658,-0.007473,-0.030000,-0.055338,0.033670,-0.036400,0.065832,-0.007299,0.071989,0.008737,0.054671,0.059574,0.046587,-0.061646,0.086626,-0.020641,-0.001473,-0.103467,-0.005445,-0.041170,0.053197,0.046010,-0.087316,0.006370,-0.068434,-0.049654,0.039810,-0.014381,-0.001216,0.123689,-0.038200,-0.065031,-0.094210,0.052980,-0.001248,0.092445,-0.049440,0.050642,0.057637,-0.044909,-0.043524,0.004043,0.082857,0.095164,-0.001178,0.026177,0.038756,-0.007541,-0.086357,0.035113,0.054687,-0.065498,-0.005425,0.024579,0.008560,-0.067530,0.064877,-0.022683,0.012199,-0.007965,0.058401,-0.107956,0.073535,-0.113588,0.017203,0.035163,-0.034079,0.023468,0.060487,0.154081,-0.100050,-0.052564,0.045413,-0.003911,-0.004728,-0.105291,0.027214,-0.012299,-0.029037,-0.010537,-0.072724,-0.166595,-0.004090,-0.052192,-0.045484,0.066050,-0.046567,-0.021204,-0.092992,0.015574,-0.091310,0.026404,0.036969,-0.007151,-0.063668,0.021819,0.005528,0.055724,0.053860,0.107892,-0.028585,-0.002859,-0.057928,0.028589,-0.022264,-0.101999,-0.094605,-0.048530,-0.020779,0.002584,-0.069209,0.056829,0.035614,-0.125040,-0.006160,0.008074,0.117814,0.130907,-0.018970,0.085886,-0.054417,-0.022122,0.044977,0.139358,-0.018945,-0.080807,0.027728,-0.067678,-0.032343,0.080768,-0.058403,-0.037235,0.066592,-0.087271,-0.013070,-0.040203,-0.037116,0.007505,-0.039013,0.045048,0.064512,0.022252,-0.090225,0.042551,-0.068836,-0.032808,0.103088,0.057423,-0.029891,-0.040198,0.008886,0.019719,-0.016305,0.074809,-0.006661,-0.042091,-0.039843,-0.083990,0.028819,0.025934,-0.009965,0.002337,0.152322,0.001802,0.027242,0.018042,0.156662,0.014535,-0.009819,-0.111766
-0.000047,0.118038,0.052103,-0.027149,0.059014,0.008779,0.064738,0.026090,-0.055117,-0.035665,-0.072308,0.034128,-0.040162,-0.017022,0.061925,0.008267,0.072403,-0.001069,0.030176,0.087513,-0.020753,0.003385,0.010642,0.036548,-0.030853,0.055510,0.194343,0.037661,0.028461,-0.044537,0.073063,0.000300,0.017528,-0.026398,0.042335,-0.143391,-0.033277,0.054098,0.047164,-0.096855,0.024582,-0.041336,0.057240,-0.057502,-0.035730,-0.005368,-0.102451,0.048395,-0.008315,0.076997,-0.032279,-0.035866,0.061453,0.074965,0.010304,-0.031345,0.047631,0.019291,-0.008479,-0.024207,0.026658,0.086382,-0.083605,0.025011,-0.080337,-0.025395,0.051654,0.010208,-0.039840,-0.037555,0.041961,0.049050,-0.055052,-0.046178,-0.055785,-0.048540,0.020064,0.058914,-0.054268,0.003230,0.005174,0.059708,0.075091,-0.108373,0.005837,0.024503,0.189097,0.030940,0.040233,0.025715,0.066258,-0.068478,0.132335,-0.012912,0.025977,0.021656,0.033374,-0.033315,-0.024115,0.037688,-0.021542,0.088192,-0.076717,-0.031084,-0.034453,-0.067099,0.094644,0.099119,-0.045203,0.061247,-0.010102,-0.014985,0.040054,-0.027595,-0.025271,0.076128,-0.019769,0.026741,-0.010533,0.047623,-0.030263,0.096934,-0.044159,0.010862,0.008824,-0.068185,-0.047589,0.020045,0.017786,0.044023,0.020375,-0.041815,-0.035718,0.016478,-0.096582,-0.018877,-0.013989,-0.004159,0.036777,0.070374,0.078864,-0.024306,0.015275,0.028045,-0.073927,0.023802,0.082504,-0.001111,-0.067150,-0.079722,-0.046354,0.024099,0.064192,0.074558,0.026429,0.039972,-0.085010,-0.036659,0.063237,-0.060235,-0.019653,-0.119860,0.086783,-0.071600,0.040775,0.006438,-0.103017,-0.099558,-0.020948,-0.103032,-0.009731,0.065196,-0.077529,-0.044264,-0.126029,0.004504,-0.063347,0.073452,0.067869,-0.060699,0.034452,-0.030163,0.075133,0.050333,0.019593,0.045415,-0.029862,-0.057701,-0.045103,-0.066601,-0.057740,-0.117123,-0.118551,-0.048074,0.085970,0.003188,-0.070145,0.059745,-0.033544,-0.120889,0.047991,-0.013575,0.048073,0.134387,-0.050289,-0.075273,-0.039395,-0.036528,0.032750,0.104458,0.011924,-0.131593,0.028398,0.010501,-0.041688,-0.005035,-0.075105,-0.005424,0.041132,-0.056249,0.045482,0.032115,0.000723,0.026359,0.074472,-0.039124,0.117231,0.048061,-0.066255,0.028120,-0.044353,-0.099156,0.076673,-0.022616,-0.034723,-0.024163,-0.090963,-0.059077,-0.029944,-0.039640,-0.008420,-0.010413,0.061105,-0.050561,0.030961,-0.077417,-0.038398,-0.039578,0.140965,0.056040,0.038142,0.064560,0.151092,0.012549,-0.039362,-0.150211
-0.040362,-0.023648,0.018293,-0.013892,-0.016740,0.039475,0.045245,0.047528,-0.020995,-0.073379,-0.038823,-0.035748,-0.053907,-0.073009,-0.022895,0.018979,-0.023651,0.056039,0.043405,0.060975,-0.007600,0.039853,0.022696,-0.007715,-0.113666,0.028038,0.084991,0.031071,-0.014639,0.059688,0.105351,0.062869,0.035330,-0.116252,0.086396,-0.063442,0.061067,0.051206,0.036437,-0.078748,0.048799,-0.032995,0.110289,-0.035315,-0.079455,0.031898,-0.074649,0.109264,-0.012802,-0.037848,-0.056124,-0.054964,0.046644,0.027331,-0.017868,-0.036927,0.095626,0.043588,0.042226,0.028396,0.051834,-0.005394,-0.040970,-0.071887,-0.014196,0.058881,0.028324,0.119801,-0.073975,0.036566,-0.007554,0.077593,-0.130673,-0.070702,0.019957,-0.080071,0.090070,0.022549,-0.004736,0.009527,0.010277,0.100676,0.112444,-0.105393,-0.014375,0.069136,0.147529,0.007772,0.010596,0.025930,0.009177,-0.059099,0.162464,0.022164,-0.002259,-0.018281,0.009681,-0.030822,0.036420,-0.011503,0.021059,-0.003594,0.055672,0.019898,-0.023823,-0.055736,0.083426,0.072518,-0.054816,-0.021013,-0.043725,-0.060103,0.017742,0.047402,-0.057315,0.124014,-0.092334,-0.018289,-0.085685,0.027955,-0.018842,0.098136,-0.034244,0.064913,-0.062983,-0.021587,-0.036641,0.019501,0.082638,0.052586,-0.009732,-0.062622,0.053420,0.007568,-0.056168,-0.029716,-0.007263,-0.046473,-0.082964,0.104137,0.047487,-0.063482,0.023108,-0.016247,-0.073475,-0.005998,0.069449,-0.051069,-0.016234,-0.025006,0.044352,0.049233,-0.051760,0.030549,0.068570,0.098342,-0.111566,-0.005489,0.056020,-0.007697,0.012572,-0.130975,0.105775,0.025760,0.004048,0.006996,-0.094210,-0.173241,0.072715,-0.093143,-0.091328,0.037789,0.010551,-0.018419,-0.102125,0.131743,-0.071775,0.011026,0.046311,0.041215,-0.029134,0.031884,0.065563,0.040742,0.046049,0.018826,0.006040,-0.028013,-0.037594,-0.057794,-0.025319,-0.023732,-0.111134,0.042555,0.010400,0.113638,-0.079235,0.068322,-0.037223,-0.058951,0.061890,0.033519,0.105196,0.085686,-0.063814,0.051309,-0.038907,-0.033446,0.070958,0.082259,-0.048332,-0.051655,0.025035,-0.019321,-0.050882,0.042170,-0.065655,-0.053963,0.041713,-0.041871,-0.012591,0.007323,-0.018882,-0.010586,-0.000371,-0.011911,0.080282,0.128171,-0.098920,0.042010,-0.030223,-0.081206,0.113375,0.069733,-0.048754,0.011894,0.045164,-0.041456,-0.050093,0.023998,0.013579,-0.019530,-0.002132,-0.049850,0.053994,0.003405,-0.015722,0.047641,0.105567,-0.000069,0.037062,0.012166,0.137658,0.000065,0.036904,-0.106922
0.011904,0.034977,0.053423,0.065311,-0.007877,-0.030638,0.017492,0.061727,-0.088260,-0.039901,-0.002653,-0.044676,-0.037186,-0.017276,0.052892,0.012490,0.026815,0.067099,0.085341,0.063989,-0.040658,0.055787,0.026662,0.015305,-0.087644,0.033773,0.091991,0.049640,0.051009,0.058425,0.035388,0.037096,-0.001200,-0.034906,0.106386,-0.076594,-0.007848,0.053636,-0.006144,-0.082401,0.040382,-0.117434,0.008410,-0.032348,-0.062966,0.031921,-0.063823,0.040791,-0.054343,0.056144,-0.051173,-0.083889,0.024357,0.060527,0.004495,-0.021442,0.064048,0.044376,0.001195,-0.026970,-0.010957,0.067117,-0.027076,-0.018932,-0.018811,0.065870,0.046789,0.125311,-0.166459,0.021006,-0.057371,0.073682,-0.136069,-0.089092,-0.085694,-0.009126,0.051182,0.075772,0.011204,-0.008493,0.031698,0.120124,0.066345,-0.055471,-0.058722,-0.000635,0.056115,-0.032148,-0.001436,0.057683,0.115147,-0.005273,0.174656,0.054441,0.013694,0.055739,-0.033617,-0.030744,0.035699,-0.024912,0.033076,0.038178,0.008980,0.000161,-0.038187,-0.000439,0.111055,0.038734,-0.017995,0.018120,0.028126,-0.008168,0.004186,0.025567,-0.028431,0.121813,-0.010538,-0.011878,-0.045427,0.034256,-0.070623,0.032448,-0.012821,0.021059,0.045193,-0.019941,-0.030123,0.033429,0.107552,0.042150,0.001864,-0.023814,0.121655,-0.008028,-0.069457,-0.055789,-0.012210,0.087758,-0.075417,0.084939,0.032839,-0.068718,0.042467,-0.010456,-0.057031,-0.008448,0.043377,-0.089958,0.042704,-0.079566,0.008797,0.041199,0.045274,0.062270,0.061167,0.064341,-0.089526,-0.054525,0.027504,-0.038247,0.005429,-0.090158,0.067088,0.016785,0.028243,-0.005834,-0.075269,-0.139695,0.044555,-0.035755,-0.035317,-0.023407,-0.054912,0.045372,-0.059323,0.067583,-0.096114,0.051284,0.068152,0.044451,0.003323,-0.037314,0.045306,0.074145,0.063221,0.033766,0.011952,0.001444,-0.092066,-0.091522,0.015318,-0.068245,-0.074915,-0.011709,0.009837,0.083529,-0.088233,0.048115,-0.068010,-0.085719,0.057675,-0.001894,0.127726,0.118143,-0.050620,0.078964,-0.030355,-0.053216,-0.032795,0.116088,-0.032045,-0.061230,0.005277,-0.097818,-0.079601,0.026194,-0.006645,-0.004783,0.037689,-0.092647,0.007562,-0.007892,-0.028509,-0.020776,0.029738,0.004471,0.094653,0.070626,-0.037185,0.024815,-0.056317,-0.126722,0.075036,0.043854,-0.012138,-0.019164,-0.055676,-0.067192,0.006360,0.100115,0.023689,0.052265,0.007735,-0.037966,0.080117,-0.044902,-0.076136,-0.029284,0.116955,-0.037179,0.052629,0.037110,0.121391,0.049132,0.023498,-0.110964
0.016618,0.070167,0.030145,-0.007993,0.069912,0.006602,0.042157,0.104388,0.024466,-0.044566,-0.042614,0.007854,0.010569,-0.060598,-0.000127,-0.059336,0.058121,0.060357,0.038502,0.019782,0.022568,0.012876,0.026229,-0.006728,-0.067318,0.052534,0.138035,-0.026174,-0.051777,0.021166,0.041186,0.010478,-0.020266,-0.126579,0.063573,-0.075671,0.022714,0.053434,0.072460,-0.091025,0.057914,-0.033909,0.097672,-0.062483,-0.077718,0.133747,-0.028546,0.064967,0.018421,0.030956,-0.010102,-0.036941,0.081986,0.062742,-0.026343,-0.019220,0.027733,-0.014060,-0.043453,-0.052366,0.065191,0.021317,-0.074252,0.020723,-0.007411,0.038096,0.056058,0.074247,-0.072625,-0.019755,-0.017410,0.045378,-0.076707,-0.017901,0.015202,-0.145642,0.026535,0.049001,0.045673,0.005906,-0.024538,-0.013898,0.118726,-0.141359,0.070527,0.031924,0.093381,0.069576,-0.019858,0.057883,0.034888,-0.019821,0.083916,0.010450,0.032047,0.000205,0.057573,-0.049169,-0.076672,0.010898,0.084213,-0.016535,0.024824,-0.035587,-0.071528,-0.051914,0.023939,0.049514,-0.057742,0.069904,-0.039356,0.006147,-0.032302,-0.017632,0.015095,0.149238,-0.027426,-0.005684,-0.054571,0.076993,-0.020653,0.093415,-0.035677,0.042571,-0.026011,0.026617,-0.013753,0.034435,0.047376,0.019930,0.011797,-0.044051,0.017159,-0.070502,-0.079304,-0.032146,-0.013249,-0.057689,0.038873,0.077008,0.009785,-0.125191,0.016728,-0.024458,-0.113744,0.060785,0.026154,0.002997,0.070391,0.037302,0.012072,-0.014990,-0.052437,0.041547,0.043184,0.060810,-0.042271,-0.010735,0.053815,-0.040318,0.017194,-0.101123,0.034363,0.049188,0.024406,-0.030225,-0.037301,-0.085400,-0.009823,-0.051054,-0.006212,0.000140,-0.038826,-0.067507,-0.107639,0.048070,-0.057844,0.031273,0.037432,0.022209,-0.023695,0.019338,0.055708,0.059287,-0.001612,0.059079,0.040782,0.046379,0.026119,-0.100941,-0.037838,-0.046431,-0.073539,0.013168,0.022608,0.005004,-0.078038,0.029856,-0.006871,-0.098607,0.055292,-0.029602,0.054949,0.088274,-0.011548,-0.022459,-0.035977,-0.030678,-0.026907,0.099351,0.016619,-0.042049,-0.014623,-0.005028,-0.011292,-0.037100,-0.001346,-0.022552,0.076290,-0.087228,0.001981,-0.050987,-0.019471,-0.046759,0.006451,-0.080744,0.025101,0.105724,-0.069462,0.053602,-0.086065,-0.046875,0.057743,0.056916,0.048804,0.018679,0.041735,-0.019234,-0.001937,0.064025,0.002010,-0.009945,0.000157,-0.019583,0.074226,-0.027433,-0.006849,0.065166,0.109782,-0.001608,0.005633,-0.026388,0.129683,0.021365,-0.026125,-0.061857
0.023315,0.013934,0.065607,0.036892,0.044248,0.057752,0.012630,0.090055,-0.002732,-0.022782,0.003028,-0.030985,0.073627,-0.074648,-0.038460,0.032958,0.021592,0.015684,-0.029834,0.084830,-0.022079,0.086465,0.073109,0.027419,-0.120551,0.055502,0.152709,0.024780,0.038436,-0.004935,0.047252,0.071524,-0.038382,-0.060876,0.134843,-0.077634,0.064249,0.106098,0.010159,-0.087908,0.020789,-0.024814,0.049424,-0.099100,-0.087854,0.113500,-0.067326,0.084670,-0.108290,0.014702,0.050663,-0.063169,-0.021119,0.076784,0.039749,-0.043994,0.050015,0.060437,0.044691,0.048357,0.001036,0.006393,-0.050659,-0.027698,-0.043145,0.095866,0.031434,0.083836,-0.061004,-0.026540,-0.088883,0.001494,-0.058261,-0.042493,-0.091603,-0.011157,0.105881,0.073443,0.040582,0.041366,-0.006390,0.066664,0.066011,-0.109719,-0.029975,0.079520,0.124537,0.022227,0.010268,0.025908,0.037697,-0.100576,0.126242,0.038910,0.049845,0.068441,0.047012,0.037511,-0.047623,0.015197,-0.046895,0.056443,-0.002082,-0.053393,-0.032137,-0.035993,0.115492,0.076850,-0.016726,-0.029888,0.071589,0.073576,0.059534,0.025876,-0.043023,0.103338,-0.065329,-0.011659,-0.016756,0.011282,-0.089801,-0.006571,-0.041610,0.041179,0.021024,-0.083899,0.014316,0.108431,0.031294,0.006854,-0.021820,-0.005359,0.052113,0.013936,-0.100051,-0.066408,0.000134,0.029398,-0.030854,0.047992,-0.011372,-0.037775,0.049392,-0.043030,-0.025928,0.014089,0.085171,-0.006408,-0.033838,-0.095328,0.006570,0.043032,0.038001,0.046760,0.042359,0.080096,-0.037025,0.020892,0.001904,0.005313,-0.075919,-0.123985,0.045570,0.003568,-0.084092,0.030628,-0.076721,-0.152629,-0.025616,-0.134979,-0.043028,-0.017391,0.008905,-0.031518,-0.092396,0.053327,-0.072581,-0.010242,0.005797,-0.016000,-0.013909,-0.029843,0.060215,-0.011877,0.016070,0.093004,0.036370,-0.026157,0.039201,-0.027604,-0.023737,-0.000272,-0.093567,0.028985,-0.021415,-0.012943,-0.040370,0.018100,0.016979,-0.026387,0.011988,-0.007635,0.033030,0.070662,0.043682,0.032542,-0.081891,0.020409,-0.020243,0.161102,-0.025501,-0.075057,0.031238,-0.105789,-0.063806,-0.007766,-0.048516,-0.051775,-0.027401,-0.080984,0.011497,0.039019,-0.036325,-0.052571,0.012602,-0.046048,0.068874,0.139615,0.002647,0.089577,0.014073,-0.028588,0.066143,0.079667,-0.048701,-0.001943,-0.036219,-0.044294,-0.001533,0.072676,0.031422,-0.016682,0.026278,0.002021,0.045854,0.035934,-0.053378,0.011182,0.103591,0.009035,0.078426,0.022637,0.124423,0.048756,-0.021929,-0.104867
-0.013915,0.044944,0.104073,0.032809,0.066817,-0.004760,0.050762,0.043709,0.020528,-0.019057,-0.061679,-0.012823,0.014136,-0.007022,0.017082,-0.041776,0.013451,0.067037,0.008579,0.023397,-0.066553,-0.013353,-0.013926,0.065599,-0.090461,0.085754,0.082000,-0.024635,-0.004760,-0.011975,0.040278,0.034622,-0.041229,-0.025372,0.101529,-0.025973,-0.031187,0.116739,0.042458,-0.112429,0.051261,-0.008229,0.047822,-0.048508,-0.027593,0.067837,-0.080422,0.013159,-0.080270,-0.001435,-0.087359,-0.051176,0.055581,0.054392,0.046988,-0.036977,-0.000286,-0.008978,0.035545,0.024530,0.016742,0.044514,-0.052591,-0.020156,-0.017254,0.025305,0.012226,0.039829,-0.074307,0.002096,-0.068224,0.026777,-0.101121,-0.015879,-0.044436,-0.099282,0.048292,0.066639,0.097416,0.010143,-0.051189,0.042513,0.115421,-0.093584,0.031880,0.021373,0.120748,0.017640,0.057774,0.020943,0.105581,-0.045195,0.120400,0.012107,0.032271,0.040228,0.042187,-0.035902,-0.000716,-0.015526,0.044042,0.043164,0.045125,-0.082344,-0.019953,-0.047397,0.085027,0.110876,-0.053334,-0.037918,0.053095,0.012790,-0.022718,-0.077501,-0.043247,0.064149,-0.108253,0.074270,-0.030428,0.016640,-0.059735,0.047637,-0.017461,0.064640,0.053699,-0.057110,-0.018629,0.040413,0.029983,0.020776,-0.028071,-0.033227,0.047224,-0.002627,-0.093356,-0.096054,-0.010772,-0.004647,-0.054657,0.062520,0.010102,-0.092590,0.048450,-0.070123,-0.057257,0.006955,0.037339,-0.041346,0.007674,-0.068958,0.007988,0.113787,0.040714,0.019532,0.121518,0.051316,-0.092869,0.033956,-0.041911,-0.009833,0.018727,-0.045487,0.089038,-0.006973,-0.023254,0.006737,-0.054974,-0.116929,-0.022323,-0.137890,-0.037663,0.000127,-0.058959,-0.020452,-0.115451,0.055883,-0.102453,0.078379,0.033093,0.022723,-0.019729,0.019224,0.047311,0.015970,0.018070,0.022582,0.074406,0.008565,-0.002865,-0.008749,0.017734,-0.101600,-0.105855,-0.017101,0.018114,0.063922,-0.047212,0.042029,-0.077009,-0.072862,0.011536,0.059507,0.068863,0.109999,-0.097179,-0.024312,-0.031823,-0.057673,0.039542,0.111550,-0.062293,-0.122172,0.016489,-0.043629,-0.009334,-0.019184,-0.055415,-0.020078,0.067233,-0.166705,0.038255,0.015229,0.054473,0.089299,0.060791,0.023158,0.137710,0.073113,-0.025382,0.087476,0.002587,-0.078016,0.091430,0.059672,-0.010779,0.010125,0.043952,-0.094348,-0.051370,0.067168,0.020255,0.011222,-0.055793,0.007224,0.011696,0.026856,-0.042064,0.003593,0.136403,0.063818,-0.010291,0.040430,0.132301,-0.031056,0.005084,-0.089381
